accommodates,bathrooms,bedrooms,beds,minimum_nights,maximum_nights,number_of_reviews,review_scores_rating,host_age_days,days_since_last_review,avg_review_score,accommodates_bedrooms,min_nights_reviews,season,distance_to_center_km,host_is_superhost,instant_bookable,host_has_profile_pic_binary,host_identity_verified_binary,Has_Wifi,Has_Kitchen,Has_Heating,Has_TV,Has_Essentials,Has_Hair_Dryer,Has_Iron,Has_Free_Parking,Has_Hangers,Has_Laptop_Friendly_Workspace,price
4,1.0,0.0,2.0,2,180,360,4.85,5696,0.0,4.872857142857144,0.0,720,2.0,4.050097835680613,t,f,1,1,0,0,0,0,0,0,0,0,0,0,136.0
2,1.0,1.0,1.0,90,1125,118,4.54,5625,2002.0,4.525714285714286,2.0,10620,0.0,2.6151836754781344,f,f,1,1,0,0,0,0,0,0,0,0,0,0,46.0
2,1.0,1.0,1.0,1,40,605,4.98,5621,0.0,4.971428571428572,2.0,605,2.0,3.719064532264184,t,f,1,1,0,0,0,0,0,0,0,0,0,0,187.0
2,1.0,1.0,1.0,90,360,131,4.56,5626,754.0,4.612857142857143,2.0,11790,2.0,0.6811445768443865,t,f,1,1,0,0,0,0,0,0,0,0,0,0,75.0
3,1.0,2.0,2.0,90,365,80,4.8,5608,297.0,4.8,6.0,7200,2.0,3.8452626330459245,f,f,1,1,0,0,0,0,0,0,0,0,0,0,90.0
1,1.0,1.0,1.0,90,125,416,4.73,5586,267.0,4.757142857142857,1.0,37440,3.0,7.352261547646316,t,f,1,1,0,0,0,0,0,0,0,0,0,0,75.0
2,1.0,1.0,1.0,90,125,237,4.75,5586,285.0,4.742857142857143,2.0,21330,3.0,7.273851410156287,t,f,1,1,0,0,0,0,0,0,0,0,0,0,122.0
6,1.0,2.0,3.0,90,365,17,5.0,4992,597.0,4.872857142857143,12.0,1530,3.0,4.335876393551338,f,f,1,1,0,0,0,0,0,0,0,0,0,0,220.0
2,1.0,1.0,2.0,90,360,49,4.76,5532,209.0,4.798571428571429,2.0,4410,3.0,0.3013413038597307,f,f,1,1,0,0,0,0,0,0,0,0,0,0,222.0
3,1.0,1.0,2.0,7,1125,166,4.98,5475,6.0,4.9628571428571435,3.0,1162,2.0,4.158484709666103,t,f,1,1,0,0,0,0,0,0,0,0,0,0,165.0
4,2.0,2.0,2.0,90,365,78,4.7,4785,900.0,4.718571428571429,8.0,7020,0.0,0.6038639189220338,t,f,1,1,0,0,0,0,0,0,0,0,0,0,217.0
2,1.0,1.0,1.0,2,1125,637,4.78,5463,15.0,4.838571428571428,2.0,1274,2.0,3.8547349574681746,t,f,1,1,0,0,0,0,0,0,0,0,0,0,145.0
3,1.0,1.0,2.0,90,365,35,4.77,5532,275.0,4.792857142857143,3.0,3150,3.0,0.3256676620947073,f,f,1,1,0,0,0,0,0,0,0,0,0,0,169.0
4,1.0,1.0,2.0,90,730,29,4.79,5232,65.0,4.867142857142857,4.0,2610,1.0,0.7835784736102321,t,f,1,1,0,0,0,0,0,0,0,0,0,0,120.0
2,1.0,1.0,1.0,90,120,275,4.88,5165,240.0,4.88,2.0,24750,3.0,0.45949707048660704,t,f,1,1,0,0,0,0,0,0,0,0,0,0,245.0
2,1.0,1.0,2.0,5,100,194,4.87,5628,23.0,4.882857142857143,2.0,970,2.0,2.5242859271122216,t,f,1,1,0,0,0,0,0,0,0,0,0,0,143.0
3,1.0,2.0,2.0,90,90,1,5.0,4985,3946.0,4.857142857142857,6.0,90,3.0,4.65375513914535,f,f,1,1,0,0,0,0,0,0,0,0,0,0,100.0
2,1.0,1.0,1.0,3,180,111,4.91,5375,15.0,4.885714285714286,2.0,333,2.0,1.259632864141119,t,f,1,1,0,0,0,0,0,0,0,0,0,0,301.0
7,1.0,2.0,4.0,90,400,24,5.0,4992,756.0,4.918571428571428,14.0,2160,1.0,4.287007313787883,f,f,1,1,0,0,0,0,0,0,0,0,0,0,149.0
2,1.0,1.0,1.0,90,1124,157,4.89,4884,55.0,4.880000000000001,2.0,14130,1.0,0.7865400510131929,t,f,1,1,0,0,0,0,0,0,0,0,0,0,182.0
2,1.0,2.0,1.0,90,1125,46,4.86,5008,1017.0,4.822857142857144,4.0,4140,3.0,0.7291893230728459,t,f,1,1,0,0,0,0,0,0,0,0,0,0,257.0
1,1.0,1.0,1.0,90,125,265,4.75,5586,251.0,4.788571428571429,1.0,23850,3.0,7.277366218456624,t,f,1,1,0,0,0,0,0,0,0,0,0,0,70.0
4,1.0,2.0,4.0,3,1125,194,4.85,4800,8.0,4.801428571428572,8.0,582,2.0,1.174739137220468,t,f,1,1,0,0,0,0,0,0,0,0,0,0,269.0
2,1.0,1.0,1.0,90,1125,56,4.69,5008,304.0,4.675714285714286,2.0,5040,2.0,8.91985703764339,t,f,1,1,0,0,0,0,0,0,0,0,0,0,171.0
2,1.0,1.0,1.0,2,1125,47,4.47,5008,295.0,4.472857142857142,2.0,94,3.0,8.810475623750872,t,f,1,1,0,0,0,0,0,0,0,0,0,0,171.0
4,1.0,2.0,2.0,2,30,37,4.68,4797,99.0,4.76,8.0,74,1.0,4.786169422324193,f,f,1,1,0,0,0,0,0,0,0,0,0,0,223.0
2,1.5,1.0,1.0,3,1125,245,4.86,4776,14.0,4.842857142857142,2.0,735,2.0,1.0907142511382875,t,f,1,1,0,0,0,0,0,0,0,0,0,0,395.0
3,1.0,1.0,3.0,91,365,170,4.91,4764,23.0,4.898571428571429,3.0,15470,2.0,0.2961530555955617,t,f,1,1,0,0,0,0,0,0,0,0,0,0,118.0
8,2.0,4.0,4.0,4,180,43,4.76,4763,198.0,4.772857142857142,32.0,172,0.0,4.861680970544651,t,f,1,1,0,0,0,0,0,0,0,0,0,0,550.0
4,1.0,1.0,1.0,30,1125,6,5.0,4758,39.0,4.761428571428572,4.0,180,1.0,0.6098665294540095,t,f,1,1,0,0,0,0,0,0,0,0,0,0,178.0
6,1.0,3.0,3.0,1,45,123,4.93,4741,28.0,4.8914285714285715,18.0,123,1.0,4.9760508984086895,t,f,1,0,0,0,0,0,0,0,0,0,0,0,500.0
2,1.0,1.0,1.0,90,1125,193,4.89,5163,967.0,4.897142857142858,2.0,17370,3.0,4.242813382348602,f,f,1,1,0,0,0,0,0,0,0,0,0,0,80.0
6,2.0,3.0,3.0,2,365,70,4.93,4699,190.0,4.898571428571429,18.0,140,0.0,1.0037932330588661,f,f,1,1,0,0,0,0,0,0,0,0,0,0,831.0
2,1.0,1.0,2.0,2,7,228,4.78,4697,10.0,4.822857142857143,2.0,456,2.0,4.707737700830892,t,f,1,1,0,0,0,0,0,0,0,0,0,0,328.0
4,2.0,2.0,3.0,90,1125,77,4.75,4726,145.0,4.795714285714285,8.0,6930,0.0,1.8303829231271764,f,f,1,1,0,0,0,0,0,0,0,0,0,0,148.0
1,1.0,1.0,1.0,90,190,22,4.73,4763,772.0,4.804285714285713,1.0,1980,1.0,5.0354106665885645,t,f,1,1,0,0,0,0,0,0,0,0,0,0,55.0
2,1.0,1.0,1.0,90,120,184,4.81,4683,166.0,4.811428571428571,2.0,16560,0.0,0.9391422361348071,t,f,1,1,0,0,0,0,0,0,0,0,0,0,117.0
2,1.0,1.0,1.0,91,120,99,4.78,4640,296.0,4.827142857142857,2.0,9009,3.0,1.1400858653365198,f,f,1,1,0,0,0,0,0,0,0,0,0,0,135.0
2,1.0,1.0,2.0,90,365,14,4.93,4627,24.0,4.9799999999999995,2.0,1260,1.0,5.096423428464695,f,f,1,1,0,0,0,0,0,0,0,0,0,0,153.0
2,1.0,0.0,1.0,30,1125,13,5.0,4758,89.0,4.822857142857144,0.0,390,1.0,0.4993250089121284,t,f,1,1,0,0,0,0,0,0,0,0,0,0,219.0
6,2.0,2.0,3.0,30,1125,13,4.77,4758,50.0,4.715714285714285,12.0,390,1.0,0.4993250089121284,t,f,1,1,0,0,0,0,0,0,0,0,0,0,224.0
2,1.0,1.0,1.0,90,1125,26,4.64,4582,53.0,4.771428571428571,2.0,2340,1.0,2.7422973449248293,t,f,1,1,0,0,0,0,0,0,0,0,0,0,116.0
5,1.5,2.0,2.0,5,30,36,4.75,4536,318.0,4.775714285714286,10.0,180,2.0,3.3614956802924585,f,f,1,1,0,0,0,0,0,0,0,0,0,0,375.0
1,1.0,1.0,1.0,2,365,2,5.0,4533,29.0,5.0,1.0,4,1.0,4.010253757484743,f,f,1,1,0,0,0,0,0,0,0,0,0,0,178.0
2,1.0,1.0,1.0,3,60,316,4.92,4530,7.0,4.920000000000001,2.0,948,2.0,6.061827437065955,t,f,1,1,0,0,0,0,0,0,0,0,0,0,150.0
2,1.0,,2.0,90,1125,10,4.2,5008,4285.0,4.297142857142857,,900,3.0,0.7063697406587969,t,f,1,1,0,0,0,0,0,0,0,0,0,0,455.0
2,1.0,1.0,1.0,1,125,189,4.87,4773,5.0,4.888571428571429,2.0,189,2.0,4.316915407253373,t,f,1,1,0,0,0,0,0,0,0,0,0,0,113.0
8,2.0,4.0,6.0,5,60,52,4.86,4487,92.0,4.845714285714286,32.0,260,1.0,3.7028674942994395,f,t,1,1,0,0,0,0,0,0,0,0,0,0,780.0
2,1.0,1.0,1.0,90,360,61,4.55,5626,907.0,4.595714285714286,2.0,5490,0.0,0.6906753445260222,t,f,1,1,0,0,0,0,0,0,0,0,0,0,75.0
4,1.0,2.0,2.0,3,1125,385,4.73,4429,31.0,4.795714285714285,8.0,1155,1.0,2.392790184409543,t,f,1,1,0,0,0,0,0,0,0,0,0,0,189.0
2,1.0,1.0,1.0,3,10,93,4.91,4423,190.0,4.921428571428572,2.0,279,0.0,5.452809443515759,t,f,1,1,0,0,0,0,0,0,0,0,0,0,150.0
4,2.0,2.0,2.0,5,1125,130,4.86,4402,295.0,4.87,8.0,650,3.0,5.186061981981069,f,f,1,1,0,0,0,0,0,0,0,0,0,0,199.0
5,1.5,3.0,3.0,7,26,16,4.75,5136,800.0,4.867142857142857,15.0,112,1.0,4.403493958805129,t,f,1,1,0,0,0,0,0,0,0,0,0,0,439.0
4,1.0,2.0,2.0,3,60,266,4.87,4394,18.0,4.890000000000001,8.0,798,2.0,4.116685601723618,t,f,1,1,0,0,0,0,0,0,0,0,0,0,222.0
6,2.5,3.0,3.0,90,1125,18,4.94,4866,295.0,4.948571428571428,18.0,1620,3.0,4.208327035875233,f,f,1,1,0,0,0,0,0,0,0,0,0,0,417.0
4,1.0,1.0,1.0,90,365,3,5.0,5008,2193.0,5.0,4.0,270,2.0,0.4003348565331873,t,f,1,1,0,0,0,0,0,0,0,0,0,0,389.0
4,1.0,1.0,2.0,1,30,678,4.88,5999,23.0,4.915714285714286,4.0,678,2.0,0.25559851543678463,t,f,1,1,0,0,0,0,0,0,0,0,0,0,321.0
4,1.0,0.0,3.0,1,89,215,4.87,4369,9.0,4.890000000000001,0.0,215,2.0,4.097051356424327,f,f,1,1,0,0,0,0,0,0,0,0,0,0,150.0
2,1.0,1.0,1.0,90,360,73,4.49,5626,25.0,4.651428571428572,2.0,6570,1.0,0.7243574509986025,t,f,1,1,0,0,0,0,0,0,0,0,0,0,75.0
2,1.0,1.0,1.0,3,150,216,4.9,4355,19.0,4.888571428571429,2.0,648,2.0,0.8083898712412921,,f,1,1,0,0,0,0,0,0,0,0,0,0,297.0
4,1.5,3.0,3.0,7,180,6,5.0,4976,16.0,4.881428571428572,12.0,42,2.0,4.168734473565791,f,f,1,0,0,0,0,0,0,0,0,0,0,0,153.0
2,1.0,1.0,1.0,4,1125,415,4.76,5695,20.0,4.837142857142857,2.0,1660,2.0,4.348819780293229,t,f,1,1,0,0,0,0,0,0,0,0,0,0,100.0
4,2.0,2.0,3.0,90,730,124,4.97,4300,1933.0,4.954285714285715,8.0,11160,1.0,0.665539217752416,f,f,1,1,0,0,0,0,0,0,0,0,0,0,175.0
4,1.0,2.0,2.0,3,14,379,4.67,4296,20.0,4.775714285714286,8.0,1137,2.0,3.8861005790549568,t,f,1,1,0,0,0,0,0,0,0,0,0,0,99.0
2,1.5,1.0,1.0,90,1125,7,5.0,4288,481.0,4.938571428571429,2.0,630,0.0,0.7960259187196708,f,f,1,0,0,0,0,0,0,0,0,0,0,0,342.0
2,1.0,1.0,3.0,1,90,15,5.0,3382,12.0,4.884285714285714,2.0,15,2.0,0.9284511466597651,t,f,1,1,0,0,0,0,0,0,0,0,0,0,309.0
4,1.0,2.0,2.0,2,60,398,4.92,4275,21.0,4.934285714285714,8.0,796,2.0,4.199094476354733,t,f,1,1,0,0,0,0,0,0,0,0,0,0,302.0
5,1.0,1.0,4.0,1,1125,198,4.84,4270,16.0,4.811428571428571,5.0,198,2.0,1.1731094518132485,t,t,1,1,0,0,0,0,0,0,0,0,0,0,210.0
2,1.0,1.0,1.0,2,1125,284,4.9,4248,39.0,4.914285714285714,2.0,568,1.0,2.5375789037254717,t,f,1,1,0,0,0,0,0,0,0,0,0,0,180.0
4,1.0,2.0,2.0,3,107,53,4.81,5040,37.0,4.784285714285715,8.0,159,1.0,2.3679760886634935,t,f,1,1,0,0,0,0,0,0,0,0,0,0,198.0
4,1.0,2.0,4.0,2,150,381,4.64,4213,6.0,4.762857142857143,8.0,762,2.0,3.863230363041307,t,f,1,1,0,0,0,0,0,0,0,0,0,0,110.0
8,3.0,4.0,4.0,5,1125,45,4.91,4259,198.0,4.912857142857143,32.0,225,0.0,3.7013773123186753,f,f,1,1,0,0,0,0,0,0,0,0,0,0,926.0
4,1.0,2.0,2.0,90,150,258,4.96,4869,475.0,4.958571428571429,8.0,23220,1.0,2.091704884729586,f,f,1,1,0,0,0,0,0,0,0,0,0,0,125.0
3,1.0,1.0,2.0,90,365,141,4.9,4248,252.0,4.885714285714286,3.0,12690,3.0,0.41917680250379313,t,f,1,1,0,0,0,0,0,0,0,0,0,0,118.0
4,1.0,1.0,2.0,90,1125,95,4.47,4355,633.0,4.601428571428571,4.0,8550,3.0,1.3861206104336603,f,f,1,1,0,0,0,0,0,0,0,0,0,0,110.0
2,1.0,1.0,2.0,90,540,49,4.76,5014,232.0,4.828571428571428,2.0,4410,3.0,2.576657298934804,t,f,1,1,0,0,0,0,0,0,0,0,0,0,111.0
2,1.0,1.0,1.0,2,30,158,4.81,4457,26.0,4.827142857142858,2.0,316,1.0,4.096096965205572,t,f,1,1,0,0,0,0,0,0,0,0,0,0,137.0
2,1.0,1.0,1.0,91,350,138,4.73,4170,56.0,4.808571428571428,2.0,12558,1.0,3.1846939311134514,t,t,1,1,0,0,0,0,0,0,0,0,0,0,200.0
3,1.0,2.0,2.0,180,365,142,4.94,4167,3218.0,4.950000000000001,6.0,25560,3.0,0.6220496794422089,f,f,1,1,0,0,0,0,0,0,0,0,0,0,201.0
4,1.0,2.0,3.0,28,1125,76,4.97,4164,23.0,4.982857142857143,8.0,2128,2.0,4.946547608003342,t,f,1,1,0,0,0,0,0,0,0,0,0,0,120.0
2,1.0,0.0,1.0,90,360,95,4.84,4140,2068.0,4.887142857142857,0.0,8550,3.0,0.19758830294083643,f,f,1,1,0,0,0,0,0,0,0,0,0,0,185.0
3,1.0,1.0,2.0,90,180,226,4.96,4175,20.0,4.945714285714287,3.0,20340,2.0,5.580354071047669,t,f,1,1,0,0,0,0,0,0,0,0,0,0,149.0
2,1.0,1.0,1.0,90,180,11,4.73,4277,683.0,4.801428571428572,2.0,990,2.0,1.0582802264102533,f,f,1,1,0,0,0,0,0,0,0,0,0,0,175.0
3,1.0,1.0,1.0,5,60,26,4.81,4772,275.0,4.869999999999999,3.0,130,3.0,2.716229698055034,f,f,1,1,0,0,0,0,0,0,0,0,0,0,357.0
4,1.0,2.0,2.0,4,730,52,4.75,5044,305.0,4.799999999999999,8.0,208,2.0,4.907014575099185,f,f,1,1,0,0,0,0,0,0,0,0,0,0,175.0
2,1.0,1.0,1.0,90,365,8,4.88,4582,602.0,4.93,2.0,720,3.0,2.679171749215725,t,f,1,1,0,0,0,0,0,0,0,0,0,0,80.0
2,1.0,1.0,2.0,2,1125,830,4.92,4101,2.0,4.9399999999999995,2.0,1660,2.0,3.3926447726411153,t,t,1,1,0,0,0,0,0,0,0,0,0,0,120.0
4,1.0,1.0,2.0,1,40,542,4.72,4093,9.0,4.7299999999999995,4.0,542,2.0,0.39829392976123584,f,t,1,1,0,0,0,0,0,0,0,0,0,0,249.0
2,1.0,1.0,1.0,90,1125,16,4.81,4090,309.0,4.864285714285714,2.0,1440,2.0,6.520209279014684,t,f,1,1,0,0,0,0,0,0,0,0,0,0,99.0
4,2.0,2.0,2.0,90,730,110,4.95,4150,60.0,4.944285714285714,8.0,9900,1.0,2.375068062017345,t,f,1,0,0,0,0,0,0,0,0,0,0,0,600.0
2,1.0,1.0,1.0,1,1125,116,4.47,4085,36.0,4.551428571428571,2.0,116,1.0,5.001744827422373,f,f,1,1,0,0,0,0,0,0,0,0,0,0,72.0
6,2.0,2.0,4.0,1,366,213,4.87,5655,64.0,4.851428571428571,12.0,213,1.0,0.5267601262783522,,f,1,1,0,0,0,0,0,0,0,0,0,0,530.0
2,1.0,0.0,1.0,2,90,530,4.95,4397,10.0,4.902857142857143,0.0,1060,2.0,1.2536769861162589,t,f,1,0,0,0,0,0,0,0,0,0,0,0,279.0
2,1.0,1.0,1.0,90,1125,103,4.64,4355,23.0,4.7057142857142855,2.0,9270,2.0,0.4405831815345246,f,f,1,1,0,0,0,0,0,0,0,0,0,0,100.0
2,1.0,1.0,1.0,2,20,487,4.82,4726,10.0,4.867142857142857,2.0,974,2.0,1.573723559741589,t,f,1,1,0,0,0,0,0,0,0,0,0,0,113.0
8,1.0,4.0,3.0,2,14,3,4.0,4083,3136.0,4.8100000000000005,32.0,6,3.0,4.420292805236493,f,f,1,1,0,0,0,0,0,0,0,0,0,0,722.0
4,1.0,1.0,1.0,90,1125,12,4.5,5782,671.0,4.548571428571429,4.0,1080,2.0,0.23635059680647513,f,f,1,1,0,0,0,0,0,0,0,0,0,0,146.0
3,1.0,1.0,1.0,1,1125,344,4.9,4216,4.0,4.897142857142858,3.0,344,2.0,4.884935903271993,t,f,1,1,0,0,0,0,0,0,0,0,0,0,180.0
4,1.0,2.0,2.0,1,365,75,4.79,4920,23.0,4.782857142857144,8.0,75,2.0,1.0999543960861113,t,f,1,1,0,0,0,0,0,0,0,0,0,0,250.0
4,1.5,2.0,2.0,90,180,24,4.96,4292,1007.0,4.93,8.0,2160,3.0,0.39778722314826265,f,f,1,1,0,0,0,0,0,0,0,0,0,0,400.0
2,1.0,1.0,1.0,28,365,58,4.62,4577,169.0,4.707142857142857,2.0,1624,0.0,7.392531843722836,t,f,1,1,0,0,0,0,0,0,0,0,0,0,50.0
2,1.0,1.0,1.0,90,180,55,4.87,4046,268.0,4.925714285714286,2.0,4950,3.0,3.858824392520387,f,f,1,1,0,0,0,0,0,0,0,0,0,0,120.0
2,1.0,1.0,1.0,3,70,177,4.95,5075,9.0,4.941428571428571,2.0,531,2.0,1.1943282209507222,t,f,1,1,0,0,0,0,0,0,0,0,0,0,180.0
6,2.0,2.0,3.0,30,1125,6,4.33,4758,35.0,4.427142857142856,12.0,180,1.0,0.4172232549572231,t,f,1,1,0,0,0,0,0,0,0,0,0,0,352.0
3,1.0,1.0,2.0,2,365,96,4.98,4011,5.0,4.957142857142856,3.0,192,2.0,5.351758767380374,t,f,1,1,0,0,0,0,0,0,0,0,0,0,158.0
5,2.5,2.0,3.0,90,700,0,4.89,4994,0.0,4.892857142857143,10.0,0,,2.8318908216905707,f,f,1,1,0,0,0,0,0,0,0,0,0,0,315.0
6,4.5,3.0,3.0,1,1125,165,4.79,3997,9.0,4.840000000000001,18.0,165,2.0,3.674561388501482,f,f,1,1,0,0,0,0,0,0,0,0,0,0,451.0
1,1.0,1.0,1.0,90,365,32,4.59,5122,73.0,4.781428571428571,1.0,2880,1.0,6.598506884905369,f,t,1,1,0,0,0,0,0,0,0,0,0,0,44.0
4,1.0,2.0,2.0,90,1125,12,4.42,5008,2447.0,4.538571428571429,8.0,1080,3.0,0.7077322450602451,t,f,1,1,0,0,0,0,0,0,0,0,0,0,455.0
10,3.0,5.0,5.0,1,1125,335,4.78,4057,14.0,4.778571428571429,50.0,335,2.0,5.155285143144078,f,f,1,0,0,0,0,0,0,0,0,0,0,0,900.0
2,1.0,1.0,1.0,90,360,25,4.2,5122,189.0,4.491428571428572,2.0,2250,0.0,6.787615420859555,f,f,1,1,0,0,0,0,0,0,0,0,0,0,91.0
9,2.0,5.0,6.0,2,700,89,4.75,4077,23.0,4.758571428571428,45.0,178,2.0,3.228200550762101,f,f,1,1,0,0,0,0,0,0,0,0,0,0,900.0
4,1.0,1.0,2.0,3,60,420,4.79,4396,6.0,4.859999999999999,4.0,1260,2.0,4.142595357091998,t,t,1,1,0,0,0,0,0,0,0,0,0,0,150.0
2,1.0,1.0,1.0,3,10,830,4.93,4012,15.0,4.945714285714286,2.0,2490,2.0,5.3602868474772265,t,f,1,1,0,0,0,0,0,0,0,0,0,0,90.0
4,2.0,2.0,2.0,90,730,0,4.89,3948,0.0,4.892857142857143,8.0,0,,3.861950222369251,f,f,1,1,0,0,0,0,0,0,0,0,0,0,395.0
4,2.0,2.0,3.0,2,365,319,4.96,5172,7.0,4.952857142857143,8.0,638,2.0,2.783926815708587,t,f,1,1,0,0,0,0,0,0,0,0,0,0,423.0
4,1.0,1.0,2.0,90,365,123,4.74,3922,37.0,4.74,4.0,11070,1.0,3.822753282657651,t,f,1,1,0,0,0,0,0,0,0,0,0,0,229.0
4,1.0,2.0,2.0,3,1125,36,4.97,3937,8.0,4.947142857142857,8.0,108,2.0,3.7521001308585062,f,f,1,1,0,0,0,0,0,0,0,0,0,0,315.0
4,1.0,2.0,2.0,90,1125,0,4.89,5584,0.0,4.892857142857143,8.0,0,,0.4808361974305459,f,f,1,0,0,0,0,0,0,0,0,0,0,0,546.0
2,1.0,1.0,1.0,3,90,132,4.86,4500,123.0,4.842857142857143,2.0,396,0.0,3.895893158435239,t,t,1,1,0,0,0,0,0,0,0,0,0,0,218.0
2,1.0,1.0,1.0,90,1125,35,4.57,5008,672.0,4.55,2.0,3150,2.0,8.840273302081217,t,f,1,1,0,0,0,0,0,0,0,0,0,0,207.0
2,1.0,1.0,1.0,90,730,69,4.86,4485,24.0,4.867142857142857,2.0,6210,1.0,0.32362869416059775,t,f,1,1,0,0,0,0,0,0,0,0,0,0,187.0
3,1.0,1.0,2.0,90,180,524,4.86,3263,139.0,4.802857142857143,3.0,47160,0.0,1.030458252212054,f,f,1,1,0,0,0,0,0,0,0,0,0,0,150.0
2,1.0,1.0,1.0,3,1125,115,4.9,3902,8.0,4.857142857142857,2.0,345,2.0,5.316880224894761,t,f,1,1,0,0,0,0,0,0,0,0,0,0,119.0
1,1.0,0.0,1.0,90,730,102,4.59,4522,281.0,4.717142857142856,0.0,9180,3.0,0.7021444439441357,f,f,1,1,0,0,0,0,0,0,0,0,0,0,71.0
2,1.0,1.0,1.0,4,180,354,4.82,2555,23.0,4.875714285714286,2.0,1416,2.0,8.175427459313369,f,f,1,1,0,0,0,0,0,0,0,0,0,0,87.0
4,1.0,2.0,2.0,90,1125,44,4.91,5008,2311.0,4.808571428571428,8.0,3960,0.0,2.3895822296964404,f,f,1,1,0,0,0,0,0,0,0,0,0,0,84.0
6,1.0,2.0,4.0,2,60,379,4.78,3861,8.0,4.8500000000000005,12.0,758,2.0,6.145953385916432,t,f,1,1,0,0,0,0,0,0,0,0,0,0,214.0
4,1.0,1.0,2.0,4,1123,267,4.75,3855,30.0,4.827142857142857,4.0,1068,1.0,3.3153757577580114,t,f,1,1,0,0,0,0,0,0,0,0,0,0,173.0
6,1.5,3.0,3.0,90,1125,83,4.88,4074,162.0,4.855714285714286,18.0,7470,0.0,5.092019616824265,f,f,1,1,0,0,0,0,0,0,0,0,0,0,242.0
4,1.0,1.0,1.0,6,1125,3,4.67,3970,1774.0,4.8585714285714285,4.0,18,2.0,0.4169351674049722,f,f,1,1,0,0,0,0,0,0,0,0,0,0,367.0
2,1.5,2.0,2.0,4,23,225,4.97,5734,12.0,4.94,4.0,900,2.0,1.2188527277316106,t,f,1,1,0,0,0,0,0,0,0,0,0,0,490.0
2,1.0,1.0,1.0,90,250,161,4.91,3834,36.0,4.911428571428571,2.0,14490,1.0,5.410814823649402,t,f,1,1,0,0,0,0,0,0,0,0,0,0,90.0
2,1.0,1.0,1.0,3,7,595,4.92,3820,10.0,4.935714285714285,2.0,1785,2.0,3.6523353460856485,t,f,1,1,0,0,0,0,0,0,0,0,0,0,130.0
2,1.0,1.0,1.0,90,365,20,4.95,3910,160.0,4.96,2.0,1800,0.0,0.8781457217965506,t,f,1,1,0,0,0,0,0,0,0,0,0,0,135.0
2,1.0,1.0,1.0,90,1125,14,4.79,4582,55.0,4.8585714285714285,2.0,1260,1.0,2.6677594217863287,t,f,1,1,0,0,0,0,0,0,0,0,0,0,80.0
3,1.0,2.0,2.0,2,1125,357,4.42,3769,14.0,4.484285714285714,6.0,714,2.0,1.0592708597672795,f,f,1,1,0,0,0,0,0,0,0,0,0,0,257.0
3,1.0,2.0,2.0,90,600,75,4.85,3854,181.0,4.859999999999999,6.0,6750,0.0,0.2466206482632075,t,f,1,1,0,0,0,0,0,0,0,0,0,0,196.0
2,1.0,1.0,1.0,2,21,1083,4.92,3756,20.0,4.932857142857143,2.0,2166,2.0,4.603822424475791,t,f,1,1,0,0,0,0,0,0,0,0,0,0,128.0
2,1.0,0.0,1.0,90,1125,46,5.0,4518,184.0,4.944285714285714,0.0,4140,0.0,0.4878547233472295,t,f,1,1,0,0,0,0,0,0,0,0,0,0,180.0
4,1.0,2.0,2.0,2,30,330,4.95,3748,16.0,4.948571428571428,8.0,660,2.0,4.186197105382681,t,f,1,1,0,0,0,0,0,0,0,0,0,0,257.0
4,1.0,2.0,2.0,3,1125,298,4.83,4649,8.0,4.887142857142857,8.0,894,2.0,3.708926916069204,t,f,1,1,0,0,0,0,0,0,0,0,0,0,170.0
4,1.0,1.0,2.0,90,365,140,4.79,3922,51.0,4.748571428571429,4.0,12600,1.0,3.8446287351094752,t,f,1,1,0,0,0,0,0,0,0,0,0,0,364.0
2,1.0,0.0,1.0,3,27,406,4.91,4362,9.0,4.897142857142858,0.0,1218,2.0,6.537113232934367,t,t,1,1,0,0,0,0,0,0,0,0,0,0,209.0
2,1.0,1.0,1.0,90,730,32,4.91,4029,178.0,4.858571428571429,2.0,2880,0.0,0.9623513627887926,t,f,1,1,0,0,0,0,0,0,0,0,0,0,170.0
5,1.0,2.0,2.0,2,1125,467,4.94,4894,9.0,4.954285714285715,10.0,934,2.0,4.067795042022971,t,f,1,1,0,0,0,0,0,0,0,0,0,0,184.0
2,1.0,1.0,1.0,90,365,5,5.0,3910,175.0,5.0,2.0,450,0.0,0.9687317135020045,t,f,1,1,0,0,0,0,0,0,0,0,0,0,135.0
8,4.0,4.0,4.0,3,35,41,5.0,4861,197.0,4.951428571428571,32.0,123,0.0,5.573983844151823,f,f,1,1,0,0,0,0,0,0,0,0,0,0,1350.0
6,2.5,3.0,3.0,14,95,27,4.93,4612,1350.0,4.871428571428572,18.0,378,3.0,4.572351065327662,f,f,1,1,0,0,0,0,0,0,0,0,0,0,1500.0
4,1.0,2.0,2.0,90,1125,41,4.5,2922,168.0,4.642857142857143,8.0,3690,0.0,4.006328025504574,f,f,1,1,0,0,0,0,0,0,0,0,0,0,180.0
2,1.0,1.0,1.0,2,1125,17,4.88,4379,5.0,4.905714285714285,2.0,34,2.0,0.3835305515440461,f,f,1,1,0,0,0,0,0,0,0,0,0,0,206.0
2,1.0,1.0,1.0,5,180,111,4.82,3998,23.0,4.847142857142858,2.0,555,2.0,6.215874400970247,t,f,1,1,0,0,0,0,0,0,0,0,0,0,82.0
10,2.5,4.0,4.0,3,1125,103,4.9,3905,6.0,4.898571428571429,40.0,309,2.0,3.1812597413581116,t,t,1,1,0,0,0,0,0,0,0,0,0,0,695.0
2,1.0,2.0,1.0,90,1125,90,4.91,3713,77.0,4.9471428571428575,4.0,8100,1.0,3.65622299394422,t,f,1,1,0,0,0,0,0,0,0,0,0,0,145.0
2,1.0,1.0,1.0,90,365,21,4.48,5122,143.0,4.532857142857142,2.0,1890,0.0,6.727079583384539,f,t,1,1,0,0,0,0,0,0,0,0,0,0,70.0
4,1.5,2.0,2.0,90,1125,66,4.95,3677,249.0,4.897142857142858,8.0,5940,3.0,6.682029629730831,t,f,1,1,0,0,0,0,0,0,0,0,0,0,250.0
4,2.0,2.0,2.0,90,365,282,4.87,5388,113.0,4.835714285714286,8.0,25380,1.0,0.9632798649101764,t,f,1,1,0,0,0,0,0,0,0,0,0,0,85.0
2,1.0,1.0,1.0,95,730,8,5.0,3674,296.0,4.927142857142857,2.0,760,3.0,0.9230591929482895,t,f,1,1,0,0,0,0,0,0,0,0,0,0,139.0
6,2.5,3.0,3.0,5,35,64,4.95,3671,195.0,4.957142857142857,18.0,320,0.0,4.523997921629259,f,f,1,1,0,0,0,0,0,0,0,0,0,0,585.0
4,2.0,2.0,2.0,90,1000,45,4.73,3660,1341.0,4.777142857142857,8.0,4050,3.0,2.2675289925268602,f,f,1,1,0,0,0,0,0,0,0,0,0,0,120.0
2,1.0,0.0,1.0,7,45,274,4.87,5198,13.0,4.8914285714285715,0.0,1918,2.0,4.227203505843517,t,f,1,1,0,0,0,0,0,0,0,0,0,0,118.0
3,1.0,0.0,1.0,28,28,76,4.92,3654,5.0,4.93,0.0,2128,2.0,6.366239160866313,t,f,1,1,0,0,0,0,0,0,0,0,0,0,82.0
3,1.0,2.0,2.0,3,59,356,4.92,4305,20.0,4.909999999999999,6.0,1068,2.0,2.0868712829097427,t,f,1,1,0,0,0,0,0,0,0,0,0,0,325.0
4,2.0,2.0,2.0,399,399,0,4.89,5450,0.0,4.892857142857143,8.0,0,,0.5428267445208089,f,f,1,0,0,0,0,0,0,0,0,0,0,0,256.0
2,1.0,1.0,1.0,3,120,179,4.92,3646,24.0,4.887142857142857,2.0,537,1.0,2.118432775302697,t,f,1,0,0,0,0,0,0,0,0,0,0,0,172.0
6,1.5,2.0,3.0,30,1100,182,4.9,3919,11.0,4.872857142857143,12.0,5460,2.0,5.460944991084713,t,f,1,1,0,0,0,0,0,0,0,0,0,0,309.0
2,1.5,1.0,1.0,5,180,25,4.8,3644,196.0,4.808571428571428,2.0,125,0.0,5.322028834023956,t,f,1,1,0,0,0,0,0,0,0,0,0,0,190.0
2,1.0,0.0,2.0,2,30,32,4.91,3641,9.0,4.818571428571429,0.0,64,2.0,0.9819169716654367,t,f,0,1,0,0,0,0,0,0,0,0,0,0,234.0
4,1.0,2.0,2.0,90,1125,71,4.83,3677,280.0,4.855714285714286,8.0,6390,3.0,6.8024556239661305,t,f,1,1,0,0,0,0,0,0,0,0,0,0,220.0
3,1.0,1.0,1.0,90,1125,80,4.88,3973,367.0,4.862857142857144,3.0,7200,2.0,6.734900203747232,f,f,1,1,0,0,0,0,0,0,0,0,0,0,134.0
2,1.0,1.0,1.0,1,180,241,4.91,3868,4.0,4.895714285714285,2.0,241,2.0,1.7243238602030886,t,f,1,1,0,0,0,0,0,0,0,0,0,0,139.0
3,1.0,1.0,2.0,1,100,91,4.97,4064,22.0,4.941428571428572,3.0,91,2.0,6.702966564153952,t,f,1,1,0,0,0,0,0,0,0,0,0,0,256.0
2,1.0,1.0,1.0,2,30,261,4.82,3955,16.0,4.861428571428571,2.0,522,2.0,4.395581736716286,t,f,1,1,0,0,0,0,0,0,0,0,0,0,143.0
3,1.0,1.0,1.0,3,360,102,4.6,3611,24.0,4.698571428571428,3.0,306,1.0,5.295782296692943,f,t,1,0,0,0,0,0,0,0,0,0,0,0,106.0
2,1.0,1.0,1.0,3,360,138,4.73,3611,9.0,4.787142857142858,2.0,414,2.0,5.315445377496891,f,t,1,0,0,0,0,0,0,0,0,0,0,0,112.0
2,1.0,1.0,1.0,3,14,93,4.94,3607,31.0,4.935714285714286,2.0,279,1.0,6.69839441530208,t,f,1,1,0,0,0,0,0,0,0,0,0,0,190.0
3,1.0,1.0,1.0,3,365,115,4.67,3611,38.0,4.738571428571428,3.0,345,1.0,5.392383262944866,f,t,1,0,0,0,0,0,0,0,0,0,0,0,134.0
2,1.0,1.0,1.0,2,31,197,4.9,3884,21.0,4.928571428571429,2.0,394,2.0,3.510572419105973,t,f,1,1,0,0,0,0,0,0,0,0,0,0,117.0
2,1.0,1.0,1.0,1,1125,244,4.82,3597,9.0,4.83142857142857,2.0,244,2.0,0.9642741449024591,t,f,1,1,0,0,0,0,0,0,0,0,0,0,320.0
2,1.0,1.0,1.0,3,60,28,4.86,3612,25.0,4.868571428571428,2.0,84,1.0,3.756526327822989,f,f,1,1,0,0,0,0,0,0,0,0,0,0,97.0
1,1.0,1.0,1.0,90,1125,63,4.68,3592,66.0,4.771428571428571,1.0,5670,1.0,7.75578167783256,t,f,1,0,0,0,0,0,0,0,0,0,0,0,44.0
2,1.0,1.0,1.0,3,31,259,4.9,4067,18.0,4.811428571428571,2.0,777,2.0,2.096364338533113,t,f,1,1,0,0,0,0,0,0,0,0,0,0,201.0
2,1.0,1.0,1.0,90,380,62,4.84,3595,54.0,4.83142857142857,2.0,5580,1.0,7.220513129050191,f,f,1,1,0,0,0,0,0,0,0,0,0,0,27.0
1,1.0,1.0,1.0,90,1125,71,4.66,3592,53.0,4.779999999999999,1.0,6390,1.0,7.763395075893849,t,f,1,0,0,0,0,0,0,0,0,0,0,0,44.0
2,1.0,1.0,1.0,90,1125,66,4.83,3592,128.0,4.874285714285714,2.0,5940,0.0,7.781927184142077,t,f,1,0,0,0,0,0,0,0,0,0,0,0,58.0
2,1.0,1.0,1.0,90,1125,59,4.66,3592,216.0,4.785714285714286,2.0,5310,3.0,7.852855921210161,t,f,1,0,0,0,0,0,0,0,0,0,0,0,58.0
1,1.0,1.0,1.0,90,1125,37,4.76,3592,755.0,4.848571428571428,1.0,3330,1.0,7.9739127345008205,t,f,1,0,0,0,0,0,0,0,0,0,0,0,49.0
6,1.0,2.0,3.0,90,1125,101,4.82,3592,1060.0,4.865714285714286,12.0,9090,2.0,7.783997041778556,t,f,1,0,0,0,0,0,0,0,0,0,0,0,148.0
4,1.0,1.0,2.0,1,120,87,4.83,3584,9.0,4.807142857142857,4.0,87,2.0,0.3919782787313048,t,f,1,1,0,0,0,0,0,0,0,0,0,0,240.0
1,1.5,1.0,1.0,90,180,62,4.94,3581,115.0,4.8914285714285715,1.0,5580,1.0,5.034527297409327,t,f,1,0,0,0,0,0,0,0,0,0,0,0,52.0
4,1.0,2.0,2.0,90,365,36,4.97,3910,128.0,4.922857142857143,8.0,3240,0.0,0.9389120363480317,t,f,1,1,0,0,0,0,0,0,0,0,0,0,160.0
2,1.0,1.0,1.0,2,10,414,4.99,3564,9.0,4.972857142857143,2.0,828,2.0,4.913049389368152,t,f,1,1,0,0,0,0,0,0,0,0,0,0,140.0
2,1.0,0.0,1.0,2,27,618,4.93,3557,15.0,4.910000000000001,0.0,1236,2.0,1.9150418392277797,t,f,1,1,0,0,0,0,0,0,0,0,0,0,215.0
4,1.0,2.0,2.0,90,270,103,4.89,3557,85.0,4.8585714285714285,8.0,9270,1.0,1.0984129415239308,t,f,1,1,0,0,0,0,0,0,0,0,0,0,191.0
4,1.0,1.0,1.0,3,40,165,4.97,3999,12.0,4.9471428571428575,4.0,495,2.0,2.6750090342450794,t,f,1,1,0,0,0,0,0,0,0,0,0,0,190.0
3,1.0,1.0,1.0,90,1125,109,4.82,4194,54.0,4.76,3.0,9810,1.0,3.7436366021141354,t,f,1,1,0,0,0,0,0,0,0,0,0,0,130.0
2,1.0,1.0,2.0,90,365,31,4.9,4887,304.0,4.937142857142858,2.0,2790,2.0,3.1317532721673724,t,f,1,1,0,0,0,0,0,0,0,0,0,0,75.0
5,1.0,2.0,3.0,5,1125,190,4.91,3539,9.0,4.9157142857142855,10.0,950,2.0,6.274480685087947,t,f,1,1,0,0,0,0,0,0,0,0,0,0,211.0
4,1.0,2.0,2.0,3,60,353,4.82,3814,22.0,4.86,8.0,1059,2.0,3.3456568481606337,f,f,1,1,0,0,0,0,0,0,0,0,0,0,180.0
2,1.5,1.0,3.0,5,30,142,4.97,3974,31.0,4.958571428571429,2.0,710,1.0,6.887036625667812,t,f,1,1,0,0,0,0,0,0,0,0,0,0,86.0
2,1.0,1.0,1.0,90,730,17,4.82,4584,24.0,4.721428571428572,2.0,1530,1.0,1.4673496096183751,f,f,1,1,0,0,0,0,0,0,0,0,0,0,97.0
1,1.0,1.0,1.0,186,365,0,4.89,3519,0.0,4.892857142857143,1.0,0,,5.220254241626789,f,f,1,1,0,0,0,0,0,0,0,0,0,0,68.0
3,1.0,2.0,2.0,90,500,42,4.95,3854,633.0,4.888571428571429,6.0,3780,3.0,0.18560784450594692,t,f,1,1,0,0,0,0,0,0,0,0,0,0,160.0
2,1.5,1.0,1.0,3,1125,18,5.0,3997,107.0,4.974285714285714,2.0,54,1.0,3.7794703103959026,f,f,1,1,0,0,0,0,0,0,0,0,0,0,328.0
2,0.0,1.0,1.0,2,1125,16,4.63,5033,198.0,4.68,2.0,32,0.0,2.3367917806737055,f,f,1,1,0,0,0,0,0,0,0,0,0,0,124.0
2,1.0,1.0,1.0,4,90,138,4.83,4278,20.0,4.8500000000000005,2.0,552,2.0,4.024600251827374,t,f,1,1,0,0,0,0,0,0,0,0,0,0,206.0
2,1.0,1.0,1.0,180,365,52,4.94,3969,69.0,4.934285714285715,2.0,9360,1.0,0.8584850788050894,t,f,1,1,0,0,0,0,0,0,0,0,0,0,276.0
2,1.0,1.0,1.0,2,365,89,4.98,3486,13.0,4.958571428571429,2.0,178,2.0,5.179380243241125,t,f,1,1,0,0,0,0,0,0,0,0,0,0,115.0
4,2.5,2.0,2.0,2,1125,28,4.93,3997,19.0,4.912857142857143,8.0,56,2.0,3.7652788212517434,f,f,1,1,0,0,0,0,0,0,0,0,0,0,365.0
2,1.0,0.0,1.0,2,4,362,4.88,4462,11.0,4.9071428571428575,0.0,724,2.0,1.1940633229044455,t,f,1,1,0,0,0,0,0,0,0,0,0,0,223.0
2,1.0,1.0,1.0,90,730,96,4.46,3689,42.0,4.534285714285715,2.0,8640,1.0,1.0310239080843415,t,f,1,1,0,0,0,0,0,0,0,0,0,0,100.0
6,2.0,2.0,3.0,90,730,69,4.96,4289,262.0,4.932857142857143,12.0,6210,3.0,0.21101074660316704,t,f,1,1,0,0,0,0,0,0,0,0,0,0,485.0
4,1.0,2.0,2.0,90,180,24,4.96,3425,53.0,4.965714285714286,8.0,2160,1.0,5.472454403729795,t,f,1,1,0,0,0,0,0,0,0,0,0,0,150.0
3,1.0,1.0,2.0,3,730,210,4.89,3437,28.0,4.817142857142857,3.0,630,1.0,0.9725684312623593,t,f,1,1,0,0,0,0,0,0,0,0,0,0,213.0
4,1.0,1.0,2.0,3,30,274,4.86,3419,23.0,4.898571428571429,4.0,822,2.0,0.6080862008548259,t,f,1,1,0,0,0,0,0,0,0,0,0,0,315.0
6,1.0,2.0,3.0,90,90,173,4.72,3628,277.0,4.817142857142857,12.0,15570,3.0,5.215945528929329,f,f,1,1,0,0,0,0,0,0,0,0,0,0,119.0
4,1.0,1.0,2.0,365,365,31,4.97,4449,2499.0,4.93,4.0,11315,2.0,1.962887961838675,f,f,1,1,0,0,0,0,0,0,0,0,0,0,135.0
1,1.0,1.0,1.0,90,730,54,4.83,3663,24.0,4.801428571428572,1.0,4860,1.0,7.142740744955558,t,f,1,1,0,0,0,0,0,0,0,0,0,0,40.0
6,2.0,2.0,5.0,90,365,153,4.82,3922,72.0,4.8185714285714285,12.0,13770,1.0,3.8155255989686654,t,f,1,1,0,0,0,0,0,0,0,0,0,0,420.0
6,1.0,2.0,4.0,3,180,28,4.68,3400,2118.0,4.777142857142857,12.0,84,3.0,5.092958025326477,f,f,1,1,0,0,0,0,0,0,0,0,0,0,180.0
2,1.0,0.0,1.0,90,90,36,4.81,3781,4.0,4.8342857142857145,0.0,3240,2.0,0.4047486197905334,f,f,1,1,0,0,0,0,0,0,0,0,0,0,239.0
6,1.0,3.0,4.0,5,730,28,4.75,4767,309.0,4.805714285714286,18.0,140,2.0,4.549287076503996,f,t,1,1,0,0,0,0,0,0,0,0,0,0,452.0
6,1.5,3.0,3.0,3,21,166,4.95,4080,23.0,4.930000000000001,18.0,498,2.0,2.4743609918026785,t,f,1,1,0,0,0,0,0,0,0,0,0,0,508.0
4,1.0,2.0,2.0,5,28,197,4.99,4248,24.0,4.9799999999999995,8.0,985,1.0,4.427407020542582,t,f,1,1,0,0,0,0,0,0,0,0,0,0,350.0
2,1.0,1.0,2.0,90,1125,15,4.4,4085,55.0,4.448571428571428,2.0,1350,1.0,2.8352783797406396,f,f,1,1,0,0,0,0,0,0,0,0,0,0,72.0
2,1.0,0.0,2.0,3,60,296,4.94,3882,10.0,4.910000000000001,0.0,888,2.0,5.605831211475062,t,f,1,1,0,0,0,0,0,0,0,0,0,0,105.0
1,1.0,1.0,1.0,90,730,15,4.8,3388,54.0,4.771428571428571,1.0,1350,1.0,5.695260573071319,t,f,1,1,0,0,0,0,0,0,0,0,0,0,50.0
6,2.0,3.0,3.0,3,1125,167,4.95,3424,14.0,4.925714285714286,18.0,501,2.0,4.177419305581747,f,f,1,1,0,0,0,0,0,0,0,0,0,0,767.0
5,1.0,2.0,3.0,2,1125,212,4.9,3435,6.0,4.922857142857143,10.0,424,2.0,4.931688130257925,t,f,1,1,0,0,0,0,0,0,0,0,0,0,194.0
2,1.0,0.0,1.0,90,365,50,4.82,3369,73.0,4.845714285714286,0.0,4500,1.0,1.2155911778013786,t,f,1,1,0,0,0,0,0,0,0,0,0,0,99.0
2,1.0,1.0,1.0,5,1125,262,4.92,3645,25.0,4.925714285714286,2.0,1310,1.0,6.39464934685406,t,t,1,1,0,0,0,0,0,0,0,0,0,0,254.0
4,1.0,2.0,2.0,90,1124,46,4.89,4574,99.0,4.904285714285715,8.0,4140,1.0,0.4267932589352419,,f,1,1,0,0,0,0,0,0,0,0,0,0,175.0
4,1.0,2.0,3.0,90,365,213,4.74,4717,196.0,4.752857142857143,8.0,19170,0.0,4.479202472184639,f,f,1,1,0,0,0,0,0,0,0,0,0,0,150.0
5,2.0,2.0,3.0,2,90,290,4.92,3349,9.0,4.892857142857143,10.0,580,2.0,5.77080965066887,t,f,1,1,0,0,0,0,0,0,0,0,0,0,214.0
5,2.0,2.0,3.0,2,1125,279,4.69,5056,20.0,4.775714285714286,10.0,558,2.0,0.56064444571733,f,f,1,1,0,0,0,0,0,0,0,0,0,0,457.0
4,2.0,2.0,2.0,90,90,0,4.89,3348,0.0,4.892857142857143,8.0,0,,0.40718279747364694,f,f,1,1,0,0,0,0,0,0,0,0,0,0,300.0
11,3.0,5.0,6.0,2,350,72,4.82,3054,198.0,4.85,55.0,144,0.0,4.247384125305158,t,t,1,1,0,0,0,0,0,0,0,0,0,0,2850.0
6,2.5,3.0,4.0,5,28,35,4.97,3902,22.0,4.927142857142857,18.0,175,2.0,4.110685177457122,t,f,1,1,0,0,0,0,0,0,0,0,0,0,289.0
4,1.0,1.0,2.0,1,30,507,4.86,4121,23.0,4.902857142857143,4.0,507,2.0,3.4213685275240984,t,t,1,1,0,0,0,0,0,0,0,0,0,0,234.0
4,2.0,2.0,2.0,3,35,45,4.93,3446,16.0,4.9557142857142855,8.0,135,2.0,3.7414824499362638,t,f,1,1,0,0,0,0,0,0,0,0,0,0,311.0
2,1.0,1.0,1.0,3,30,62,4.85,3962,42.0,4.857142857142857,2.0,186,1.0,7.6493075287454,t,f,1,1,0,0,0,0,0,0,0,0,0,0,105.0
2,1.0,1.0,1.0,90,700,28,4.96,3854,206.0,4.937142857142858,2.0,2520,3.0,0.6256796264530462,t,f,1,1,0,0,0,0,0,0,0,0,0,0,150.0
6,2.0,3.0,4.0,90,1125,18,4.94,3739,261.0,4.892857142857143,18.0,1620,3.0,3.6114962951325245,t,f,1,1,0,0,0,0,0,0,0,0,0,0,176.0
2,1.0,1.0,2.0,1,3,26,4.73,3309,26.0,4.859999999999999,2.0,26,1.0,4.738715271937497,t,f,1,1,0,0,0,0,0,0,0,0,0,0,140.0
4,2.0,2.0,3.0,6,29,111,4.88,3305,24.0,4.8914285714285715,8.0,666,1.0,5.549723122958919,t,f,1,1,0,0,0,0,0,0,0,0,0,0,288.0
4,1.0,1.0,2.0,2,7,365,4.84,4890,8.0,4.872857142857143,4.0,730,2.0,5.384025712066257,f,f,1,1,0,0,0,0,0,0,0,0,0,0,109.0
4,1.0,1.0,2.0,1,1125,405,4.88,3300,9.0,4.92,4.0,405,2.0,4.222079896738727,t,f,1,1,0,0,0,0,0,0,0,0,0,0,169.0
5,1.5,3.0,4.0,90,365,48,4.83,5345,911.0,4.894285714285714,15.0,4320,0.0,6.215090029658273,f,f,1,1,0,0,0,0,0,0,0,0,0,0,182.0
4,1.0,1.0,2.0,3,45,159,4.91,3310,25.0,4.915714285714286,4.0,477,1.0,5.977307656931252,t,t,1,1,0,0,0,0,0,0,0,0,0,0,146.0
2,1.0,1.0,1.0,2,14,254,4.94,3659,8.0,4.8914285714285715,2.0,508,2.0,0.8529793977872555,t,f,1,1,0,0,0,0,0,0,0,0,0,0,208.0
6,1.0,2.0,3.0,4,90,146,4.79,3330,39.0,4.8500000000000005,12.0,584,1.0,3.908312885083476,t,f,1,1,0,0,0,0,0,0,0,0,0,0,430.0
1,1.0,2.0,1.0,90,730,42,4.62,3663,174.0,4.654285714285714,2.0,3780,0.0,6.966156497572916,t,f,1,1,0,0,0,0,0,0,0,0,0,0,54.0
2,1.0,1.0,1.0,1,14,451,4.9,5216,34.0,4.882857142857143,2.0,451,1.0,5.133309126197688,t,f,1,1,0,0,0,0,0,0,0,0,0,0,79.0
4,2.0,2.0,2.0,2,1125,369,4.87,4014,17.0,4.881428571428572,8.0,738,2.0,1.27450858017016,t,f,1,1,0,0,0,0,0,0,0,0,0,0,414.0
2,1.0,0.0,1.0,90,365,143,4.92,4648,115.0,4.910000000000001,0.0,12870,1.0,1.1010552298869556,t,f,1,0,0,0,0,0,0,0,0,0,0,0,136.0
2,1.0,1.0,1.0,2,28,83,4.86,3276,4.0,4.855714285714285,2.0,166,2.0,1.0758303495301356,t,f,1,1,0,0,0,0,0,0,0,0,0,0,223.0
3,2.0,2.0,3.0,90,365,5,5.0,5014,2501.0,4.971428571428571,6.0,450,2.0,0.8736321134374446,t,f,1,1,0,0,0,0,0,0,0,0,0,0,315.0
2,1.0,1.0,2.0,90,1125,142,4.8,3273,235.0,4.808571428571428,2.0,12780,3.0,5.068620334904604,t,t,1,1,0,0,0,0,0,0,0,0,0,0,184.0
2,1.0,0.0,1.0,90,1125,77,4.91,4235,206.0,4.885714285714286,0.0,6930,3.0,0.33390415443231963,t,f,1,1,0,0,0,0,0,0,0,0,0,0,125.0
1,1.0,0.0,1.0,91,180,62,4.61,3268,234.0,4.728571428571429,0.0,5642,3.0,0.9277003006430693,f,t,1,1,0,0,0,0,0,0,0,0,0,0,140.0
6,2.0,3.0,3.0,90,1125,16,4.94,3265,2387.0,4.888571428571429,18.0,1440,0.0,1.247950889106424,f,f,1,1,0,0,0,0,0,0,0,0,0,0,280.0
4,1.0,2.0,2.0,2,1125,380,4.81,3263,4.0,4.915714285714286,8.0,760,2.0,2.516024047413084,t,f,1,1,0,0,0,0,0,0,0,0,0,0,217.0
8,2.0,4.0,4.0,4,240,21,4.81,3330,330.0,4.835714285714286,32.0,84,2.0,3.7845577410815334,t,f,1,1,0,0,0,0,0,0,0,0,0,0,788.0
2,1.0,1.0,0.0,2,14,323,4.79,4284,9.0,4.864285714285714,2.0,646,2.0,4.021246711756151,t,f,1,1,0,0,0,0,0,0,0,0,0,0,100.0
2,1.0,1.0,1.0,29,180,114,4.88,3258,196.0,4.909999999999999,2.0,3306,0.0,0.9693785004036021,f,f,1,1,0,0,0,0,0,0,0,0,0,0,391.0
2,1.0,1.0,1.0,2,60,181,4.83,3970,10.0,4.822857142857144,2.0,362,2.0,4.278080291887825,t,t,1,1,0,0,0,0,0,0,0,0,0,0,81.0
2,1.0,2.0,2.0,4,75,134,4.78,3252,45.0,4.86,4.0,536,1.0,3.1631602583344125,t,f,1,1,0,0,0,0,0,0,0,0,0,0,272.0
2,1.0,1.0,1.0,1,1125,80,4.64,4095,199.0,4.674285714285714,2.0,80,0.0,5.774265764644115,t,f,1,1,0,0,0,0,0,0,0,0,0,0,82.0
4,1.0,1.0,4.0,1,1125,191,4.65,3246,27.0,4.705714285714286,4.0,191,1.0,6.30129292838034,t,f,1,1,0,0,0,0,0,0,0,0,0,0,160.0
4,1.0,2.0,2.0,6,180,33,4.88,3519,191.0,4.884285714285715,8.0,198,0.0,7.914189794727594,f,f,1,1,0,0,0,0,0,0,0,0,0,0,180.0
2,1.5,1.0,1.0,7,90,120,4.82,4278,9.0,4.8342857142857145,2.0,840,2.0,4.053220014415585,t,f,1,1,0,0,0,0,0,0,0,0,0,0,109.0
4,1.0,2.0,2.0,3,30,284,4.9,4033,14.0,4.9142857142857155,8.0,852,2.0,4.2199882898146965,t,f,1,1,0,0,0,0,0,0,0,0,0,0,275.0
2,1.5,1.0,1.0,6,90,110,4.81,4278,14.0,4.83,2.0,660,2.0,4.204692600989454,t,f,1,1,0,0,0,0,0,0,0,0,0,0,87.0
1,1.0,1.0,1.0,90,365,16,4.81,3240,197.0,4.831428571428572,1.0,1440,0.0,4.285600091595525,t,f,1,1,0,0,0,0,0,0,0,0,0,0,70.0
2,1.5,1.0,1.0,3,6,273,4.92,3276,281.0,4.914285714285714,2.0,819,3.0,2.1329628601455126,t,f,1,1,0,0,0,0,0,0,0,0,0,0,180.0
2,1.0,1.0,1.0,90,730,11,5.0,3239,220.0,4.961428571428572,2.0,990,3.0,0.6592853330912554,f,f,1,1,0,0,0,0,0,0,0,0,0,0,230.0
2,1.0,1.0,1.0,3,10,119,4.92,4693,9.0,4.909999999999999,2.0,357,2.0,4.276282345136162,t,f,1,1,0,0,0,0,0,0,0,0,0,0,126.0
2,1.0,1.0,1.0,1,365,232,4.73,4084,24.0,4.752857142857144,2.0,232,1.0,6.660405305091881,t,f,1,1,0,0,0,0,0,0,0,0,0,0,102.0
2,1.0,1.0,1.0,3,120,293,4.95,3276,18.0,4.922857142857143,2.0,879,2.0,2.088513794764387,t,f,1,1,0,0,0,0,0,0,0,0,0,0,132.0
2,1.0,1.0,1.0,90,1125,290,4.71,3273,54.0,4.791428571428571,2.0,26100,1.0,5.093005935972064,t,f,1,1,0,0,0,0,0,0,0,0,0,0,136.0
5,2.0,2.0,2.0,3,60,95,4.96,3952,10.0,4.905714285714287,10.0,285,2.0,1.04285342604505,t,f,1,1,0,0,0,0,0,0,0,0,0,0,375.0
1,1.0,1.0,1.0,4,89,124,4.85,3252,12.0,4.887142857142857,1.0,496,2.0,3.1636601549942234,t,f,1,1,0,0,0,0,0,0,0,0,0,0,206.0
4,1.0,2.0,2.0,90,1125,251,4.85,4192,262.0,4.875714285714286,8.0,22590,3.0,3.891414417876375,f,f,1,1,0,0,0,0,0,0,0,0,0,0,199.0
2,1.0,1.0,1.0,90,365,102,4.67,4084,665.0,4.729999999999999,2.0,9180,2.0,6.737060178525842,t,f,1,1,0,0,0,0,0,0,0,0,0,0,45.0
2,1.0,1.0,1.0,3,1125,194,4.89,4295,8.0,4.845714285714285,2.0,582,2.0,2.385406157421923,t,f,1,1,0,0,0,0,0,0,0,0,0,0,237.0
2,1.0,1.0,1.0,90,365,68,4.62,4084,69.0,4.644285714285714,2.0,6120,1.0,6.780359972497945,t,f,1,1,0,0,0,0,0,0,0,0,0,0,45.0
5,2.0,3.0,5.0,2,14,21,4.86,4320,198.0,4.821428571428571,15.0,42,0.0,3.2715061535188674,f,f,1,1,0,0,0,0,0,0,0,0,0,0,750.0
2,1.0,1.0,1.0,90,1120,30,4.9,3854,143.0,4.881428571428572,2.0,2700,0.0,0.897077217089629,t,f,1,1,0,0,0,0,0,0,0,0,0,0,123.0
4,1.0,1.0,2.0,1,29,43,4.86,3335,8.0,4.887142857142856,4.0,43,2.0,7.552228727638094,t,f,1,1,0,0,0,0,0,0,0,0,0,0,154.0
6,2.0,2.0,3.0,2,365,124,4.98,4411,198.0,4.9557142857142855,12.0,248,0.0,3.436337869454566,t,f,1,1,0,0,0,0,0,0,0,0,0,0,480.0
4,1.0,2.0,3.0,1,180,343,4.96,4727,5.0,4.9557142857142855,8.0,343,2.0,4.756922325289469,t,f,1,1,0,0,0,0,0,0,0,0,0,0,224.0
4,1.0,2.0,3.0,3,30,352,4.86,3259,21.0,4.877142857142857,8.0,1056,2.0,4.896671754002053,t,f,1,1,0,0,0,0,0,0,0,0,0,0,215.0
4,1.0,2.0,3.0,2,100,15,4.67,3714,18.0,4.79,8.0,30,2.0,6.1780740205930105,f,t,1,1,0,0,0,0,0,0,0,0,0,0,240.0
2,1.0,1.0,1.0,2,1125,139,4.91,3205,6.0,4.884285714285714,2.0,278,2.0,9.053003475814428,t,f,1,1,0,0,0,0,0,0,0,0,0,0,71.0
1,1.0,1.0,1.0,30,1125,137,4.93,3205,64.0,4.890000000000001,1.0,4110,1.0,9.233742900881431,t,f,1,1,0,0,0,0,0,0,0,0,0,0,69.0
2,1.0,1.0,1.0,3,90,22,4.73,3204,21.0,4.6499999999999995,2.0,66,2.0,6.071889750498856,t,f,1,1,0,0,0,0,0,0,0,0,0,0,81.0
3,1.0,2.0,2.0,90,1125,6,4.83,3204,2838.0,4.927142857142857,6.0,540,3.0,0.18887622087277306,f,f,1,1,0,0,0,0,0,0,0,0,0,0,197.0
2,1.0,1.0,1.0,90,1125,298,4.78,3273,202.0,4.825714285714286,2.0,26820,0.0,5.133295788495956,t,f,1,1,0,0,0,0,0,0,0,0,0,0,138.0
2,1.0,1.0,1.0,30,1125,47,4.85,3205,170.0,4.8585714285714285,2.0,1410,0.0,9.27132745939959,t,f,1,1,0,0,0,0,0,0,0,0,0,0,62.0
2,1.0,2.0,2.0,3,14,302,4.9,3314,9.0,4.9157142857142855,4.0,906,2.0,6.168468327947845,t,f,1,1,0,0,0,0,0,0,0,0,0,0,135.0
2,1.0,1.0,1.0,2,60,147,4.97,3194,5.0,4.948571428571428,2.0,294,2.0,0.580665319234188,t,f,1,1,0,0,0,0,0,0,0,0,0,0,252.0
2,1.0,1.0,1.0,5,31,219,4.93,3257,13.0,4.937142857142858,2.0,1095,2.0,4.459217314520813,t,f,1,1,0,0,0,0,0,0,0,0,0,0,125.0
2,1.0,1.0,1.0,2,21,357,4.83,4703,4.0,4.877142857142857,2.0,714,2.0,4.3017946241863045,t,t,1,1,0,0,0,0,0,0,0,0,0,0,120.0
4,2.0,2.0,2.0,90,1125,14,4.79,3739,249.0,4.87,8.0,1260,3.0,3.537674734099678,t,f,1,1,0,0,0,0,0,0,0,0,0,0,133.0
2,1.0,1.0,1.0,2,1125,100,4.77,3191,25.0,4.812857142857142,2.0,200,1.0,6.357105051189347,t,t,1,1,0,0,0,0,0,0,0,0,0,0,165.0
2,1.0,1.0,1.0,90,1125,113,4.96,4248,265.0,4.948571428571428,2.0,10170,3.0,2.4635276458408257,t,f,1,1,0,0,0,0,0,0,0,0,0,0,150.0
4,1.0,1.0,2.0,2,365,1,5.0,3187,10.0,5.0,4.0,2,2.0,7.266059347946613,f,f,1,0,0,0,0,0,0,0,0,0,0,0,151.0
2,1.0,1.0,1.0,30,1125,67,4.93,3205,51.0,4.884285714285715,2.0,2010,1.0,9.068132068686964,t,f,1,1,0,0,0,0,0,0,0,0,0,0,62.0
6,2.5,2.0,3.0,3,28,52,5.0,3809,8.0,4.941428571428572,12.0,156,2.0,6.978106817551439,t,f,1,1,0,0,0,0,0,0,0,0,0,0,300.0
2,1.0,0.0,1.0,3,1125,471,4.92,3180,9.0,4.932857142857143,0.0,1413,2.0,2.5068587012102235,t,f,1,1,0,0,0,0,0,0,0,0,0,0,113.0
2,1.0,1.0,2.0,90,270,37,4.81,3729,247.0,4.797142857142857,2.0,3330,3.0,0.39755954684628764,f,t,1,1,0,0,0,0,0,0,0,0,0,0,120.0
2,1.0,1.0,1.0,90,600,18,4.94,3854,261.0,4.911428571428572,2.0,1620,3.0,0.7803690999703823,t,f,1,1,0,0,0,0,0,0,0,0,0,0,160.0
4,1.0,2.0,2.0,90,250,71,4.79,3173,296.0,4.817142857142857,8.0,6390,3.0,6.324318406646842,t,f,1,1,0,0,0,0,0,0,0,0,0,0,166.0
4,1.0,2.0,2.0,1,1125,202,4.86,3635,18.0,4.897142857142858,8.0,202,2.0,6.024420859241819,f,f,1,1,0,0,0,0,0,0,0,0,0,0,232.0
6,2.0,2.0,3.0,90,1125,29,5.0,4352,309.0,4.971428571428571,12.0,2610,2.0,0.4481973029766686,f,f,1,1,0,0,0,0,0,0,0,0,0,0,399.0
2,1.0,0.0,1.0,91,180,61,4.54,3268,576.0,4.727142857142858,0.0,5551,3.0,0.9367492053615075,f,f,1,1,0,0,0,0,0,0,0,0,0,0,139.0
4,1.0,1.0,2.0,90,365,49,4.86,3563,328.0,4.845714285714286,4.0,4410,2.0,3.172047971657193,f,f,1,1,0,0,0,0,0,0,0,0,0,0,296.0
4,1.0,1.0,2.0,1,365,193,4.82,3244,5.0,4.83,4.0,193,2.0,1.0483909181143922,t,f,1,1,0,0,0,0,0,0,0,0,0,0,238.0
2,1.0,1.0,1.0,1,90,75,4.88,3159,94.0,4.865714285714286,2.0,75,1.0,6.107350262693562,f,t,1,1,0,0,0,0,0,0,0,0,0,0,125.0
5,1.0,2.0,3.0,2,90,355,4.92,4407,16.0,4.920000000000001,10.0,710,2.0,2.986293844676731,t,t,1,1,0,0,0,0,0,0,0,0,0,0,357.0
6,1.0,2.0,3.0,2,180,157,4.66,3152,29.0,4.694285714285714,12.0,314,1.0,2.501101478762575,f,f,1,1,0,0,0,0,0,0,0,0,0,0,514.0
10,3.0,4.0,8.0,5,1125,99,4.9,3156,35.0,4.8985714285714295,40.0,495,1.0,3.630908680167664,t,f,1,1,0,0,0,0,0,0,0,0,0,0,977.0
1,1.5,1.0,1.0,2,7,49,4.92,5136,68.0,4.917142857142857,1.0,98,1.0,4.281911061848202,t,f,1,1,0,0,0,0,0,0,0,0,0,0,175.0
4,1.0,2.0,2.0,5,1125,106,4.99,3175,18.0,4.982857142857143,8.0,530,2.0,3.436506793385697,t,f,1,1,0,0,0,0,0,0,0,0,0,0,360.0
6,1.0,2.0,4.0,1,1125,455,4.83,3630,13.0,4.871428571428572,12.0,455,2.0,5.5534786049442095,t,t,1,1,0,0,0,0,0,0,0,0,0,0,208.0
3,1.0,0.0,2.0,2,365,46,4.96,3394,13.0,4.935714285714286,0.0,92,2.0,5.3958401570262335,f,f,1,1,0,0,0,0,0,0,0,0,0,0,179.0
2,1.0,1.0,1.0,90,730,54,4.83,4077,66.0,4.818571428571429,2.0,4860,1.0,0.9361290406473969,f,f,1,1,0,0,0,0,0,0,0,0,0,0,170.0
2,1.0,1.0,1.0,90,1125,15,5.0,3106,234.0,4.971428571428571,2.0,1350,3.0,0.41539762281043774,t,f,1,1,0,0,0,0,0,0,0,0,0,0,140.0
4,1.0,1.0,2.0,1,90,532,4.81,3104,152.0,4.845714285714286,4.0,532,0.0,0.48835481862499563,t,t,1,1,0,0,0,0,0,0,0,0,0,0,500.0
2,1.0,1.0,1.0,2,90,253,4.81,3093,7.0,4.852857142857142,2.0,506,2.0,1.0205177071874336,t,f,1,0,0,0,0,0,0,0,0,0,0,0,229.0
2,1.0,1.0,1.0,28,730,156,4.79,5358,56.0,4.862857142857143,2.0,4368,1.0,2.9042344734673193,t,f,1,1,0,0,0,0,0,0,0,0,0,0,130.0
2,1.0,1.0,1.0,90,365,15,4.27,5122,237.0,4.447142857142857,2.0,1350,3.0,6.707673642152578,f,t,1,1,0,0,0,0,0,0,0,0,0,0,97.0
8,3.0,3.0,4.0,4,730,19,4.95,2216,315.0,4.854285714285715,24.0,76,2.0,5.467034358997049,f,f,1,1,0,0,0,0,0,0,0,0,0,0,1060.0
6,2.0,2.0,2.0,90,1125,46,4.78,3128,111.0,4.808571428571429,12.0,4140,1.0,0.8751837888292404,t,f,1,1,0,0,0,0,0,0,0,0,0,0,180.0
2,1.0,0.0,1.0,3,31,246,4.89,3555,10.0,4.895714285714285,0.0,738,2.0,0.7509929828646617,f,f,1,1,0,0,0,0,0,0,0,0,0,0,86.0
4,1.0,1.0,1.0,1,365,126,4.84,4376,9.0,4.832857142857143,4.0,126,2.0,0.3919782787313048,t,f,1,1,0,0,0,0,0,0,0,0,0,0,401.0
7,2.0,3.0,3.0,4,365,125,4.92,3284,9.0,4.911428571428571,21.0,500,2.0,5.951285643910491,t,f,1,1,0,0,0,0,0,0,0,0,0,0,396.0
4,2.5,2.0,2.0,90,730,1,5.0,3138,692.0,5.0,8.0,90,2.0,0.34150625395172535,,f,1,1,0,0,0,0,0,0,0,0,0,0,480.0
4,1.0,2.0,3.0,3,160,95,4.84,4245,191.0,4.832857142857143,8.0,285,0.0,4.881719685561913,t,f,1,1,0,0,0,0,0,0,0,0,0,0,306.0
4,1.0,2.0,3.0,4,30,91,4.84,4073,8.0,4.8742857142857146,8.0,364,2.0,3.0222653843869582,t,t,1,1,0,0,0,0,0,0,0,0,0,0,286.0
2,1.0,0.0,2.0,90,120,217,4.85,3027,47.0,4.888571428571429,0.0,19530,1.0,0.23026159052173936,t,f,1,1,0,0,0,0,0,0,0,0,0,0,261.0
2,1.0,1.0,1.0,90,1125,3,4.0,3372,998.0,4.428571428571429,2.0,270,3.0,8.725983699233097,f,f,1,1,0,0,0,0,0,0,0,0,0,0,60.0
2,1.0,1.0,1.0,2,1125,296,4.96,5026,12.0,4.902857142857143,2.0,592,2.0,2.398340508020746,t,f,1,1,0,0,0,0,0,0,0,0,0,0,192.0
3,1.0,1.0,1.0,3,1125,82,4.84,4128,50.0,4.847142857142857,3.0,246,1.0,1.8938719398611839,t,f,1,1,0,0,0,0,0,0,0,0,0,0,359.0
4,2.0,2.0,2.0,90,725,64,4.97,4574,249.0,4.909999999999999,8.0,5760,3.0,0.6787933279356075,,f,1,1,0,0,0,0,0,0,0,0,0,0,175.0
3,1.0,1.0,1.0,90,1125,59,4.93,3010,10.0,4.922857142857142,3.0,5310,2.0,0.3990421111333108,t,f,1,1,0,0,0,0,0,0,0,0,0,0,149.0
3,1.0,1.0,2.0,2,1125,242,4.96,3008,21.0,4.928571428571429,3.0,484,2.0,5.005809061594808,t,f,1,1,0,0,0,0,0,0,0,0,0,0,136.0
5,1.0,2.0,2.0,90,180,44,4.86,3005,36.0,4.872857142857143,10.0,3960,1.0,6.012141627445973,t,f,1,1,0,0,0,0,0,0,0,0,0,0,130.0
4,1.0,1.0,2.0,2,28,261,4.82,3297,120.0,4.857142857142857,4.0,522,0.0,0.5605166054131274,,f,1,1,0,0,0,0,0,0,0,0,0,0,534.0
2,1.0,1.0,1.0,3,14,441,4.95,3599,15.0,4.927142857142857,2.0,1323,2.0,2.457302686176418,t,f,1,1,0,0,0,0,0,0,0,0,0,0,280.0
2,6.0,1.0,1.0,90,365,45,4.53,3198,844.0,4.581428571428572,2.0,4050,1.0,6.0900986935539985,f,f,1,1,0,0,0,0,0,0,0,0,0,0,106.0
2,1.0,0.0,1.0,90,600,26,4.96,3854,245.0,4.934285714285714,0.0,2340,3.0,0.672069954566627,t,f,1,1,0,0,0,0,0,0,0,0,0,0,165.0
2,1.0,1.0,2.0,7,60,172,4.92,4110,10.0,4.911428571428572,2.0,1204,2.0,4.972657017446466,t,f,1,1,0,0,0,0,0,0,0,0,0,0,143.0
1,1.5,1.0,2.0,1,1125,180,4.79,3746,6.0,4.817142857142857,1.0,180,2.0,7.910086131983765,t,f,1,1,0,0,0,0,0,0,0,0,0,0,80.0
4,1.0,3.0,3.0,4,14,77,5.0,3263,16.0,4.971428571428571,12.0,308,2.0,5.078055765793426,t,f,1,1,0,0,0,0,0,0,0,0,0,0,554.0
6,2.0,3.0,3.0,1,30,81,4.75,4428,310.0,4.815714285714286,18.0,81,2.0,3.8122116067817347,f,f,1,1,0,0,0,0,0,0,0,0,0,0,366.0
2,1.0,1.0,1.0,4,30,249,4.96,3986,21.0,4.942857142857143,2.0,996,2.0,5.9032981162054385,t,t,1,1,0,0,0,0,0,0,0,0,0,0,175.0
6,2.0,3.0,3.0,90,90,216,4.96,3661,50.0,4.945714285714286,18.0,19440,1.0,6.333293155448148,t,f,1,1,0,0,0,0,0,0,0,0,0,0,1334.0
4,1.0,1.0,2.0,1,30,169,4.7,3941,13.0,4.771428571428572,4.0,169,2.0,4.981534520887163,f,f,1,1,0,0,0,0,0,0,0,0,0,0,135.0
6,2.0,3.0,3.0,2,1125,536,4.94,4711,37.0,4.9071428571428575,18.0,1072,1.0,0.9145385757401865,t,f,1,1,0,0,0,0,0,0,0,0,0,0,400.0
2,0.0,1.0,1.0,90,365,4,5.0,3854,1688.0,5.0,2.0,360,3.0,0.9649306868666073,t,f,1,1,0,0,0,0,0,0,0,0,0,0,199.0
4,1.0,2.0,3.0,2,390,323,4.9,2955,13.0,4.917142857142857,8.0,646,2.0,6.073886292316661,t,f,1,1,0,0,0,0,0,0,0,0,0,0,186.0
2,1.0,1.0,1.0,3,90,21,4.95,4286,10.0,4.937142857142857,2.0,63,2.0,7.170052521557682,t,f,1,1,0,0,0,0,0,0,0,0,0,0,177.0
6,1.0,2.0,2.0,3,30,68,4.87,3867,50.0,4.877142857142857,12.0,204,1.0,3.0424781317576075,t,f,1,1,0,0,0,0,0,0,0,0,0,0,338.0
1,1.0,1.0,1.0,90,150,9,4.89,3704,2075.0,4.8428571428571425,1.0,810,3.0,5.078373078882635,f,f,1,1,0,0,0,0,0,0,0,0,0,0,45.0
1,1.0,1.0,1.0,90,730,21,4.95,2974,32.0,4.902857142857143,1.0,1890,1.0,4.934062602756,t,f,1,1,0,0,0,0,0,0,0,0,0,0,50.0
3,1.0,1.0,2.0,90,366,40,4.93,3382,200.0,4.924285714285714,3.0,3600,0.0,5.241729589657491,t,t,1,1,0,0,0,0,0,0,0,0,0,0,115.0
2,1.0,1.0,1.0,5,1125,135,4.92,3309,41.0,4.93,2.0,675,1.0,5.677526938761598,t,f,1,1,0,0,0,0,0,0,0,0,0,0,155.0
4,1.0,1.0,2.0,2,365,142,4.69,3591,44.0,4.762857142857143,4.0,284,1.0,7.356922604865038,t,t,1,1,0,0,0,0,0,0,0,0,0,0,152.0
4,1.0,1.0,1.0,90,180,106,4.76,2939,100.0,4.775714285714286,4.0,9540,1.0,0.8260413530322506,t,f,1,1,0,0,0,0,0,0,0,0,0,0,100.0
3,1.0,1.0,2.0,90,1125,65,4.92,3218,39.0,4.86,3.0,5850,1.0,2.736275311082664,t,f,1,1,0,0,0,0,0,0,0,0,0,0,188.0
2,1.0,1.0,1.0,3,14,95,4.96,3813,8.0,4.954285714285715,2.0,285,2.0,1.6783059162118943,f,f,1,0,0,0,0,0,0,0,0,0,0,0,550.0
4,2.0,2.0,2.0,90,1125,101,5.0,3702,37.0,4.968571428571429,8.0,9090,1.0,0.24954199761020154,t,f,1,1,0,0,0,0,0,0,0,0,0,0,249.0
7,3.0,3.0,6.0,90,1125,6,5.0,3739,80.0,4.88,21.0,540,1.0,3.407415060669039,t,f,1,1,0,0,0,0,0,0,0,0,0,0,204.0
4,1.0,1.0,2.0,2,30,97,4.69,2934,198.0,4.742857142857142,4.0,194,0.0,5.2776402326574345,f,f,1,1,0,0,0,0,0,0,0,0,0,0,165.0
6,1.0,1.0,4.0,1,1125,150,4.91,2933,6.0,4.862857142857143,6.0,150,2.0,1.161572026332228,t,f,1,1,0,0,0,0,0,0,0,0,0,0,204.0
4,1.0,1.0,2.0,2,100,327,4.89,4252,9.0,4.918571428571428,4.0,654,2.0,3.7702059558146703,t,f,1,1,0,0,0,0,0,0,0,0,0,0,257.0
2,1.0,1.0,1.0,2,20,308,4.67,3205,28.0,4.785714285714286,2.0,616,1.0,4.233303219426333,t,f,1,1,0,0,0,0,0,0,0,0,0,0,194.0
6,2.0,3.0,5.0,1,31,149,4.89,3130,9.0,4.882857142857142,18.0,149,2.0,1.0237393295703048,,t,1,1,0,0,0,0,0,0,0,0,0,0,416.0
4,2.0,2.0,2.0,2,30,129,4.85,4469,23.0,4.852857142857142,8.0,258,2.0,1.1435673613070245,t,f,1,1,0,0,0,0,0,0,0,0,0,0,450.0
2,1.0,1.0,1.0,92,180,33,4.82,2929,2873.0,4.85,2.0,3036,2.0,0.4227901934187926,f,t,1,1,0,0,0,0,0,0,0,0,0,0,85.0
5,2.0,3.0,3.0,90,210,3,5.0,3511,405.0,4.905714285714287,15.0,270,1.0,1.076248480154234,f,f,1,1,0,0,0,0,0,0,0,0,0,0,479.0
2,1.0,1.0,1.0,7,136,8,5.0,4367,24.0,5.0,2.0,56,1.0,3.1018133660792517,f,f,1,1,0,0,0,0,0,0,0,0,0,0,168.0
5,2.0,2.0,3.0,2,28,213,4.97,3350,7.0,4.927142857142857,10.0,426,2.0,0.913992648932457,t,f,1,1,0,0,0,0,0,0,0,0,0,0,507.0
7,3.0,5.0,5.0,5,60,27,4.89,4841,301.0,4.895714285714285,35.0,135,2.0,7.1464255618728725,f,f,1,1,0,0,0,0,0,0,0,0,0,0,968.0
2,1.0,1.0,1.0,1,30,128,4.55,3201,10.0,4.688571428571429,2.0,128,2.0,3.0059052738581666,f,f,1,1,0,0,0,0,0,0,0,0,0,0,106.0
5,1.0,2.0,2.0,1,1125,402,4.85,2924,22.0,4.897142857142858,10.0,402,2.0,7.360385349348217,t,f,1,1,0,0,0,0,0,0,0,0,0,0,147.0
4,2.0,2.0,2.0,3,90,112,4.76,79,10.0,4.74,8.0,336,2.0,0.9752033082022831,f,f,0,1,0,0,0,0,0,0,0,0,0,0,354.0
4,1.0,1.0,2.0,14,89,91,4.9,2918,32.0,4.947142857142857,4.0,1274,1.0,4.827231036617154,t,f,1,1,0,0,0,0,0,0,0,0,0,0,170.0
2,1.0,1.0,2.0,90,1125,36,4.86,3105,191.0,4.858571428571429,2.0,3240,0.0,0.6383328293297257,t,f,1,1,0,0,0,0,0,0,0,0,0,0,140.0
4,2.5,2.0,2.0,90,730,0,4.89,3138,0.0,4.892857142857143,8.0,0,,0.4924774675940172,,f,1,1,0,0,0,0,0,0,0,0,0,0,370.0
2,1.0,1.0,1.0,1,1125,125,4.86,3597,4.0,4.858571428571429,2.0,125,2.0,0.6977784812513044,t,f,1,1,0,0,0,0,0,0,0,0,0,0,344.0
1,1.0,1.0,2.0,1,3,56,4.93,3248,275.0,4.957142857142857,1.0,56,3.0,1.8894795803159876,f,t,1,1,0,0,0,0,0,0,0,0,0,0,270.0
2,2.5,1.0,1.0,90,365,39,4.64,3198,1101.0,4.671428571428572,2.0,3510,2.0,5.858038073643034,f,f,1,1,0,0,0,0,0,0,0,0,0,0,41.0
2,1.0,1.0,1.0,3,60,254,4.97,4997,7.0,4.964285714285714,2.0,762,2.0,5.150777854469015,t,f,1,1,0,0,0,0,0,0,0,0,0,0,216.0
2,1.0,1.0,2.0,90,365,148,4.87,4651,124.0,4.904285714285714,2.0,13320,0.0,5.175760320787653,t,f,1,1,0,0,0,0,0,0,0,0,0,0,135.0
5,1.5,2.0,2.0,2,21,263,4.89,2950,76.0,4.895714285714286,10.0,526,1.0,5.742363938542914,f,t,1,1,0,0,0,0,0,0,0,0,0,0,216.0
4,2.5,2.0,2.0,7,1125,218,4.95,3645,8.0,4.9471428571428575,8.0,1526,2.0,4.228014606313135,t,t,1,1,0,0,0,0,0,0,0,0,0,0,321.0
4,1.0,1.0,2.0,2,90,163,4.85,3637,23.0,4.852857142857142,4.0,326,2.0,3.0452869863259853,t,f,1,1,0,0,0,0,0,0,0,0,0,0,175.0
5,2.5,3.0,4.0,3,365,10,5.0,3264,198.0,4.871428571428572,15.0,30,0.0,2.519884694533123,f,f,1,1,0,0,0,0,0,0,0,0,0,0,428.0
3,1.0,1.0,1.0,90,300,16,4.31,2890,133.0,4.564285714285714,3.0,1440,0.0,2.5794738556235144,f,f,1,1,0,0,0,0,0,0,0,0,0,0,130.0
8,2.0,3.0,2.0,5,730,23,4.83,3855,174.0,4.82,24.0,115,0.0,3.276370567918105,t,f,1,1,0,0,0,0,0,0,0,0,0,0,447.0
2,1.0,1.0,1.0,3,730,54,4.44,3611,30.0,4.687142857142858,2.0,162,1.0,5.236298933064201,f,t,1,0,0,0,0,0,0,0,0,0,0,0,201.0
2,1.0,1.0,1.0,5,1125,165,4.95,3210,9.0,4.914285714285714,2.0,825,2.0,5.914682039378633,t,f,1,1,0,0,0,0,0,0,0,0,0,0,112.0
2,0.5,0.0,1.0,1,4,478,4.83,3734,7.0,4.880000000000001,0.0,478,2.0,3.770374996908455,t,t,1,1,0,0,0,0,0,0,0,0,0,0,149.0
2,1.0,0.0,1.0,4,1125,85,4.96,2883,15.0,4.938571428571429,0.0,340,2.0,2.8539077145152563,t,f,1,1,0,0,0,0,0,0,0,0,0,0,197.0
3,1.0,2.0,1.0,90,730,23,4.3,2919,1359.0,4.582857142857144,6.0,2070,3.0,0.7431644519325129,f,f,1,1,0,0,0,0,0,0,0,0,0,0,160.0
4,1.0,1.0,2.0,2,1125,222,4.92,2882,1.0,4.945714285714287,4.0,444,2.0,6.32594883400962,t,f,1,1,0,0,0,0,0,0,0,0,0,0,93.0
2,0.0,0.0,1.0,2,50,27,4.89,4228,294.0,4.861428571428571,0.0,54,3.0,1.3213182241489507,f,f,1,1,0,0,0,0,0,0,0,0,0,0,135.0
1,1.0,1.0,1.0,91,160,7,5.0,3330,642.0,4.898571428571429,1.0,637,3.0,5.503443052941819,t,f,1,1,0,0,0,0,0,0,0,0,0,0,43.0
4,1.0,2.0,2.0,2,90,289,4.86,4073,8.0,4.8999999999999995,8.0,578,2.0,3.665095337609419,t,t,1,0,0,0,0,0,0,0,0,0,0,0,210.0
3,1.0,1.0,1.0,90,93,99,4.93,2880,175.0,4.895714285714285,3.0,8910,0.0,0.371779189631733,t,f,1,1,0,0,0,0,0,0,0,0,0,0,138.0
2,1.0,1.0,1.0,90,365,25,4.84,3403,450.0,4.8,2.0,2250,1.0,0.46981637029244283,f,f,1,1,0,0,0,0,0,0,0,0,0,0,134.0
4,1.0,2.0,2.0,3,14,77,4.97,2873,191.0,4.9314285714285715,8.0,231,0.0,0.37857009115865187,f,f,1,1,0,0,0,0,0,0,0,0,0,0,502.0
2,1.0,1.0,1.0,2,30,236,4.88,2861,8.0,4.854285714285715,2.0,472,2.0,6.910594437740138,f,f,1,1,0,0,0,0,0,0,0,0,0,0,87.0
6,2.0,2.0,2.0,2,1125,66,4.77,5221,5.0,4.838571428571428,12.0,132,2.0,5.196683950935857,f,f,1,1,0,0,0,0,0,0,0,0,0,0,160.0
1,1.0,1.0,1.0,185,1125,0,4.89,3519,0.0,4.892857142857143,1.0,0,,5.112888694933704,f,f,1,1,0,0,0,0,0,0,0,0,0,0,68.0
5,1.0,1.0,2.0,2,1125,57,4.95,5951,17.0,4.888571428571429,5.0,114,2.0,4.330704809818743,t,f,1,1,0,0,0,0,0,0,0,0,0,0,255.0
2,1.0,1.0,1.0,2,730,51,4.9,3446,14.0,4.897142857142858,2.0,102,2.0,5.306922260632178,t,f,1,1,0,0,0,0,0,0,0,0,0,0,200.0
3,1.0,1.0,2.0,7,90,128,4.89,4482,10.0,4.8100000000000005,3.0,896,2.0,1.2911715880398598,t,t,1,1,0,0,0,0,0,0,0,0,0,0,319.0
2,1.0,2.0,1.0,90,365,160,4.8,3587,251.0,4.840000000000001,4.0,14400,3.0,1.3198599318488917,f,f,1,1,0,0,0,0,0,0,0,0,0,0,176.0
2,1.0,1.0,1.0,1,730,111,4.58,3467,26.0,4.691428571428572,2.0,111,1.0,1.0127720853759485,f,f,1,1,0,0,0,0,0,0,0,0,0,0,257.0
2,1.0,1.0,1.0,1,25,629,4.79,2841,12.0,4.8342857142857145,2.0,629,2.0,4.569623153652928,t,f,1,1,0,0,0,0,0,0,0,0,0,0,92.0
2,1.0,1.0,2.0,2,1125,457,4.72,2835,6.0,4.785714285714286,2.0,914,2.0,6.634910150149054,f,f,1,0,0,0,0,0,0,0,0,0,0,0,84.0
2,1.0,1.0,1.0,1,28,477,4.93,2835,4.0,4.904285714285714,2.0,477,2.0,4.104517258289264,t,t,1,1,0,0,0,0,0,0,0,0,0,0,92.0
2,1.0,1.0,1.0,3,1125,221,4.91,3556,7.0,4.918571428571428,2.0,663,2.0,5.511920363581255,t,f,1,1,0,0,0,0,0,0,0,0,0,0,98.0
2,1.0,1.0,1.0,2,5,275,4.94,4466,7.0,4.9314285714285715,2.0,550,2.0,3.5654134067749226,t,f,1,1,0,0,0,0,0,0,0,0,0,0,142.0
4,1.0,2.0,3.0,90,180,12,5.0,5172,239.0,4.988571428571428,8.0,1080,3.0,2.631982862687109,t,f,1,1,0,0,0,0,0,0,0,0,0,0,200.0
2,1.0,1.0,2.0,90,730,21,4.95,2827,236.0,4.855714285714285,2.0,1890,3.0,0.5780137178784234,f,f,1,1,0,0,0,0,0,0,0,0,0,0,94.0
3,1.0,1.0,1.0,90,300,15,4.4,2890,403.0,4.484285714285714,3.0,1350,1.0,2.5269780855279778,f,f,1,1,0,0,0,0,0,0,0,0,0,0,125.0
2,1.0,1.0,1.0,90,1125,286,4.91,4235,585.0,4.92,2.0,25740,3.0,0.32544511872888054,t,f,1,1,0,0,0,0,0,0,0,0,0,0,147.0
4,2.0,2.0,2.0,90,1124,60,4.65,4369,171.0,4.737142857142857,8.0,5400,0.0,1.2806394890412933,t,f,1,1,0,0,0,0,0,0,0,0,0,0,170.0
2,1.5,1.0,1.0,90,1125,0,4.89,2810,0.0,4.892857142857143,2.0,0,,1.1610994259104361,f,t,1,0,0,0,0,0,0,0,0,0,0,0,160.0
2,1.0,1.0,1.0,2,29,380,4.74,5282,15.0,4.82142857142857,2.0,760,2.0,0.5113906392198492,t,f,1,1,0,0,0,0,0,0,0,0,0,0,317.0
3,1.0,1.0,1.0,90,300,14,4.36,2890,665.0,4.461428571428572,3.0,1260,2.0,2.558683246874613,f,f,1,1,0,0,0,0,0,0,0,0,0,0,135.0
2,1.0,1.0,1.0,90,183,388,4.85,4512,18.0,4.872857142857143,2.0,34920,2.0,2.930811762984622,t,t,1,1,0,0,0,0,0,0,0,0,0,0,188.0
3,2.0,2.0,2.0,90,250,70,5.0,2798,55.0,4.977142857142858,6.0,6300,1.0,3.3045139923170193,t,f,1,1,0,0,0,0,0,0,0,0,0,0,150.0
3,1.0,2.0,3.0,90,150,22,5.0,2796,312.0,4.987142857142857,6.0,1980,2.0,6.22221514019904,t,t,1,1,0,0,0,0,0,0,0,0,0,0,99.0
6,3.0,3.0,3.0,2,31,44,4.82,3698,2125.0,4.824285714285714,18.0,88,2.0,8.323482089179903,f,f,1,1,0,0,0,0,0,0,0,0,0,0,391.0
4,1.0,2.0,2.0,1,30,492,4.85,3602,18.0,4.909999999999999,8.0,492,2.0,3.6696098683925844,t,t,1,1,0,0,0,0,0,0,0,0,0,0,174.0
5,1.0,2.0,3.0,2,1125,77,4.86,2953,13.0,4.884285714285715,10.0,154,2.0,4.161945151718182,t,t,1,1,0,0,0,0,0,0,0,0,0,0,249.0
4,1.0,1.0,1.0,90,1125,3,4.0,5782,661.0,4.618571428571428,4.0,270,3.0,0.380322332318334,f,f,1,1,0,0,0,0,0,0,0,0,0,0,141.0
8,4.0,4.0,4.0,4,90,56,4.95,3784,127.0,4.951428571428571,32.0,224,0.0,3.8296101982309536,t,f,1,1,0,0,0,0,0,0,0,0,0,0,1271.0
4,1.5,2.0,2.0,90,300,25,4.84,2890,231.0,4.788571428571429,8.0,2250,3.0,2.604188221016991,f,f,1,1,0,0,0,0,0,0,0,0,0,0,150.0
2,1.0,1.0,1.0,90,730,69,4.94,3612,81.0,4.918571428571428,2.0,6210,1.0,1.9544394489878314,t,f,1,1,0,0,0,0,0,0,0,0,0,0,150.0
4,1.0,2.0,3.0,5,1125,213,4.96,147,22.0,4.955714285714286,8.0,1065,2.0,4.331101006422395,f,f,0,1,0,0,0,0,0,0,0,0,0,0,270.0
1,0.0,1.0,1.0,1,1125,180,4.76,3349,19.0,4.791428571428571,1.0,180,2.0,0.9536362652859163,t,f,1,1,0,0,0,0,0,0,0,0,0,0,109.0
4,1.0,1.0,1.0,2,1125,483,4.59,3284,14.0,4.745714285714286,4.0,966,2.0,4.073638191496567,f,f,1,1,0,0,0,0,0,0,0,0,0,0,91.0
3,1.0,2.0,2.0,90,1100,30,4.93,3854,144.0,4.891428571428571,6.0,2700,0.0,0.1741380518968847,t,f,1,1,0,0,0,0,0,0,0,0,0,0,136.0
2,1.0,1.0,1.0,90,365,8,4.38,3392,357.0,4.557142857142857,2.0,720,2.0,0.5107440248660696,f,f,1,1,0,0,0,0,0,0,0,0,0,0,130.0
6,2.0,2.0,3.0,3,30,514,4.85,3284,7.0,4.844285714285715,12.0,1542,2.0,0.8427022642012025,t,t,1,1,0,0,0,0,0,0,0,0,0,0,615.0
2,1.0,1.0,1.0,90,365,29,4.93,5940,170.0,4.8928571428571415,2.0,2610,0.0,2.148968289585765,f,f,1,1,0,0,0,0,0,0,0,0,0,0,82.0
5,2.0,2.0,3.0,2,30,105,4.92,3362,50.0,4.868571428571428,10.0,210,1.0,1.029298556051226,t,f,1,1,0,0,0,0,0,0,0,0,0,0,599.0
2,1.0,1.0,1.0,1,1125,447,4.93,4651,26.0,4.9142857142857155,2.0,447,1.0,5.178665447385924,t,f,1,1,0,0,0,0,0,0,0,0,0,0,218.0
4,1.0,2.0,2.0,3,31,255,4.82,4666,16.0,4.894285714285714,8.0,765,2.0,3.970029267136863,t,f,1,1,0,0,0,0,0,0,0,0,0,0,184.0
4,1.0,2.0,2.0,3,1125,103,4.81,2747,8.0,4.841428571428572,8.0,309,2.0,4.759876493817725,t,t,1,1,0,0,0,0,0,0,0,0,0,0,218.0
5,1.0,2.0,3.0,1,1125,391,4.79,3573,4.0,4.838571428571429,10.0,391,2.0,5.2437100858327845,t,f,1,1,0,0,0,0,0,0,0,0,0,0,326.0
4,1.0,1.0,2.0,2,29,435,4.8,2749,8.0,4.8585714285714285,4.0,870,2.0,5.299639862742819,t,f,1,1,0,0,0,0,0,0,0,0,0,0,144.0
4,1.0,1.0,1.0,90,1125,1,5.0,3137,2154.0,5.0,4.0,90,2.0,0.485987338171688,f,f,1,1,0,0,0,0,0,0,0,0,0,0,200.0
6,1.0,2.0,3.0,1,90,362,4.62,2742,8.0,4.7371428571428575,12.0,362,2.0,0.4126345643375851,f,f,1,1,0,0,0,0,0,0,0,0,0,0,256.0
2,1.0,1.0,1.0,3,60,32,4.88,4172,22.0,4.86142857142857,2.0,96,2.0,3.1563971314130517,t,f,1,1,0,0,0,0,0,0,0,0,0,0,197.0
2,1.0,1.0,1.0,90,1125,16,5.0,4190,938.0,4.9471428571428575,2.0,1440,3.0,6.869723240337585,f,f,1,1,0,0,0,0,0,0,0,0,0,0,180.0
3,1.0,1.0,1.0,90,180,24,4.79,2890,236.0,4.8100000000000005,3.0,2160,3.0,2.3682053537975425,f,f,1,1,0,0,0,0,0,0,0,0,0,0,100.0
3,2.0,2.0,2.0,90,720,21,4.9,2735,206.0,4.837142857142857,6.0,1890,3.0,0.8311112109859213,f,f,1,1,0,0,0,0,0,0,0,0,0,0,148.0
4,1.0,1.0,2.0,3,1124,166,4.81,2732,6.0,4.804285714285714,4.0,498,2.0,0.6188283087447111,t,f,1,1,0,0,0,0,0,0,0,0,0,0,403.0
4,2.0,2.0,2.0,90,300,17,4.12,2890,284.0,4.202857142857143,8.0,1530,3.0,2.5810777541950514,f,f,1,1,0,0,0,0,0,0,0,0,0,0,152.0
3,1.0,1.0,1.0,90,300,19,4.58,2890,144.0,4.631428571428572,3.0,1710,0.0,2.5330623965165664,f,f,1,1,0,0,0,0,0,0,0,0,0,0,120.0
8,2.0,4.0,4.0,1,60,325,4.94,3233,8.0,4.922857142857143,32.0,325,2.0,5.82370379727395,t,t,1,1,0,0,0,0,0,0,0,0,0,0,264.0
2,1.0,1.0,2.0,2,15,365,4.87,3947,6.0,4.881428571428572,2.0,730,2.0,6.26357009432552,t,f,1,1,0,0,0,0,0,0,0,0,0,0,129.0
2,1.0,1.0,1.0,90,90,0,4.89,3721,0.0,4.892857142857143,2.0,0,,2.809283640329559,f,f,1,1,0,0,0,0,0,0,0,0,0,0,140.0
2,1.0,1.0,1.0,90,730,18,4.94,2727,389.0,4.934285714285715,2.0,1620,1.0,0.40577663084445903,f,f,1,1,0,0,0,0,0,0,0,0,0,0,73.0
3,1.0,1.0,1.0,90,180,19,4.53,2890,185.0,4.564285714285714,3.0,1710,0.0,2.4040906988592603,f,f,1,1,0,0,0,0,0,0,0,0,0,0,152.0
1,1.0,1.0,1.0,91,180,75,4.71,3349,544.0,4.814285714285714,1.0,6825,0.0,1.053829836660883,t,f,1,1,0,0,0,0,0,0,0,0,0,0,85.0
3,1.0,1.0,1.0,90,300,23,4.7,2890,192.0,4.691428571428572,3.0,2070,0.0,2.384825424742472,f,f,1,1,0,0,0,0,0,0,0,0,0,0,152.0
3,1.0,1.0,1.0,90,300,17,4.35,2890,107.0,4.49,3.0,1530,1.0,2.3956154633889852,f,f,1,1,0,0,0,0,0,0,0,0,0,0,110.0
4,1.0,2.0,2.0,90,365,39,4.41,3093,166.0,4.595714285714285,8.0,3510,0.0,1.248963755856108,t,f,1,1,0,0,0,0,0,0,0,0,0,0,191.0
2,1.0,1.0,1.0,3,29,161,4.99,4822,12.0,4.96,2.0,483,2.0,2.597432475645337,t,f,1,1,0,0,0,0,0,0,0,0,0,0,137.0
2,1.0,0.0,1.0,5,1125,167,4.86,2705,9.0,4.897142857142858,0.0,835,2.0,6.779670451590889,t,t,1,1,0,0,0,0,0,0,0,0,0,0,134.0
4,1.0,2.0,2.0,90,730,0,4.89,4167,0.0,4.892857142857143,8.0,0,,0.5211661695276392,,f,1,1,0,0,0,0,0,0,0,0,0,0,105.0
4,1.0,1.0,2.0,90,730,1,4.0,4167,1483.0,4.285714285714286,4.0,90,2.0,0.7516457344244181,,f,1,1,0,0,0,0,0,0,0,0,0,0,94.0
2,1.0,1.0,1.0,2,30,255,4.93,4666,7.0,4.909999999999999,2.0,510,2.0,4.896325688659909,t,f,1,1,0,0,0,0,0,0,0,0,0,0,121.0
4,2.0,2.0,2.0,90,300,13,4.69,2890,326.0,4.822857142857143,8.0,1170,2.0,2.5664386447575875,f,f,1,1,0,0,0,0,0,0,0,0,0,0,181.0
3,1.0,1.0,1.0,90,300,16,4.69,2890,21.0,4.725714285714285,3.0,1440,2.0,2.3580364460663756,f,f,1,1,0,0,0,0,0,0,0,0,0,0,125.0
4,1.0,2.0,2.0,3,10,362,4.93,2783,8.0,4.935714285714286,8.0,1086,2.0,2.1101726966735077,t,f,1,1,0,0,0,0,0,0,0,0,0,0,250.0
6,1.0,2.0,3.0,1,90,453,4.73,3152,5.0,4.752857142857144,12.0,453,2.0,0.45151282342017396,t,f,1,1,0,0,0,0,0,0,0,0,0,0,274.0
6,1.5,3.0,4.0,2,1125,189,4.52,2688,22.0,4.618571428571428,18.0,378,2.0,8.224250906040275,f,f,1,1,0,0,0,0,0,0,0,0,0,0,150.0
6,1.0,1.0,2.0,2,120,109,4.87,2403,17.0,4.905714285714287,6.0,218,2.0,0.5348514525975684,t,f,1,1,0,0,0,0,0,0,0,0,0,0,405.0
5,1.0,2.0,3.0,2,1125,124,4.85,2829,36.0,4.907142857142858,10.0,248,1.0,3.9676809998286457,t,t,1,1,0,0,0,0,0,0,0,0,0,0,250.0
4,1.0,1.0,2.0,3,1125,264,4.94,4230,16.0,4.927142857142857,4.0,792,2.0,0.41993156268491744,t,t,1,1,0,0,0,0,0,0,0,0,0,0,278.0
8,2.5,4.0,4.0,2,1125,186,4.73,2685,9.0,4.782857142857144,32.0,372,2.0,7.06699689247491,f,f,1,1,0,0,0,0,0,0,0,0,0,0,242.0
1,1.0,1.0,1.0,91,300,78,4.73,3349,450.0,4.8028571428571425,1.0,7098,1.0,1.0180446099890532,t,f,1,1,0,0,0,0,0,0,0,0,0,0,85.0
6,2.0,3.0,3.0,4,40,94,4.97,2693,295.0,4.925714285714286,18.0,376,3.0,2.371962838636232,f,f,1,1,0,0,0,0,0,0,0,0,0,0,949.0
3,1.0,1.0,1.0,90,300,24,4.71,2890,92.0,4.75,3.0,2160,1.0,2.552917192326685,f,f,1,1,0,0,0,0,0,0,0,0,0,0,110.0
4,1.0,0.0,2.0,30,1125,7,5.0,4758,61.0,4.837142857142857,0.0,210,1.0,0.5722401193380456,t,f,1,1,0,0,0,0,0,0,0,0,0,0,219.0
4,2.0,2.0,2.0,90,1124,9,5.0,3533,1911.0,4.984285714285714,8.0,810,1.0,0.5982502549578461,t,f,1,1,0,0,0,0,0,0,0,0,0,0,276.0
2,1.0,1.0,1.0,2,20,10,5.0,4479,10.0,4.971428571428571,2.0,20,2.0,3.5827158433654422,f,f,1,1,0,0,0,0,0,0,0,0,0,0,219.0
5,1.0,1.0,3.0,1,90,425,4.67,3309,5.0,4.724285714285714,5.0,425,2.0,0.38639102659522884,f,f,1,1,0,0,0,0,0,0,0,0,0,0,328.0
1,1.0,1.0,1.0,90,1125,29,5.0,2974,196.0,4.9157142857142855,1.0,2610,0.0,4.917192087348528,t,f,1,1,0,0,0,0,0,0,0,0,0,0,54.0
3,1.0,1.0,1.0,90,300,22,4.68,2890,186.0,4.8028571428571425,3.0,1980,0.0,2.594386483091683,f,f,1,1,0,0,0,0,0,0,0,0,0,0,120.0
4,2.0,2.0,2.0,90,300,20,4.6,2890,70.0,4.678571428571429,8.0,1800,1.0,2.3984665102717346,f,f,1,1,0,0,0,0,0,0,0,0,0,0,183.0
4,1.0,2.0,2.0,2,30,103,4.92,3004,8.0,4.9399999999999995,8.0,206,2.0,4.866327078277798,f,f,1,1,0,0,0,0,0,0,0,0,0,0,292.0
3,1.0,1.0,2.0,1,90,449,4.97,3382,13.0,4.957142857142857,3.0,449,2.0,5.229789908946801,t,f,1,1,0,0,0,0,0,0,0,0,0,0,215.0
4,1.5,2.0,2.0,3,30,144,4.84,4990,44.0,4.8100000000000005,8.0,432,1.0,2.9411130129348515,t,f,1,1,0,0,0,0,0,0,0,0,0,0,199.0
3,1.0,2.0,2.0,6,42,67,4.99,4130,10.0,4.972857142857143,6.0,402,2.0,3.8641177919336847,t,f,1,1,0,0,0,0,0,0,0,0,0,0,177.0
6,1.5,2.0,3.0,2,14,73,4.92,4390,6.0,4.912857142857143,12.0,146,2.0,0.9240340087347307,t,f,1,1,0,0,0,0,0,0,0,0,0,0,301.0
1,1.0,1.0,1.0,91,300,63,4.73,3349,359.0,4.815714285714286,1.0,5733,2.0,1.0562989083945387,t,f,1,1,0,0,0,0,0,0,0,0,0,0,70.0
4,1.5,2.0,2.0,180,365,116,4.99,3969,287.0,4.97,8.0,20880,3.0,0.6316571826775027,t,f,1,1,0,0,0,0,0,0,0,0,0,0,368.0
6,2.0,4.0,4.0,7,60,19,4.79,4777,307.0,4.855714285714286,24.0,133,2.0,4.129809687032748,f,f,1,1,0,0,0,0,0,0,0,0,0,0,475.0
4,1.0,1.0,2.0,90,1125,11,4.73,4758,297.0,4.805714285714286,4.0,990,2.0,1.0831033566406763,t,f,1,1,0,0,0,0,0,0,0,0,0,0,178.0
4,1.0,1.0,2.0,90,1125,6,5.0,4758,665.0,4.904285714285714,4.0,540,2.0,1.0831033566406763,t,f,1,1,0,0,0,0,0,0,0,0,0,0,178.0
4,1.0,1.0,2.0,90,1125,4,5.0,4758,715.0,4.964285714285714,4.0,360,2.0,0.9737546496725323,t,f,1,1,0,0,0,0,0,0,0,0,0,0,165.0
4,1.0,1.0,2.0,90,1125,3,5.0,4758,694.0,4.952857142857143,4.0,270,2.0,1.0831033566406763,t,f,1,1,0,0,0,0,0,0,0,0,0,0,271.0
4,1.0,1.0,2.0,90,1125,2,5.0,4758,1027.0,5.0,4.0,180,3.0,1.0831033566406763,t,f,1,1,0,0,0,0,0,0,0,0,0,0,275.0
6,2.0,2.0,3.0,90,1125,1,5.0,4758,1374.0,5.0,12.0,90,3.0,1.0831033566406763,t,f,1,1,0,0,0,0,0,0,0,0,0,0,361.0
2,2.0,1.0,1.0,91,730,121,4.78,3189,66.0,4.822857142857144,2.0,11011,1.0,1.2155911778013786,t,f,1,1,0,0,0,0,0,0,0,0,0,0,127.0
2,1.0,1.0,1.0,90,180,0,4.89,3708,0.0,4.892857142857143,2.0,0,,0.3915144048267869,f,f,1,0,0,0,0,0,0,0,0,0,0,0,318.0
3,1.0,2.0,2.0,3,1125,79,4.75,2656,22.0,4.811428571428572,6.0,237,2.0,6.227705065883384,t,f,1,1,0,0,0,0,0,0,0,0,0,0,270.0
1,1.0,1.0,1.0,91,730,58,4.71,3349,23.0,4.801428571428572,1.0,5278,2.0,0.9518445068980925,t,f,1,1,0,0,0,0,0,0,0,0,0,0,72.0
5,2.0,3.0,3.0,90,1125,11,5.0,4574,1531.0,4.961428571428572,15.0,990,1.0,2.131954985205367,,f,1,1,0,0,0,0,0,0,0,0,0,0,150.0
5,2.5,3.0,3.0,2,21,12,5.0,2921,197.0,4.952857142857143,15.0,24,0.0,5.0748128475278005,f,t,1,1,0,0,0,0,0,0,0,0,0,0,333.0
6,1.5,3.0,3.0,5,90,98,4.82,2762,17.0,4.851428571428571,18.0,490,2.0,4.787211617822447,t,f,1,1,0,0,0,0,0,0,0,0,0,0,496.0
4,1.0,1.0,1.0,90,700,46,4.8,3251,58.0,4.797142857142857,4.0,4140,1.0,1.7985254919651372,f,f,1,1,0,0,0,0,0,0,0,0,0,0,150.0
2,1.0,1.0,1.0,90,700,82,4.56,3251,235.0,4.622857142857143,2.0,7380,3.0,1.6380988930138183,f,f,1,1,0,0,0,0,0,0,0,0,0,0,105.0
2,1.0,2.0,1.0,90,1125,4,4.5,4642,2128.0,4.714285714285714,4.0,360,2.0,3.3490593130854123,f,f,1,1,0,0,0,0,0,0,0,0,0,0,134.0
4,1.5,2.0,2.0,90,300,16,4.69,2890,45.0,4.6085714285714285,8.0,1440,1.0,2.4032799170458823,f,f,1,1,0,0,0,0,0,0,0,0,0,0,204.0
3,1.0,1.0,1.0,90,300,11,4.45,2890,216.0,4.388571428571429,3.0,990,3.0,2.381490961091818,f,f,1,1,0,0,0,0,0,0,0,0,0,0,100.0
2,2.0,1.0,1.0,90,180,21,4.81,3100,267.0,4.735714285714286,2.0,1890,3.0,2.7470564702856453,t,t,1,1,0,0,0,0,0,0,0,0,0,0,83.0
4,2.0,2.0,2.0,90,150,12,4.83,3138,927.0,4.735714285714286,8.0,1080,0.0,0.5874116880595518,,f,1,1,0,0,0,0,0,0,0,0,0,0,141.0
4,2.0,2.0,2.0,90,365,27,4.89,2853,431.0,4.894285714285714,8.0,2430,1.0,0.6587994578239352,t,f,1,1,0,0,0,0,0,0,0,0,0,0,231.0
2,1.0,1.0,1.0,90,730,9,4.67,3189,465.0,4.667142857142857,2.0,810,1.0,0.31685393703415715,t,f,1,1,0,0,0,0,0,0,0,0,0,0,139.0
4,1.0,1.0,2.0,1,365,12,4.75,2620,199.0,4.702857142857143,4.0,12,0.0,5.771911409482761,f,t,1,0,0,0,0,0,0,0,0,0,0,0,202.0
2,1.0,1.0,2.0,3,10,214,4.94,3395,9.0,4.952857142857143,2.0,642,2.0,4.545449197539253,t,f,1,1,0,0,0,0,0,0,0,0,0,0,150.0
4,2.0,2.0,3.0,2,30,17,4.76,2616,177.0,4.757142857142858,8.0,34,0.0,2.9846504189758782,f,f,1,0,0,0,0,0,0,0,0,0,0,0,250.0
4,1.0,2.0,2.0,2,1125,138,4.75,3407,23.0,4.8185714285714285,8.0,276,2.0,8.436895541091529,t,t,1,1,0,0,0,0,0,0,0,0,0,0,153.0
3,1.0,2.0,2.0,3,150,126,4.87,2620,10.0,4.839999999999999,6.0,378,2.0,0.467778434325671,t,f,1,1,0,0,0,0,0,0,0,0,0,0,293.0
4,1.0,1.0,3.0,2,150,63,4.83,4427,24.0,4.801428571428572,4.0,126,1.0,1.068220854435792,f,f,1,1,0,0,0,0,0,0,0,0,0,0,257.0
2,1.0,0.0,1.0,5,7,71,4.68,3745,30.0,4.75,0.0,355,1.0,6.533094785257024,f,f,1,1,0,0,0,0,0,0,0,0,0,0,117.0
2,1.0,1.0,2.0,1,1125,219,4.7,3746,12.0,4.814285714285715,2.0,219,2.0,7.799128492433961,t,f,1,1,0,0,0,0,0,0,0,0,0,0,131.0
2,1.0,0.0,1.0,30,120,45,4.82,4751,302.0,4.84857142857143,0.0,1350,2.0,0.9331121196274083,t,f,1,1,0,0,0,0,0,0,0,0,0,0,105.0
3,1.0,1.0,2.0,1,1125,80,4.88,3306,25.0,4.865714285714286,3.0,80,1.0,8.357229569847988,t,f,1,1,0,0,0,0,0,0,0,0,0,0,165.0
3,1.0,1.0,2.0,3,80,45,5.0,3701,21.0,4.965714285714286,3.0,135,2.0,0.9871396181450359,t,f,1,1,0,0,0,0,0,0,0,0,0,0,379.0
4,1.0,2.0,3.0,90,1125,25,4.88,3660,2081.0,4.868571428571428,8.0,2250,3.0,3.508054016590754,f,f,1,1,0,0,0,0,0,0,0,0,0,0,99.0
6,1.5,2.0,3.0,2,1125,64,4.69,2597,28.0,4.735714285714287,12.0,128,1.0,5.47254922659159,t,f,1,1,0,0,0,0,0,0,0,0,0,0,252.0
2,1.0,1.0,1.0,3,31,241,4.95,2623,8.0,4.9314285714285715,2.0,723,2.0,4.270978956095161,t,f,1,1,0,0,0,0,0,0,0,0,0,0,175.0
6,1.0,3.0,3.0,2,89,0,4.89,2592,0.0,4.892857142857143,18.0,0,,7.4912022080435685,f,f,1,1,0,0,0,0,0,0,0,0,0,0,249.0
4,1.5,2.0,2.0,90,300,14,4.29,2890,144.0,4.42,8.0,1260,0.0,2.346236120377519,f,f,1,1,0,0,0,0,0,0,0,0,0,0,130.0
5,2.0,2.0,3.0,2,28,150,4.91,2593,76.0,4.872857142857144,10.0,300,1.0,1.0632101468761592,t,f,1,1,0,0,0,0,0,0,0,0,0,0,495.0
2,1.0,1.0,1.0,90,1125,19,5.0,3105,649.0,4.925714285714285,2.0,1710,3.0,0.36257075474801564,t,f,1,1,0,0,0,0,0,0,0,0,0,0,150.0
12,3.5,5.0,8.0,2,1125,202,4.97,2615,23.0,4.9399999999999995,60.0,404,2.0,5.01212400596961,,t,1,1,0,0,0,0,0,0,0,0,0,0,1323.0
3,1.0,1.0,1.0,90,300,16,4.44,2890,204.0,4.5371428571428565,3.0,1440,0.0,2.3493635044038843,f,f,1,1,0,0,0,0,0,0,0,0,0,0,158.0
2,1.0,0.0,1.0,4,200,25,5.0,2584,46.0,4.897142857142856,0.0,100,1.0,6.8759840973934185,t,t,1,1,0,0,0,0,0,0,0,0,0,0,99.0
2,1.0,0.0,1.0,1,28,476,4.68,2744,21.0,4.764285714285714,0.0,476,2.0,6.254112611096001,f,t,1,1,0,0,0,0,0,0,0,0,0,0,77.0
2,1.0,1.0,1.0,2,7,519,4.96,3647,9.0,4.941428571428572,2.0,1038,2.0,4.588437827774266,t,f,1,1,0,0,0,0,0,0,0,0,0,0,187.0
5,1.5,3.0,3.0,3,365,30,4.97,4255,197.0,4.932857142857143,15.0,90,0.0,3.396873839456437,t,t,1,1,0,0,0,0,0,0,0,0,0,0,416.0
2,1.0,1.0,1.0,90,365,4,5.0,2609,122.0,4.964285714285714,2.0,360,0.0,4.748175117443952,f,f,1,1,0,0,0,0,0,0,0,0,0,0,99.0
4,1.0,1.0,2.0,3,21,284,4.92,3416,8.0,4.922857142857142,4.0,852,2.0,3.7092713958815464,t,f,1,1,0,0,0,0,0,0,0,0,0,0,204.0
2,1.0,1.0,1.0,2,1125,200,4.6,2688,179.0,4.728571428571428,2.0,400,0.0,8.46496042310828,f,f,1,1,0,0,0,0,0,0,0,0,0,0,90.0
3,1.0,1.0,1.0,90,300,20,4.6,2890,214.0,4.664285714285714,3.0,1800,3.0,2.5604429639233945,f,f,1,1,0,0,0,0,0,0,0,0,0,0,90.0
2,1.0,1.0,2.0,1,8,418,4.82,2577,4.0,4.827142857142857,2.0,418,2.0,0.4340871236729171,t,f,1,1,0,0,0,0,0,0,0,0,0,0,282.0
2,1.0,1.0,1.0,3,1125,461,4.84,2575,8.0,4.89,2.0,1383,2.0,6.279580075439065,t,f,1,1,0,0,0,0,0,0,0,0,0,0,90.0
3,1.0,1.0,1.0,90,300,20,4.55,2890,307.0,4.571428571428572,3.0,1800,2.0,2.5765612824278596,f,f,1,1,0,0,0,0,0,0,0,0,0,0,164.0
4,2.0,2.0,2.0,90,1125,6,4.83,2573,84.0,4.927142857142857,8.0,540,1.0,0.8162616286678168,f,f,1,1,0,0,0,0,0,0,0,0,0,0,180.0
7,3.0,4.0,4.0,14,28,63,4.95,2858,36.0,4.977142857142857,28.0,882,1.0,3.6148430034745735,f,f,1,1,0,0,0,0,0,0,0,0,0,0,500.0
2,1.0,1.0,2.0,90,730,213,4.9,2954,55.0,4.894285714285715,2.0,19170,1.0,0.6474805871834023,t,f,1,1,0,0,0,0,0,0,0,0,0,0,207.0
2,1.0,1.0,1.0,90,90,116,4.5,3157,23.0,4.622857142857143,2.0,10440,2.0,1.2331130072628054,f,f,1,1,0,0,0,0,0,0,0,0,0,0,148.0
2,1.0,1.0,1.0,1,30,435,4.83,3825,13.0,4.854285714285714,2.0,435,2.0,0.3860359046094362,t,t,1,1,0,0,0,0,0,0,0,0,0,0,223.0
2,1.0,1.0,1.0,3,1125,460,4.83,2575,15.0,4.878571428571429,2.0,1380,2.0,6.279580075439065,t,f,1,1,0,0,0,0,0,0,0,0,0,0,85.0
2,1.0,1.0,1.0,4,220,28,5.0,2584,23.0,4.887142857142857,2.0,112,2.0,6.8358499784880715,t,t,1,1,0,0,0,0,0,0,0,0,0,0,102.0
2,1.0,1.0,1.0,4,200,42,4.95,2584,38.0,4.894285714285715,2.0,168,1.0,6.965063971113093,t,t,1,1,0,0,0,0,0,0,0,0,0,0,105.0
3,1.0,1.0,1.0,2,12,379,4.87,3954,15.0,4.88,3.0,758,2.0,5.074479860258218,t,f,1,1,0,0,0,0,0,0,0,0,0,0,86.0
2,1.0,1.0,1.0,3,30,138,4.75,2810,27.0,4.798571428571429,2.0,414,1.0,7.811867751799197,f,t,1,1,0,0,0,0,0,0,0,0,0,0,91.0
2,1.0,1.0,1.0,90,365,89,4.62,3959,143.0,4.637142857142857,2.0,8010,0.0,6.224949989072141,f,f,1,1,0,0,0,0,0,0,0,0,0,0,55.0
2,1.0,1.0,1.0,3,21,39,5.0,3344,48.0,4.974285714285714,2.0,117,1.0,4.436173743954295,t,f,1,1,0,0,0,0,0,0,0,0,0,0,307.0
3,1.0,1.0,1.0,90,180,15,4.6,2890,38.0,4.647142857142858,3.0,1350,1.0,2.5663993400482514,f,f,1,1,0,0,0,0,0,0,0,0,0,0,110.0
4,1.5,2.0,2.0,90,300,14,4.64,2890,275.0,4.671428571428572,8.0,1260,3.0,2.3695386488691876,f,f,1,1,0,0,0,0,0,0,0,0,0,0,120.0
2,1.0,1.0,1.0,90,365,16,4.94,3910,86.0,4.86,2.0,1440,1.0,0.205168037576167,t,t,1,1,0,0,0,0,0,0,0,0,0,0,108.0
2,1.0,1.0,1.0,1,650,129,4.97,3172,6.0,4.954285714285715,2.0,129,2.0,1.0068482379144772,t,f,1,1,0,0,0,0,0,0,0,0,0,0,289.0
2,1.0,1.0,1.0,90,1125,123,4.76,2981,236.0,4.767142857142857,2.0,11070,3.0,0.35640296320706544,f,f,1,1,0,0,0,0,0,0,0,0,0,0,35.0
12,4.0,6.0,6.0,3,63,198,4.61,3308,21.0,4.711428571428571,72.0,594,2.0,8.586717326610984,f,f,1,1,0,0,0,0,0,0,0,0,0,0,413.0
6,2.0,3.0,3.0,2,180,229,4.71,2880,20.0,4.748571428571429,18.0,458,2.0,1.01040528148529,t,t,1,1,0,0,0,0,0,0,0,0,0,0,618.0
6,1.0,1.0,3.0,3,180,70,4.94,5183,29.0,4.912857142857143,6.0,210,1.0,5.488695212291229,t,f,1,1,0,0,0,0,0,0,0,0,0,0,202.0
4,2.0,2.0,2.0,2,8,11,4.91,2735,306.0,4.884285714285714,8.0,22,2.0,0.6477173509746886,f,f,1,1,0,0,0,0,0,0,0,0,0,0,400.0
3,1.0,1.0,1.0,90,180,13,4.54,2890,154.0,4.55,3.0,1170,0.0,2.576985060420319,f,f,1,1,0,0,0,0,0,0,0,0,0,0,118.0
2,1.0,1.0,1.0,2,365,50,4.62,3170,190.0,4.7542857142857144,2.0,100,0.0,5.083294853838131,f,t,1,1,0,0,0,0,0,0,0,0,0,0,153.0
3,1.0,0.0,2.0,2,90,19,5.0,4048,4.0,4.977142857142857,0.0,38,2.0,6.297854657984185,f,f,1,1,0,0,0,0,0,0,0,0,0,0,113.0
4,1.0,2.0,3.0,1,1125,127,4.89,2535,8.0,4.915714285714286,8.0,127,2.0,8.178149120888675,t,f,1,1,0,0,0,0,0,0,0,0,0,0,221.0
1,1.0,1.0,1.0,91,180,18,4.39,2591,288.0,4.634285714285714,1.0,1638,3.0,6.142134795924596,t,t,1,1,0,0,0,0,0,0,0,0,0,0,57.0
3,1.0,1.0,1.0,1,1125,497,4.81,2565,18.0,4.881428571428572,3.0,497,2.0,3.1662276325852203,t,f,1,1,0,0,0,0,0,0,0,0,0,0,159.0
5,1.0,3.0,3.0,2,7,24,4.71,3407,172.0,4.828571428571429,15.0,48,0.0,8.530601912254596,t,t,1,1,0,0,0,0,0,0,0,0,0,0,230.0
4,1.0,2.0,2.0,3,7,337,4.79,5199,20.0,4.832857142857143,8.0,1011,2.0,2.291293254542168,t,f,1,1,0,0,0,0,0,0,0,0,0,0,200.0
3,1.0,1.0,1.0,90,730,137,4.63,4317,191.0,4.674285714285714,3.0,12330,0.0,0.7044069387896277,f,f,1,1,0,0,0,0,0,0,0,0,0,0,400.0
4,1.0,2.0,2.0,2,90,34,4.56,2596,7.0,4.660000000000001,8.0,68,2.0,3.802382147022102,f,t,1,1,0,0,0,0,0,0,0,0,0,0,167.0
2,1.0,1.0,2.0,92,365,43,4.98,3950,52.0,4.954285714285715,2.0,3956,1.0,0.8724274786938702,t,f,1,1,0,0,0,0,0,0,0,0,0,0,214.0
3,1.0,1.0,1.0,90,300,16,4.81,2890,389.0,4.741428571428572,3.0,1440,1.0,2.3929113030271085,f,f,1,1,0,0,0,0,0,0,0,0,0,0,158.0
5,1.0,2.0,2.0,1,90,285,4.91,2525,10.0,4.924285714285714,10.0,285,2.0,5.928302232327807,t,f,1,1,0,0,0,0,0,0,0,0,0,0,273.0
2,1.0,1.0,1.0,90,365,82,4.39,3959,626.0,4.585714285714286,2.0,7380,3.0,6.224949989072141,f,f,1,1,0,0,0,0,0,0,0,0,0,0,58.0
4,2.0,2.0,2.0,2,1125,287,4.72,3579,19.0,4.777142857142857,8.0,574,2.0,0.6625041660268037,f,f,1,1,0,0,0,0,0,0,0,0,0,0,446.0
5,1.0,3.0,3.0,1,180,429,4.89,2685,11.0,4.902857142857143,15.0,429,2.0,3.993056149948133,,f,1,1,0,0,0,0,0,0,0,0,0,0,172.0
4,1.0,2.0,2.0,1,30,143,4.69,3456,20.0,4.732857142857143,8.0,143,2.0,5.842622426493815,f,t,1,1,0,0,0,0,0,0,0,0,0,0,185.0
2,1.0,1.0,1.0,90,365,42,4.57,3959,420.0,4.564285714285714,2.0,3780,1.0,6.224949989072141,f,f,1,1,0,0,0,0,0,0,0,0,0,0,50.0
2,1.0,1.0,1.0,1,30,158,4.72,2522,12.0,4.7942857142857145,2.0,158,2.0,7.7539246190719355,t,t,1,1,0,0,0,0,0,0,0,0,0,0,163.0
2,1.0,1.0,2.0,2,1125,125,4.78,5065,13.0,4.797142857142857,2.0,250,2.0,2.038960159158862,f,f,1,1,0,0,0,0,0,0,0,0,0,0,177.0
2,1.0,1.0,1.0,2,1125,91,4.67,2845,16.0,4.768571428571428,2.0,182,2.0,4.383524989347216,t,f,1,1,0,0,0,0,0,0,0,0,0,0,125.0
4,1.0,2.0,2.0,2,30,252,4.79,3017,16.0,4.805714285714286,8.0,504,2.0,4.271317538088781,t,f,1,1,0,0,0,0,0,0,0,0,0,0,170.0
2,1.0,1.0,1.0,90,730,7,4.71,3189,45.0,4.815714285714286,2.0,630,1.0,1.020766425308282,t,f,1,1,0,0,0,0,0,0,0,0,0,0,129.0
2,1.0,1.0,1.0,1,1125,54,4.35,4085,30.0,4.52,2.0,54,1.0,4.926141879559934,f,t,1,1,0,0,0,0,0,0,0,0,0,0,85.0
2,1.0,1.0,1.0,2,1125,154,4.91,3698,24.0,4.892857142857143,2.0,308,1.0,3.888231319713396,t,f,1,1,0,0,0,0,0,0,0,0,0,0,132.0
1,1.0,1.0,1.0,90,365,0,4.89,4515,0.0,4.892857142857143,1.0,0,,3.6921492091558203,f,f,1,1,0,0,0,0,0,0,0,0,0,0,52.0
4,2.0,2.0,2.0,90,730,2,5.0,3189,693.0,5.0,8.0,180,2.0,1.1998887704467218,t,f,1,1,0,0,0,0,0,0,0,0,0,0,229.0
3,1.0,0.0,2.0,2,1125,86,4.74,2501,19.0,4.771428571428571,0.0,172,2.0,7.268152247230087,t,t,1,1,0,0,0,0,0,0,0,0,0,0,181.0
2,1.0,1.0,1.0,90,365,29,4.76,4084,2308.0,4.772857142857142,2.0,2610,0.0,6.589862344276595,t,f,1,1,0,0,0,0,0,0,0,0,0,0,50.0
4,1.0,1.0,3.0,2,90,36,4.67,2500,50.0,4.715714285714285,4.0,72,1.0,5.210325618390086,f,f,1,1,0,0,0,0,0,0,0,0,0,0,221.0
6,1.0,2.0,3.0,1,1125,454,4.75,3620,35.0,4.825714285714286,12.0,454,1.0,5.586955242287186,f,f,1,1,0,0,0,0,0,0,0,0,0,0,157.0
5,2.5,2.0,2.0,3,730,81,4.79,3522,46.0,4.795714285714285,10.0,243,1.0,4.187713086820747,f,t,1,0,0,0,0,0,0,0,0,0,0,0,560.0
1,1.0,0.0,1.0,90,180,59,4.93,2534,175.0,4.909999999999999,0.0,5310,0.0,5.412253390964238,t,f,1,1,0,0,0,0,0,0,0,0,0,0,98.0
2,1.0,1.0,1.0,2,30,239,4.87,4138,7.0,4.924285714285714,2.0,478,2.0,4.751552907070798,t,f,1,1,0,0,0,0,0,0,0,0,0,0,154.0
3,1.0,2.0,2.0,90,730,18,4.78,3854,352.0,4.874285714285714,6.0,1620,2.0,0.6322748594730507,t,f,1,1,0,0,0,0,0,0,0,0,0,0,231.0
2,1.0,1.0,1.0,30,150,28,4.86,4338,19.0,4.882857142857143,2.0,840,2.0,3.095241871098915,t,f,1,1,0,0,0,0,0,0,0,0,0,0,96.0
3,1.0,1.0,1.0,90,730,21,5.0,2647,24.0,4.911428571428571,3.0,1890,1.0,1.9104218608475996,t,t,1,1,0,0,0,0,0,0,0,0,0,0,223.0
6,1.0,3.0,3.0,2,1125,12,4.17,2854,687.0,4.369999999999999,18.0,24,2.0,8.955868969492009,f,t,1,1,0,0,0,0,0,0,0,0,0,0,237.0
4,1.0,2.0,2.0,1,1125,67,4.58,4095,51.0,4.677142857142856,8.0,67,1.0,5.745824000522702,t,f,1,1,0,0,0,0,0,0,0,0,0,0,258.0
4,2.0,2.0,2.0,5,30,18,4.94,4822,121.0,4.934285714285714,8.0,90,0.0,2.717069698216712,t,f,1,1,0,0,0,0,0,0,0,0,0,0,167.0
4,1.0,1.0,2.0,90,1125,116,4.94,2468,24.0,4.945714285714286,4.0,10440,1.0,3.922466371280138,f,f,1,1,0,0,0,0,0,0,0,0,0,0,275.0
10,2.5,5.0,5.0,3,1125,42,4.83,2468,178.0,4.871428571428572,50.0,126,0.0,2.495435127513844,t,f,1,1,0,0,0,0,0,0,0,0,0,0,456.0
2,1.0,1.0,1.0,90,730,15,4.93,3172,559.0,4.867142857142857,2.0,1350,0.0,0.307606690231108,f,f,1,1,0,0,0,0,0,0,0,0,0,0,180.0
4,1.0,1.0,3.0,3,90,249,4.77,3402,12.0,4.8428571428571425,4.0,747,2.0,3.8138358416464504,t,f,1,1,0,0,0,0,0,0,0,0,0,0,189.0
2,1.0,1.0,1.0,4,1125,272,4.98,3463,8.0,4.9628571428571435,2.0,1088,2.0,4.547762811852365,t,f,1,1,0,0,0,0,0,0,0,0,0,0,251.0
2,1.0,1.0,1.0,4,200,20,4.75,2584,33.0,4.735714285714286,2.0,80,1.0,6.8840428737302855,t,f,1,1,0,0,0,0,0,0,0,0,0,0,190.0
4,1.0,1.0,2.0,5,1125,255,4.84,3272,33.0,4.8428571428571425,4.0,1275,1.0,4.077078467966501,t,f,1,1,0,0,0,0,0,0,0,0,0,0,233.0
2,1.0,1.0,2.0,90,365,4,4.75,2508,1198.0,4.75,2.0,360,1.0,1.5370652376425493,f,f,1,1,0,0,0,0,0,0,0,0,0,0,115.0
5,2.0,2.0,2.0,2,1125,386,4.91,2506,20.0,4.8914285714285715,10.0,772,2.0,1.180070963841372,t,t,1,1,0,0,0,0,0,0,0,0,0,0,400.0
16,6.0,8.0,12.0,2,1125,161,4.94,2453,30.0,4.928571428571429,128.0,322,1.0,6.554454478539258,t,t,1,1,0,0,0,0,0,0,0,0,0,0,1449.0
6,2.0,2.0,3.0,2,1125,343,4.72,2453,22.0,4.75,12.0,686,2.0,1.041345696769231,f,t,1,1,0,0,0,0,0,0,0,0,0,0,295.0
2,1.0,0.0,1.0,2,30,348,4.97,2471,6.0,4.9628571428571435,0.0,696,2.0,4.028753589052005,t,f,1,1,0,0,0,0,0,0,0,0,0,0,102.0
6,1.0,2.0,3.0,14,1125,80,4.76,2478,80.0,4.838571428571428,12.0,1120,1.0,8.870517996067637,t,f,1,1,0,0,0,0,0,0,0,0,0,0,150.0
3,1.0,0.0,1.0,4,1125,171,4.89,2446,21.0,4.901428571428572,0.0,684,2.0,3.3807568658663865,t,f,1,1,0,0,0,0,0,0,0,0,0,0,147.0
2,1.0,1.0,1.0,90,1125,8,4.88,4130,724.0,4.965714285714285,2.0,720,2.0,7.858485558192616,t,f,1,1,0,0,0,0,0,0,0,0,0,0,38.0
2,1.0,1.0,1.0,1,30,112,4.96,3662,14.0,4.961428571428572,2.0,112,2.0,8.047653014663332,t,f,1,1,0,0,0,0,0,0,0,0,0,0,125.0
2,1.0,1.0,1.0,90,1125,5,5.0,4130,303.0,4.914285714285714,2.0,450,2.0,7.718171253460206,t,f,1,1,0,0,0,0,0,0,0,0,0,0,48.0
2,1.0,1.0,1.0,90,1125,150,4.71,2981,286.0,4.7871428571428565,2.0,13500,3.0,0.3465319267729284,f,f,1,1,0,0,0,0,0,0,0,0,0,0,35.0
2,1.0,1.0,1.0,2,60,406,4.91,4593,4.0,4.937142857142857,2.0,812,2.0,1.9431427320224355,t,f,1,1,0,0,0,0,0,0,0,0,0,0,160.0
2,1.0,1.0,1.0,2,31,59,4.92,4379,33.0,4.898571428571429,2.0,118,1.0,7.7153258129347195,t,f,1,1,0,0,0,0,0,0,0,0,0,0,175.0
1,1.0,1.0,1.0,93,93,0,4.89,2979,0.0,4.892857142857143,1.0,0,,1.5625196633294818,f,t,1,1,0,0,0,0,0,0,0,0,0,0,40.0
2,1.0,1.0,1.0,1,6,228,4.88,4010,10.0,4.882857142857143,2.0,228,2.0,5.675216833896804,t,t,1,1,0,0,0,0,0,0,0,0,0,0,208.0
2,1.0,1.0,1.0,90,180,14,4.36,4223,1339.0,4.652857142857143,2.0,1260,3.0,0.9573923668419436,,f,1,1,0,0,0,0,0,0,0,0,0,0,68.0
3,1.0,1.0,1.0,90,365,12,4.67,4167,626.0,4.725714285714285,3.0,1080,3.0,0.3582318969831007,,f,1,1,0,0,0,0,0,0,0,0,0,0,149.0
2,1.0,1.0,1.0,6,30,104,4.96,2411,26.0,4.922857142857143,2.0,624,1.0,2.375500961288472,t,f,1,0,0,0,0,0,0,0,0,0,0,0,249.0
4,2.0,2.0,1.0,90,365,1,1.0,4090,361.0,1.1428571428571428,8.0,90,2.0,1.8702979067519978,f,f,1,1,0,0,0,0,0,0,0,0,0,0,200.0
4,1.0,2.0,3.0,2,60,187,4.83,2408,8.0,4.884285714285714,8.0,374,2.0,7.632053975860347,t,f,1,1,0,0,0,0,0,0,0,0,0,0,138.0
2,1.0,1.0,1.0,14,180,25,5.0,3988,24.0,4.994285714285715,2.0,350,1.0,4.203443059447449,t,f,1,1,0,0,0,0,0,0,0,0,0,0,166.0
2,1.0,1.0,1.0,2,1125,231,4.9,3064,16.0,4.871428571428572,2.0,462,2.0,1.1579354298848534,t,f,1,1,0,0,0,0,0,0,0,0,0,0,221.0
2,1.0,1.0,1.0,3,1125,119,4.77,4452,15.0,4.78,2.0,357,2.0,4.284914201135206,f,f,1,1,0,0,0,0,0,0,0,0,0,0,121.0
2,1.0,1.0,1.0,1,31,99,4.99,2393,5.0,4.952857142857143,2.0,99,2.0,6.069405077756231,t,f,1,1,0,0,0,0,0,0,0,0,0,0,144.0
12,3.0,5.0,6.0,4,28,153,4.9,2412,21.0,4.901428571428572,60.0,612,2.0,7.823427737487637,t,f,1,1,0,0,0,0,0,0,0,0,0,0,539.0
4,1.0,1.0,2.0,1,90,245,4.67,2392,197.0,4.724285714285713,4.0,245,0.0,0.4963207188239379,f,f,1,1,0,0,0,0,0,0,0,0,0,0,319.0
2,1.0,1.0,1.0,90,1125,14,5.0,2387,156.0,4.93,2.0,1260,0.0,1.0467081323148606,f,f,1,1,0,0,0,0,0,0,0,0,0,0,116.0
2,1.0,1.0,1.0,90,1125,3,5.0,4535,684.0,4.8585714285714285,2.0,270,2.0,0.27051777547920025,f,f,1,1,0,0,0,0,0,0,0,0,0,0,209.0
2,1.0,1.0,1.0,2,364,242,4.88,4568,7.0,4.87,2.0,484,2.0,0.9877055628555091,t,f,1,1,0,0,0,0,0,0,0,0,0,0,299.0
2,1.0,1.0,1.0,2,29,118,4.84,2386,5.0,4.885714285714286,2.0,236,2.0,4.798908244522155,t,f,1,1,0,0,0,0,0,0,0,0,0,0,210.0
10,5.0,5.0,4.0,2,1125,10,4.9,4234,17.0,4.8999999999999995,50.0,20,2.0,5.941753012737364,t,f,1,1,0,0,0,0,0,0,0,0,0,0,749.0
14,6.0,7.0,7.0,3,1125,51,4.88,4234,4.0,4.87,98.0,153,2.0,5.885369628593075,t,f,1,1,0,0,0,0,0,0,0,0,0,0,904.0
12,4.0,5.0,5.0,4,28,153,4.92,2514,21.0,4.927142857142856,60.0,612,2.0,8.703962953955912,t,f,1,1,0,0,0,0,0,0,0,0,0,0,549.0
5,2.0,3.0,3.0,2,28,33,4.73,4699,618.0,4.82,15.0,66,3.0,1.0187945617413476,f,f,1,1,0,0,0,0,0,0,0,0,0,0,1292.0
3,1.0,1.0,1.0,90,300,17,4.76,2890,162.0,4.7542857142857144,3.0,1530,0.0,2.590494213057267,f,f,1,1,0,0,0,0,0,0,0,0,0,0,90.0
3,1.0,2.0,2.0,2,300,16,4.88,4763,14.0,4.894285714285715,6.0,32,2.0,5.754580821555961,f,f,1,1,0,0,0,0,0,0,0,0,0,0,185.0
3,1.0,2.0,2.0,90,730,11,5.0,3854,571.0,4.884285714285714,6.0,990,0.0,0.31264147658158464,t,f,1,1,0,0,0,0,0,0,0,0,0,0,185.0
6,1.0,1.0,3.0,1,60,188,4.83,2358,15.0,4.848571428571428,6.0,188,2.0,6.611793936636533,f,f,1,1,0,0,0,0,0,0,0,0,0,0,199.0
2,1.0,0.0,1.0,1,21,212,4.85,3964,17.0,4.844285714285713,0.0,212,2.0,6.40140369004488,t,f,1,1,0,0,0,0,0,0,0,0,0,0,75.0
3,1.0,1.0,1.0,180,1125,1,4.0,5782,937.0,4.857142857142857,3.0,180,3.0,0.7606505519889076,f,f,1,1,0,0,0,0,0,0,0,0,0,0,162.0
2,1.5,1.0,1.0,1,365,157,4.88,4656,16.0,4.877142857142857,2.0,157,2.0,6.459604506679476,t,f,1,1,0,0,0,0,0,0,0,0,0,0,143.0
1,1.5,1.0,1.0,1,90,118,4.94,4656,17.0,4.920000000000001,1.0,118,2.0,6.402654178156122,t,f,1,1,0,0,0,0,0,0,0,0,0,0,112.0
2,1.0,1.0,1.0,90,1125,11,4.36,2701,110.0,4.5842857142857145,2.0,990,1.0,0.8053358490179979,f,f,1,1,0,0,0,0,0,0,0,0,0,0,100.0
4,1.0,2.0,6.0,90,730,0,4.89,4167,0.0,4.892857142857143,8.0,0,,0.6878183616126051,,f,1,1,0,0,0,0,0,0,0,0,0,0,187.0
2,1.0,1.0,1.0,1,1125,87,4.91,2535,23.0,4.910000000000001,2.0,87,2.0,8.213938363084884,t,f,1,1,0,0,0,0,0,0,0,0,0,0,118.0
3,1.0,1.0,2.0,4,30,87,4.83,3730,180.0,4.885714285714286,3.0,348,0.0,3.0283184412880497,t,t,1,1,0,0,0,0,0,0,0,0,0,0,93.0
2,1.0,1.0,1.0,2,1125,272,4.81,4357,1.0,4.854285714285715,2.0,544,2.0,4.936096185348004,t,f,1,1,0,0,0,0,0,0,0,0,0,0,70.0
2,1.0,0.0,1.0,30,999,46,4.72,4758,153.0,4.707142857142857,0.0,1380,0.0,0.528235582585739,t,f,1,1,0,0,0,0,0,0,0,0,0,0,169.0
4,1.0,1.0,2.0,30,99,36,4.72,4758,1076.0,4.748571428571429,4.0,1080,2.0,0.5279752565181007,t,f,1,1,0,0,0,0,0,0,0,0,0,0,178.0
4,1.0,1.0,2.0,30,365,24,4.58,4758,96.0,4.607142857142857,4.0,720,1.0,0.5279752565181007,t,f,1,1,0,0,0,0,0,0,0,0,0,0,187.0
3,1.0,2.0,2.0,90,180,25,4.96,2598,34.0,4.925714285714286,6.0,2250,1.0,6.524246188058828,t,f,1,1,0,0,0,0,0,0,0,0,0,0,80.0
4,1.0,1.0,1.0,90,730,122,4.81,5022,628.0,4.852857142857142,4.0,10980,3.0,2.4618132111264646,f,f,1,1,0,0,0,0,0,0,0,0,0,0,168.0
4,2.0,2.0,2.0,2,31,75,4.96,2513,5.0,4.92,8.0,150,2.0,0.28394912896852215,t,f,1,1,0,0,0,0,0,0,0,0,0,0,392.0
6,2.0,3.0,5.0,90,1125,142,4.82,2778,169.0,4.847142857142856,18.0,12780,0.0,0.9985166751877154,t,f,1,1,0,0,0,0,0,0,0,0,0,0,180.0
10,2.0,3.0,5.0,5,1125,141,4.76,2315,11.0,4.798571428571428,30.0,705,2.0,3.729712807994091,f,f,1,1,0,0,0,0,0,0,0,0,0,0,385.0
16,6.0,8.0,10.0,1,1125,112,4.91,2338,10.0,4.911428571428572,128.0,112,2.0,6.602305384978973,t,f,1,1,0,0,0,0,0,0,0,0,0,0,1242.0
6,2.0,3.0,3.0,90,365,103,4.92,2584,485.0,4.871428571428572,18.0,9270,0.0,0.4320498674146593,f,t,1,1,0,0,0,0,0,0,0,0,0,0,175.0
2,2.0,1.0,1.0,1,30,108,4.74,5287,5.0,4.755714285714286,2.0,108,2.0,4.693131833465749,t,f,1,1,0,0,0,0,0,0,0,0,0,0,84.0
1,1.0,1.0,1.0,90,300,11,4.73,2981,263.0,4.807142857142858,1.0,990,3.0,0.3683410179854345,f,f,1,1,0,0,0,0,0,0,0,0,0,0,35.0
6,1.0,2.0,3.0,3,29,190,4.83,2316,181.0,4.86,12.0,570,0.0,1.9461274271529796,f,f,1,0,0,0,0,0,0,0,0,0,0,0,323.0
4,1.0,2.0,2.0,90,1125,21,5.0,3725,163.0,4.964285714285714,8.0,1890,0.0,4.6508085484005415,t,f,1,1,0,0,0,0,0,0,0,0,0,0,125.0
2,1.0,1.0,1.0,5,21,52,4.88,3548,666.0,4.945714285714287,2.0,260,2.0,7.012727120500151,f,t,1,1,0,0,0,0,0,0,0,0,0,0,171.0
2,1.0,1.0,2.0,2,14,177,4.95,3361,12.0,4.918571428571428,2.0,354,2.0,5.354156820733693,t,f,1,1,0,0,0,0,0,0,0,0,0,0,129.0
4,1.0,2.0,2.0,90,365,64,4.64,3587,75.0,4.6000000000000005,8.0,5760,1.0,1.139140498933446,f,f,1,1,0,0,0,0,0,0,0,0,0,0,108.0
2,0.0,0.0,2.0,4,1125,11,4.64,4340,319.0,4.768571428571429,0.0,44,2.0,1.019639335813029,f,f,1,1,0,0,0,0,0,0,0,0,0,0,242.0
2,1.0,1.0,1.0,2,60,454,4.87,5057,18.0,4.8999999999999995,2.0,908,2.0,3.321033395892824,t,t,1,1,0,0,0,0,0,0,0,0,0,0,137.0
6,2.0,3.0,3.0,2,1125,131,4.93,3163,7.0,4.925714285714285,18.0,262,2.0,4.7516779392442885,t,f,1,1,0,0,0,0,0,0,0,0,0,0,338.0
1,1.0,1.0,1.0,90,1125,13,4.92,3371,190.0,4.8,1.0,1170,0.0,1.0743530460394317,f,f,1,1,0,0,0,0,0,0,0,0,0,0,118.0
2,1.0,1.0,2.0,90,730,15,5.0,5781,235.0,4.942857142857143,2.0,1350,3.0,7.296954638515534,,f,1,1,0,0,0,0,0,0,0,0,0,0,79.0
4,1.0,2.0,2.0,2,28,0,4.89,4334,0.0,4.892857142857143,8.0,0,,4.425247760483876,f,f,1,1,0,0,0,0,0,0,0,0,0,0,270.0
6,2.0,3.0,3.0,3,1125,94,4.66,3915,8.0,4.758571428571429,18.0,282,2.0,1.2320697612173996,f,f,1,1,0,0,0,0,0,0,0,0,0,0,563.0
4,2.0,2.0,2.0,3,1125,139,4.94,2287,10.0,4.9314285714285715,8.0,417,2.0,4.028292631075159,t,f,1,1,0,0,0,0,0,0,0,0,0,0,528.0
5,2.0,2.0,2.0,90,1125,26,4.81,2286,1973.0,4.785714285714286,10.0,2340,0.0,0.2838792121123625,f,f,1,1,0,0,0,0,0,0,0,0,0,0,933.0
7,1.0,3.0,3.0,90,1125,107,4.7,2283,329.0,4.732857142857143,21.0,9630,2.0,6.541743215911502,f,f,1,1,0,0,0,0,0,0,0,0,0,0,405.0
6,2.0,3.0,3.0,90,730,35,4.91,2278,144.0,4.885714285714285,18.0,3150,0.0,0.9855999884897185,t,t,1,1,0,0,0,0,0,0,0,0,0,0,165.0
2,1.0,1.0,1.0,5,30,180,4.98,4842,17.0,4.968571428571429,2.0,900,2.0,4.2854351727432896,t,f,1,1,0,0,0,0,0,0,0,0,0,0,125.0
5,2.0,2.0,2.0,1,90,73,4.74,2938,16.0,4.725714285714285,10.0,73,2.0,1.1216950027901733,f,f,1,1,0,0,0,0,0,0,0,0,0,0,326.0
2,1.0,1.0,1.0,90,1125,20,5.0,2278,1739.0,4.964285714285714,2.0,1800,3.0,7.184816160625093,f,f,1,1,0,0,0,0,0,0,0,0,0,0,228.0
5,2.0,2.0,3.0,2,999,255,4.82,2275,25.0,4.7700000000000005,10.0,510,1.0,1.1790056430067934,t,f,1,1,0,0,0,0,0,0,0,0,0,0,420.0
2,1.0,1.0,1.0,3,90,110,4.9,2272,18.0,4.9071428571428575,2.0,330,2.0,6.599109948524856,t,f,1,1,0,0,0,0,0,0,0,0,0,0,62.0
2,1.0,1.0,1.0,90,730,2,5.0,2555,1358.0,4.928571428571429,2.0,180,3.0,0.468623687632392,f,f,1,1,0,0,0,0,0,0,0,0,0,0,319.0
2,1.0,1.0,1.0,2,730,82,4.83,2272,136.0,4.782857142857142,2.0,164,0.0,6.606592761639766,t,f,1,1,0,0,0,0,0,0,0,0,0,0,57.0
4,1.0,2.0,5.0,1,30,31,4.81,2260,4.0,4.852857142857142,8.0,31,2.0,4.385576737800219,f,f,1,1,0,0,0,0,0,0,0,0,0,0,264.0
2,1.0,1.0,1.0,90,365,2,4.5,3955,360.0,4.0,2.0,180,2.0,0.907436645281515,f,f,1,1,0,0,0,0,0,0,0,0,0,0,250.0
2,1.0,1.0,1.0,1,30,271,4.84,2253,9.0,4.887142857142857,2.0,271,2.0,5.669177734907877,t,f,1,1,0,0,0,0,0,0,0,0,0,0,102.0
2,1.0,1.0,1.0,1,90,83,4.86,2934,7.0,4.868571428571428,2.0,83,2.0,6.477963420458249,t,f,1,1,0,0,0,0,0,0,0,0,0,0,106.0
4,1.0,2.0,2.0,1,1125,14,4.93,2249,9.0,4.92,8.0,14,2.0,5.905169827614462,f,t,1,1,0,0,0,0,0,0,0,0,0,0,179.0
4,1.0,2.0,2.0,1,31,214,4.66,2330,19.0,4.755714285714285,8.0,214,2.0,6.9630659885507225,f,f,1,1,0,0,0,0,0,0,0,0,0,0,108.0
6,3.0,3.0,6.0,30,60,5,5.0,5057,170.0,4.971428571428571,18.0,150,0.0,3.2753369274820168,t,f,1,1,0,0,0,0,0,0,0,0,0,0,512.0
5,1.0,2.0,4.0,3,29,132,4.9,4441,26.0,4.922857142857143,10.0,396,1.0,4.74736843368501,f,f,1,1,0,0,0,0,0,0,0,0,0,0,250.0
2,1.0,1.0,1.0,1,60,43,4.95,2934,9.0,4.904285714285714,2.0,43,2.0,6.636176442144111,t,f,1,1,0,0,0,0,0,0,0,0,0,0,103.0
7,1.0,3.0,4.0,2,30,228,4.87,3935,30.0,4.885714285714286,21.0,456,1.0,4.394806220134019,t,f,1,1,0,0,0,0,0,0,0,0,0,0,226.0
1,1.0,1.0,1.0,2,90,117,4.79,2240,21.0,4.807142857142857,1.0,234,2.0,8.24152853465426,t,f,1,1,0,0,0,0,0,0,0,0,0,0,78.0
2,1.0,1.0,1.0,1,1125,465,4.85,2239,5.0,4.884285714285714,2.0,465,2.0,7.686500116616696,t,f,1,1,0,0,0,0,0,0,0,0,0,0,109.0
2,1.0,1.0,1.0,2,15,179,4.99,3156,17.0,4.974285714285714,2.0,358,2.0,6.524121782303592,t,f,1,1,0,0,0,0,0,0,0,0,0,0,117.0
2,1.0,1.0,1.0,3,50,120,4.95,3375,24.0,4.911428571428572,2.0,360,1.0,1.6172165658591202,t,f,1,1,0,0,0,0,0,0,0,0,0,0,246.0
5,1.0,2.0,3.0,1,365,52,4.58,2624,16.0,4.7,10.0,52,2.0,7.373156323932147,f,f,1,1,0,0,0,0,0,0,0,0,0,0,167.0
2,1.0,1.0,1.0,2,14,51,4.92,2234,9.0,4.905714285714287,2.0,102,2.0,5.0520916773310285,t,f,1,1,0,0,0,0,0,0,0,0,0,0,200.0
4,1.0,2.0,2.0,2,29,65,4.91,2234,15.0,4.905714285714287,8.0,130,2.0,5.014631539650613,f,f,1,1,0,0,0,0,0,0,0,0,0,0,203.0
5,1.0,2.0,4.0,3,120,278,4.86,3709,5.0,4.885714285714285,10.0,834,2.0,4.7132118077988885,t,f,1,1,0,0,0,0,0,0,0,0,0,0,162.0
6,2.0,3.0,3.0,2,28,143,4.97,3374,9.0,4.934285714285714,18.0,286,2.0,7.756979055412956,t,f,1,1,0,0,0,0,0,0,0,0,0,0,266.0
1,2.0,1.0,1.0,1,30,86,4.76,5287,6.0,4.812857142857142,1.0,86,2.0,4.7333728055587345,t,f,1,1,0,0,0,0,0,0,0,0,0,0,84.0
4,1.0,2.0,2.0,1,365,58,4.88,2624,16.0,4.821428571428571,8.0,58,2.0,7.375654057164889,f,f,1,1,0,0,0,0,0,0,0,0,0,0,167.0
6,2.0,2.0,4.0,3,70,224,4.68,2848,5.0,4.741428571428571,12.0,672,2.0,1.143790382313745,t,f,1,1,0,0,0,0,0,0,0,0,0,0,288.0
2,1.0,0.0,1.0,1,30,323,4.9,3905,7.0,4.902857142857143,0.0,323,2.0,1.9203236381454494,t,f,1,1,0,0,0,0,0,0,0,0,0,0,196.0
4,1.0,1.0,2.0,90,1125,202,4.51,3341,196.0,4.617142857142857,4.0,18180,0.0,0.49328523103332156,f,t,1,1,0,0,0,0,0,0,0,0,0,0,129.0
2,1.0,1.0,1.0,1,365,59,4.8,2624,15.0,4.792857142857144,2.0,59,2.0,7.298604811465503,f,f,1,1,0,0,0,0,0,0,0,0,0,0,167.0
2,1.0,1.0,1.0,90,365,2,5.0,3584,344.0,4.928571428571429,2.0,180,2.0,0.8304620993103906,t,f,1,1,0,0,0,0,0,0,0,0,0,0,100.0
4,2.0,2.0,2.0,3,90,46,4.7,4841,96.0,4.811428571428571,8.0,138,1.0,7.299365565476971,f,f,1,1,0,0,0,0,0,0,0,0,0,0,422.0
2,1.0,1.0,1.0,3,30,106,4.8,3970,12.0,4.841428571428572,2.0,318,2.0,4.222671890613393,t,t,1,1,0,0,0,0,0,0,0,0,0,0,73.0
2,1.0,1.0,1.0,2,28,32,4.81,1555,8.0,4.867142857142857,2.0,64,2.0,6.293687472265896,f,t,1,0,0,0,0,0,0,0,0,0,0,0,165.0
1,1.0,1.0,1.0,3,60,59,4.51,3612,49.0,4.654285714285714,1.0,177,1.0,3.631582379579699,f,f,1,1,0,0,0,0,0,0,0,0,0,0,76.0
2,1.0,1.0,1.0,1,28,432,4.96,2222,6.0,4.942857142857143,2.0,432,2.0,3.2793679852679616,t,t,1,1,0,0,0,0,0,0,0,0,0,0,203.0
2,1.0,1.0,2.0,2,1125,102,4.87,2222,17.0,4.868571428571428,2.0,204,2.0,3.4613733310421395,t,f,0,1,0,0,0,0,0,0,0,0,0,0,143.0
2,1.0,1.0,1.0,2,14,97,4.97,4914,9.0,4.9628571428571435,2.0,194,2.0,3.9254167607163057,t,f,1,1,0,0,0,0,0,0,0,0,0,0,113.0
3,1.0,1.0,1.0,180,730,0,4.89,3951,0.0,4.892857142857143,3.0,0,,1.063726889048581,f,f,1,1,0,0,0,0,0,0,0,0,0,0,192.0
2,1.0,1.0,1.0,2,1125,8,5.0,3263,6.0,4.982857142857142,2.0,16,2.0,4.011812476608556,f,f,1,1,0,0,0,0,0,0,0,0,0,0,87.0
2,1.0,1.0,1.0,90,365,58,4.9,2213,509.0,4.874285714285714,2.0,5220,0.0,6.994979709990888,f,f,1,1,0,0,0,0,0,0,0,0,0,0,110.0
5,1.0,2.0,3.0,2,60,48,4.73,3605,9.0,4.795714285714285,10.0,96,2.0,7.937779203006375,f,f,1,1,0,0,0,0,0,0,0,0,0,0,169.0
4,2.0,2.0,2.0,90,365,21,5.0,4588,222.0,4.978571428571429,8.0,1890,3.0,3.4330865594654223,f,f,1,1,0,0,0,0,0,0,0,0,0,0,216.0
2,1.0,1.0,1.0,90,730,4,4.75,2212,1575.0,4.821428571428571,2.0,360,1.0,0.6390911634337128,f,f,1,1,0,0,0,0,0,0,0,0,0,0,120.0
6,2.0,3.0,3.0,90,730,99,4.93,2701,29.0,4.927142857142857,18.0,8910,1.0,1.0883971010028606,f,f,1,1,0,0,0,0,0,0,0,0,0,0,943.0
4,1.0,1.0,2.0,90,365,120,4.86,2211,314.0,4.841428571428572,4.0,10800,2.0,0.9988729504471601,f,f,1,1,0,0,0,0,0,0,0,0,0,0,206.0
2,1.0,1.0,1.0,90,180,13,4.92,3993,121.0,4.901428571428572,2.0,1170,0.0,0.7757755061577456,f,f,1,1,0,0,0,0,0,0,0,0,0,0,164.0
4,2.0,2.0,1.0,90,1125,0,4.89,5782,0.0,4.892857142857143,8.0,0,,7.008413055234032,f,f,1,1,0,0,0,0,0,0,0,0,0,0,315.0
6,1.0,2.0,3.0,1,365,51,4.61,2624,9.0,4.6971428571428575,12.0,51,2.0,7.257491735307121,f,f,1,1,0,0,0,0,0,0,0,0,0,0,190.0
4,1.0,2.0,3.0,91,120,18,5.0,2798,205.0,4.975714285714285,8.0,1638,0.0,4.911654389640679,t,f,1,1,0,0,0,0,0,0,0,0,0,0,113.0
2,1.0,1.0,0.0,90,365,0,4.89,2796,0.0,4.892857142857143,2.0,0,,6.525877642768897,t,t,1,1,0,0,0,0,0,0,0,0,0,0,64.0
4,2.0,2.0,3.0,30,730,57,4.93,3275,54.0,4.898571428571429,8.0,1710,1.0,0.787089677818555,t,f,1,1,0,0,0,0,0,0,0,0,0,0,344.0
4,1.0,1.0,2.0,2,730,125,4.9,4401,10.0,4.924285714285714,4.0,250,2.0,3.851657417650448,t,t,1,1,0,0,0,0,0,0,0,0,0,0,161.0
2,1.0,1.0,1.0,2,1125,203,4.85,4144,18.0,4.868571428571428,2.0,406,2.0,6.437698287025795,t,f,1,1,0,0,0,0,0,0,0,0,0,0,184.0
4,1.5,2.0,3.0,3,1125,111,4.81,2203,23.0,4.801428571428572,8.0,333,2.0,3.932386957626154,t,f,1,1,0,0,0,0,0,0,0,0,0,0,275.0
2,1.0,0.0,1.0,2,30,413,4.98,3374,4.0,4.961428571428571,0.0,826,2.0,2.365801466108826,t,f,1,1,0,0,0,0,0,0,0,0,0,0,206.0
3,1.0,1.0,2.0,3,32,141,4.82,3163,9.0,4.874285714285714,3.0,423,2.0,0.38799038385863377,t,f,1,1,0,0,0,0,0,0,0,0,0,0,301.0
2,1.0,1.0,1.0,2,14,66,4.83,3217,16.0,4.8500000000000005,2.0,132,2.0,6.831347214859194,t,f,1,1,0,0,0,0,0,0,0,0,0,0,106.0
3,1.0,1.0,1.0,2,1125,290,4.87,3475,30.0,4.854285714285715,3.0,580,1.0,0.9372660971049854,f,f,1,1,0,0,0,0,0,0,0,0,0,0,296.0
4,1.0,1.0,2.0,1,1125,353,4.71,2201,24.0,4.718571428571429,4.0,353,1.0,0.41993156268491744,f,t,1,1,0,0,0,0,0,0,0,0,0,0,271.0
4,2.5,2.0,3.0,90,1125,11,5.0,4369,112.0,4.961428571428572,8.0,990,1.0,1.0926894020190128,t,f,1,1,0,0,0,0,0,0,0,0,0,0,250.0
6,1.0,2.0,2.0,30,365,128,4.9,2196,20.0,4.92,12.0,3840,2.0,3.8038788137523283,t,t,1,1,0,0,0,0,0,0,0,0,0,0,567.0
2,1.0,1.0,1.0,5,730,88,4.75,3990,16.0,4.765714285714286,2.0,440,2.0,6.663642149745574,f,f,1,1,0,0,0,0,0,0,0,0,0,0,56.0
4,1.0,2.0,2.0,90,1125,98,4.82,2194,1304.0,4.821428571428572,8.0,8820,3.0,4.324739294895138,f,f,1,1,0,0,0,0,0,0,0,0,0,0,171.0
5,1.5,2.0,3.0,4,180,45,5.0,2194,35.0,4.957142857142857,10.0,180,1.0,3.946386078729811,t,f,1,1,0,0,0,0,0,0,0,0,0,0,380.0
2,1.0,1.0,1.0,3,10,211,4.88,3168,13.0,4.88,2.0,633,2.0,3.3368264763434787,t,f,1,1,0,0,0,0,0,0,0,0,0,0,225.0
4,2.5,2.0,2.0,3,365,20,4.95,2545,7.0,4.821428571428571,8.0,60,2.0,2.1465346139246053,t,f,1,1,0,0,0,0,0,0,0,0,0,0,236.0
2,1.0,1.0,1.0,90,1125,1,5.0,2190,2120.0,4.857142857142857,2.0,90,3.0,0.4984769824322782,f,f,1,1,0,0,0,0,0,0,0,0,0,0,319.0
2,1.0,1.0,1.0,3,30,233,4.97,3077,12.0,4.952857142857143,2.0,699,2.0,8.346046904916042,t,f,1,1,0,0,0,0,0,0,0,0,0,0,170.0
4,1.0,2.0,3.0,2,28,187,4.96,2190,15.0,4.930000000000001,8.0,374,2.0,4.00107484765315,t,f,1,1,0,0,0,0,0,0,0,0,0,0,156.0
2,1.0,1.0,1.0,2,180,119,4.82,2186,50.0,4.844285714285715,2.0,238,1.0,4.4493213703482315,t,t,1,1,0,0,0,0,0,0,0,0,0,0,184.0
4,1.0,1.0,2.0,1,15,266,4.88,2184,7.0,4.847142857142858,4.0,266,2.0,0.16594373809796406,t,f,1,1,0,0,0,0,0,0,0,0,0,0,301.0
4,2.0,2.0,2.0,90,365,32,5.0,3950,302.0,4.912857142857143,8.0,2880,2.0,2.9362117073123235,t,f,1,1,0,0,0,0,0,0,0,0,0,0,233.0
4,1.5,2.0,2.0,90,100,15,5.0,2183,1768.0,4.934285714285714,8.0,1350,2.0,0.6010217140592715,,f,1,1,0,0,0,0,0,0,0,0,0,0,683.0
3,1.0,1.0,1.0,181,1125,30,5.0,3546,1955.0,4.967142857142856,3.0,5430,0.0,0.2663504135015494,f,f,1,1,0,0,0,0,0,0,0,0,0,0,300.0
3,1.0,1.0,1.0,90,180,5,4.6,2890,168.0,4.714285714285714,3.0,450,0.0,2.4631009190095665,f,f,1,1,0,0,0,0,0,0,0,0,0,0,90.0
4,1.0,2.0,3.0,1,8,195,4.84,3597,24.0,4.872857142857143,8.0,195,1.0,7.222856676301893,f,f,1,1,0,0,0,0,0,0,0,0,0,0,148.0
4,1.0,1.0,2.0,90,730,15,5.0,2647,50.0,4.952857142857143,4.0,1350,1.0,0.8320342104261864,t,t,1,1,0,0,0,0,0,0,0,0,0,0,185.0
3,1.0,1.0,1.0,2,365,46,4.87,5599,1027.0,4.854285714285715,3.0,92,3.0,7.045241911520665,f,f,1,1,0,0,0,0,0,0,0,0,0,0,391.0
7,1.0,3.0,5.0,2,30,148,4.9,3033,23.0,4.918571428571428,21.0,296,2.0,7.895136090961679,t,f,1,1,0,0,0,0,0,0,0,0,0,0,192.0
6,2.0,4.0,4.0,3,30,23,4.83,2966,294.0,4.821428571428571,24.0,69,3.0,5.312229038605305,f,t,1,1,0,0,0,0,0,0,0,0,0,0,468.0
4,1.0,0.0,2.0,2,730,228,4.95,3159,22.0,4.904285714285715,0.0,456,2.0,2.472863966126915,t,f,1,1,0,0,0,0,0,0,0,0,0,0,230.0
4,2.0,2.0,2.0,90,240,0,4.89,2861,0.0,4.892857142857143,8.0,0,,3.96973154137608,f,f,1,1,0,0,0,0,0,0,0,0,0,0,150.0
2,1.0,1.0,1.0,90,1125,10,4.8,2557,294.0,4.742857142857142,2.0,900,3.0,2.7049823869856615,t,f,1,1,0,0,0,0,0,0,0,0,0,0,135.0
4,1.0,1.0,1.0,90,1125,175,4.79,2575,5.0,4.822857142857144,4.0,15750,2.0,4.244628272501117,t,t,1,1,0,0,0,0,0,0,0,0,0,0,104.0
2,1.0,0.0,1.0,2,1125,93,4.91,4104,9.0,4.945714285714287,0.0,186,2.0,4.7217435054746515,t,f,1,1,0,0,0,0,0,0,0,0,0,0,194.0
2,1.0,1.0,2.0,4,1125,118,4.95,2169,8.0,4.934285714285714,2.0,472,2.0,2.8752836069079177,t,f,1,1,0,0,0,0,0,0,0,0,0,0,24503.0
4,1.0,2.0,2.0,3,1125,101,4.83,4703,27.0,4.884285714285715,8.0,303,1.0,6.27211401024222,t,f,1,1,0,0,0,0,0,0,0,0,0,0,250.0
2,1.0,1.0,1.0,7,28,22,4.73,4732,47.0,4.688571428571429,2.0,154,1.0,3.832523722817653,t,f,1,1,0,0,0,0,0,0,0,0,0,0,171.0
2,1.0,0.0,1.0,90,110,109,4.97,3391,514.0,4.921428571428571,0.0,9810,0.0,5.06013989255073,f,f,1,1,0,0,0,0,0,0,0,0,0,0,56.0
2,0.0,0.0,1.0,180,365,2,4.5,3770,1066.0,4.642857142857143,0.0,360,2.0,0.4645878938079514,f,f,1,1,0,0,0,0,0,0,0,0,0,0,113.0
2,1.0,1.0,1.0,1,7,408,4.83,2159,7.0,4.84857142857143,2.0,408,2.0,5.187230982218983,t,f,1,1,0,0,0,0,0,0,0,0,0,0,117.0
2,1.0,1.0,1.0,2,1125,118,4.8,2154,15.0,4.847142857142857,2.0,236,2.0,4.844051712205029,t,f,1,1,0,0,0,0,0,0,0,0,0,0,134.0
2,1.0,1.0,1.0,90,730,2,5.0,3864,197.0,5.0,2.0,180,0.0,2.3751426441486725,f,f,1,1,0,0,0,0,0,0,0,0,0,0,410.0
2,1.0,1.0,1.0,90,365,3,3.67,2621,283.0,4.097142857142857,2.0,270,3.0,2.8358946959473106,f,f,1,1,0,0,0,0,0,0,0,0,0,0,142.0
6,1.0,3.0,4.0,2,180,40,4.83,3362,183.0,4.817142857142857,18.0,80,0.0,4.494551698953021,t,f,1,1,0,0,0,0,0,0,0,0,0,0,261.0
6,1.0,2.0,3.0,3,1125,168,4.84,2151,5.0,4.887142857142856,12.0,504,2.0,6.587891619449847,t,f,1,1,0,0,0,0,0,0,0,0,0,0,186.0
4,1.0,2.0,4.0,1,1125,381,4.66,3470,20.0,4.715714285714285,8.0,381,2.0,7.748680995377904,f,f,1,1,0,0,0,0,0,0,0,0,0,0,138.0
4,2.0,2.0,2.0,3,180,87,4.93,2327,16.0,4.918571428571428,8.0,261,2.0,0.9156231285104838,t,f,1,1,0,0,0,0,0,0,0,0,0,0,600.0
4,1.0,2.0,2.0,3,29,101,4.99,2565,19.0,4.974285714285714,8.0,303,2.0,4.190158662342053,t,f,1,1,0,0,0,0,0,0,0,0,0,0,523.0
4,1.5,2.0,2.0,5,30,14,4.93,2919,87.0,4.8999999999999995,8.0,70,1.0,0.40268272442181063,f,f,1,1,0,0,0,0,0,0,0,0,0,0,277.0
4,1.0,1.0,2.0,2,30,336,4.93,2760,4.0,4.938571428571429,4.0,672,2.0,3.0462898435705776,t,t,1,1,0,0,0,0,0,0,0,0,0,0,238.0
2,1.0,1.0,1.0,1,6,181,4.51,2543,23.0,4.678571428571429,2.0,181,2.0,5.511575099274724,f,f,1,1,0,0,0,0,0,0,0,0,0,0,176.0
1,1.0,1.0,1.0,90,365,19,4.74,2572,47.0,4.798571428571429,1.0,1710,1.0,4.066563747664335,f,f,1,1,0,0,0,0,0,0,0,0,0,0,47.0
3,2.0,2.0,2.0,30,90,4,5.0,3502,255.0,4.964285714285714,6.0,120,3.0,2.5688287207825757,t,f,1,1,0,0,0,0,0,0,0,0,0,0,315.0
2,1.0,1.0,1.0,90,180,1,5.0,2932,1981.0,5.0,2.0,90,0.0,6.65672572476393,f,f,1,1,0,0,0,0,0,0,0,0,0,0,90.0
2,1.0,1.0,1.0,90,730,3,5.0,3189,1675.0,4.952857142857143,2.0,270,3.0,0.9589621174892912,t,f,1,1,0,0,0,0,0,0,0,0,0,0,144.0
4,1.0,1.0,3.0,1,1125,548,4.8,2135,7.0,4.8342857142857145,4.0,548,2.0,5.315106135252621,f,f,1,1,0,0,0,0,0,0,0,0,0,0,131.0
2,1.0,1.0,1.0,2,90,196,4.86,2140,4.0,4.891428571428571,2.0,392,2.0,6.211017867144481,t,f,1,1,0,0,0,0,0,0,0,0,0,0,146.0
4,1.0,1.0,2.0,2,32,113,4.83,2140,22.0,4.807142857142857,4.0,226,2.0,1.0527734716717105,t,f,1,1,0,0,0,0,0,0,0,0,0,0,284.0
2,1.0,1.0,1.0,90,1125,13,5.0,4130,477.0,4.957142857142857,2.0,1170,1.0,7.6288330856601085,t,f,1,1,0,0,0,0,0,0,0,0,0,0,71.0
4,1.0,2.0,2.0,4,365,61,4.97,4030,24.0,4.961428571428571,8.0,244,1.0,5.108954091760546,t,f,1,1,0,0,0,0,0,0,0,0,0,0,317.0
2,1.0,1.0,1.0,2,730,251,4.97,2417,9.0,4.957142857142857,2.0,502,2.0,4.732348789047538,t,f,1,1,0,0,0,0,0,0,0,0,0,0,148.0
3,1.0,1.0,2.0,2,180,154,4.95,2132,6.0,4.935714285714286,3.0,308,2.0,2.6194160867798972,t,f,1,0,0,0,0,0,0,0,0,0,0,0,158.0
1,1.0,1.0,1.0,90,120,5,5.0,3584,198.0,5.0,1.0,450,0.0,0.628165752044656,t,f,1,1,0,0,0,0,0,0,0,0,0,0,75.0
4,2.0,2.0,2.0,3,60,121,4.85,4479,18.0,4.797142857142857,8.0,363,2.0,1.5280066902339096,f,f,1,1,0,0,0,0,0,0,0,0,0,0,245.0
3,1.0,1.0,2.0,90,365,6,5.0,3659,144.0,4.952857142857143,3.0,540,0.0,1.164578415294029,t,f,1,1,0,0,0,0,0,0,0,0,0,0,152.0
7,1.5,3.0,4.0,1,30,13,4.85,2946,195.0,4.8585714285714285,21.0,13,0.0,5.351319295243386,f,f,1,1,0,0,0,0,0,0,0,0,0,0,500.0
6,2.0,2.0,3.0,2,120,134,4.93,3628,8.0,4.884285714285714,12.0,268,2.0,0.9240340087347307,,f,1,1,0,0,0,0,0,0,0,0,0,0,477.0
6,2.0,2.0,2.0,1,28,35,4.97,5092,22.0,4.934285714285714,12.0,35,2.0,2.564950968596541,t,f,1,1,0,0,0,0,0,0,0,0,0,0,375.0
6,1.0,3.0,3.0,3,60,100,4.92,2121,21.0,4.918571428571428,18.0,300,2.0,5.466610017234973,t,f,1,1,0,0,0,0,0,0,0,0,0,0,493.0
2,1.0,1.0,1.0,1,100,118,4.83,3054,4.0,4.881428571428572,2.0,118,2.0,4.273657650221377,t,f,1,1,0,0,0,0,0,0,0,0,0,0,152.0
8,2.5,3.0,4.0,3,60,13,4.69,2919,22.0,4.8342857142857145,24.0,39,2.0,0.5216574659310766,f,t,1,1,0,0,0,0,0,0,0,0,0,0,528.0
2,1.0,1.0,1.0,1,1125,319,4.64,2594,20.0,4.747142857142856,2.0,319,2.0,6.598739887839394,f,t,1,1,0,0,0,0,0,0,0,0,0,0,99.0
2,1.0,1.0,1.0,90,180,7,5.0,3232,107.0,4.938571428571429,2.0,630,1.0,1.0058873690049777,t,f,1,0,0,0,0,0,0,0,0,0,0,0,200.0
4,1.0,1.0,2.0,3,90,71,4.93,4121,4.0,4.917142857142857,4.0,213,2.0,4.1232041493807285,f,f,1,1,0,0,0,0,0,0,0,0,0,0,238.0
2,1.0,0.0,1.0,90,365,270,4.76,2112,236.0,4.824285714285714,0.0,24300,3.0,0.6828317850635401,,f,1,1,0,0,0,0,0,0,0,0,0,0,102.0
1,1.0,1.0,1.0,90,1125,21,5.0,2149,183.0,4.992857142857143,1.0,1890,0.0,3.157778190472762,t,f,1,1,0,0,0,0,0,0,0,0,0,0,80.0
4,1.0,1.0,2.0,2,45,122,4.89,3219,78.0,4.895714285714286,4.0,244,1.0,8.194000019615698,f,t,1,1,0,0,0,0,0,0,0,0,0,0,105.0
6,2.0,2.0,3.0,2,365,43,4.98,2634,8.0,4.904285714285714,12.0,86,2.0,0.9044000730338281,t,f,1,1,0,0,0,0,0,0,0,0,0,0,489.0
4,1.0,2.0,2.0,1,365,78,4.92,2229,12.0,4.902857142857143,8.0,78,2.0,5.56347718706492,t,f,1,1,0,0,0,0,0,0,0,0,0,0,158.0
5,1.0,0.0,3.0,4,30,148,4.5,4044,12.0,4.601428571428571,0.0,592,2.0,6.138440387823531,t,f,1,1,0,0,0,0,0,0,0,0,0,0,108.0
2,1.0,1.0,1.0,2,15,67,5.0,4338,9.0,4.985714285714286,2.0,134,2.0,3.5034560692864556,t,f,1,1,0,0,0,0,0,0,0,0,0,0,267.0
5,2.5,2.0,2.0,2,730,97,4.9,2092,30.0,4.878571428571429,10.0,194,1.0,0.6905208754833531,t,f,1,1,0,0,0,0,0,0,0,0,0,0,403.0
3,1.0,1.0,2.0,90,730,15,4.87,5532,168.0,4.875714285714286,3.0,1350,0.0,0.3863528886858433,f,f,1,1,0,0,0,0,0,0,0,0,0,0,175.0
2,1.5,1.0,2.0,1,7,153,4.9,3315,16.0,4.895714285714285,2.0,153,2.0,8.075340022225964,f,f,1,1,0,0,0,0,0,0,0,0,0,0,115.0
4,2.0,2.0,2.0,90,365,8,4.75,3652,282.0,4.734285714285714,8.0,720,3.0,0.6607119466496959,f,f,1,1,0,0,0,0,0,0,0,0,0,0,275.0
4,1.0,2.0,2.0,1,1125,368,4.76,2087,19.0,4.725714285714285,8.0,368,2.0,2.7061272993307104,f,f,1,1,0,0,0,0,0,0,0,0,0,0,235.0
1,1.0,1.0,1.0,30,1125,37,4.97,2974,23.0,4.938571428571429,1.0,1110,2.0,4.957228179105779,t,f,1,1,0,0,0,0,0,0,0,0,0,0,43.0
2,1.0,0.0,1.0,3,28,140,4.99,4876,9.0,4.971428571428572,0.0,420,2.0,4.9742230877225,t,t,1,1,0,0,0,0,0,0,0,0,0,0,198.0
4,1.0,1.0,2.0,90,730,9,5.0,4041,752.0,4.937142857142858,4.0,810,2.0,1.0714688777785857,f,f,1,1,0,0,0,0,0,0,0,0,0,0,175.0
2,1.0,0.0,1.0,3,21,310,4.94,2090,17.0,4.932857142857143,0.0,930,2.0,7.319599440407046,t,f,1,1,0,0,0,0,0,0,0,0,0,0,112.0
4,1.0,1.0,2.0,2,60,122,4.85,3280,9.0,4.869999999999999,4.0,244,2.0,5.055776402730889,t,t,1,1,0,0,0,0,0,0,0,0,0,0,158.0
2,1.0,1.0,1.0,2,180,479,4.94,2077,12.0,4.872857142857143,2.0,958,2.0,1.207525676117305,t,t,1,1,0,0,0,0,0,0,0,0,0,0,304.0
4,1.0,2.0,3.0,3,1125,10,4.9,2942,14.0,4.914285714285714,8.0,30,2.0,3.5510777832323868,f,f,1,0,0,0,0,0,0,0,0,0,0,0,282.0
7,2.0,3.0,3.0,3,1125,164,4.77,2099,44.0,4.741428571428571,21.0,492,1.0,1.0936269605562254,f,t,1,1,0,0,0,0,0,0,0,0,0,0,472.0
3,1.0,1.0,2.0,2,30,63,4.98,2242,10.0,4.9399999999999995,3.0,126,2.0,3.0124540295675337,t,f,1,1,0,0,0,0,0,0,0,0,0,0,199.0
2,1.0,1.0,1.0,11,60,42,4.95,2088,33.0,4.938571428571429,2.0,462,1.0,4.843670813208942,f,f,1,1,0,0,0,0,0,0,0,0,0,0,210.0
2,1.0,1.0,1.0,3,15,117,4.92,4250,11.0,4.9471428571428575,2.0,351,2.0,3.550427427408696,t,f,1,1,0,0,0,0,0,0,0,0,0,0,130.0
2,1.0,1.0,1.0,2,4,190,4.87,5053,16.0,4.905714285714287,2.0,380,2.0,5.283222529100689,t,f,1,1,0,0,0,0,0,0,0,0,0,0,126.0
2,1.0,1.0,1.0,90,1125,10,5.0,2069,1967.0,4.957142857142857,2.0,900,0.0,0.9130903757645263,f,f,1,1,0,0,0,0,0,0,0,0,0,0,131.0
4,1.0,1.0,2.0,2,30,19,4.84,3419,7.0,4.878571428571428,4.0,38,2.0,1.4305554953712623,f,f,1,1,0,0,0,0,0,0,0,0,0,0,308.0
4,2.5,1.0,2.0,5,28,9,5.0,5781,507.0,4.984285714285714,4.0,45,0.0,2.3685367695364197,,f,1,1,0,0,0,0,0,0,0,0,0,0,225.0
2,1.0,1.0,1.0,90,1125,52,4.96,4574,176.0,4.928571428571429,2.0,4680,0.0,1.2423610112057792,,f,1,1,0,0,0,0,0,0,0,0,0,0,140.0
2,1.0,1.0,1.0,90,730,23,4.87,3326,35.0,4.857142857142857,2.0,2070,1.0,0.9402441783731064,t,f,1,1,0,0,0,0,0,0,0,0,0,0,145.0
2,1.0,1.0,1.0,2,180,37,5.0,2102,6.0,4.967142857142856,2.0,74,2.0,6.382016546495085,t,f,1,1,0,0,0,0,0,0,0,0,0,0,121.0
2,1.0,1.0,1.0,2,30,127,4.74,2069,24.0,4.737142857142857,2.0,254,1.0,5.49981239473221,t,f,1,1,0,0,0,0,0,0,0,0,0,0,133.0
2,1.0,1.0,1.0,1,1125,64,4.77,2495,17.0,4.804285714285713,2.0,64,2.0,2.7090175292551066,t,f,1,1,0,0,0,0,0,0,0,0,0,0,104.0
4,1.0,1.0,2.0,1,30,413,4.87,3514,2.0,4.84857142857143,4.0,413,2.0,2.3726771513912785,,f,1,1,0,0,0,0,0,0,0,0,0,0,278.0
5,2.0,3.0,3.0,4,60,75,4.95,4752,28.0,4.911428571428572,15.0,300,1.0,4.079347982359139,t,f,1,1,0,0,0,0,0,0,0,0,0,0,413.0
2,1.0,1.0,1.0,90,729,22,5.0,3401,556.0,4.985714285714286,2.0,1980,0.0,0.8223917568706444,f,f,1,1,0,0,0,0,0,0,0,0,0,0,125.0
8,2.0,4.0,4.0,1,365,83,4.88,2057,6.0,4.892857142857144,32.0,83,2.0,8.111145502848117,t,f,1,1,0,0,0,0,0,0,0,0,0,0,385.0
1,1.0,1.0,1.0,30,1125,17,5.0,2974,31.0,4.948571428571428,1.0,510,1.0,5.117403974766498,t,f,1,1,0,0,0,0,0,0,0,0,0,0,50.0
4,1.0,2.0,2.0,1,730,208,4.69,2055,28.0,4.72,8.0,208,1.0,8.488417540866216,f,f,1,1,0,0,0,0,0,0,0,0,0,0,134.0
8,2.0,3.0,4.0,2,90,84,4.82,2051,7.0,4.8028571428571425,24.0,168,2.0,1.0797917930511942,t,f,1,1,0,0,0,0,0,0,0,0,0,0,720.0
4,2.0,2.0,3.0,2,1125,110,4.9,4720,21.0,4.881428571428572,8.0,220,2.0,2.177808966527063,t,f,1,1,0,0,0,0,0,0,0,0,0,0,551.0
5,2.0,2.0,3.0,2,60,46,4.89,4164,16.0,4.88857142857143,10.0,92,2.0,1.013395872108738,t,f,1,1,0,0,0,0,0,0,0,0,0,0,383.0
16,8.5,7.0,8.0,2,1125,87,4.91,4105,22.0,4.888571428571429,112.0,174,2.0,6.560683205744091,t,f,1,1,0,0,0,0,0,0,0,0,0,0,1550.0
6,1.0,2.0,3.0,1,30,296,4.89,2811,4.0,4.904285714285715,12.0,296,2.0,7.576162587891574,f,f,1,1,0,0,0,0,0,0,0,0,0,0,169.0
3,1.0,1.0,2.0,2,1125,307,4.81,2038,21.0,4.822857142857143,3.0,614,2.0,0.5124596853413466,f,f,1,1,0,0,0,0,0,0,0,0,0,0,260.0
4,2.5,2.0,2.0,3,28,9,5.0,2035,9.0,4.984285714285714,8.0,27,2.0,5.282614620231306,t,f,1,1,0,0,0,0,0,0,0,0,0,0,251.0
2,1.0,1.0,2.0,1,7,8,5.0,2035,7.0,4.964285714285714,2.0,8,2.0,5.820830589696327,f,f,1,1,0,0,0,0,0,0,0,0,0,0,188.0
6,2.0,3.0,3.0,2,30,171,4.88,2032,7.0,4.861428571428571,18.0,342,2.0,2.182364261613201,t,t,1,1,0,0,0,0,0,0,0,0,0,0,178.0
8,3.0,4.0,4.0,2,1125,138,4.74,2589,12.0,4.772857142857142,32.0,276,2.0,7.6819945278857595,t,f,1,1,0,0,0,0,0,0,0,0,0,0,337.0
3,1.0,1.0,1.0,91,360,7,5.0,3058,191.0,4.9799999999999995,3.0,637,0.0,0.2667514748194201,t,f,1,1,0,0,0,0,0,0,0,0,0,0,151.0
2,1.0,1.0,1.0,90,120,316,4.96,3897,140.0,4.952857142857143,2.0,28440,0.0,1.6653887126204256,t,f,1,1,0,0,0,0,0,0,0,0,0,0,110.0
3,2.0,2.0,2.0,2,1125,48,4.94,4550,12.0,4.944285714285714,6.0,96,2.0,3.041324198010353,t,f,1,1,0,0,0,0,0,0,0,0,0,0,399.0
2,1.0,1.0,1.0,1,730,449,4.88,3574,3.0,4.880000000000001,2.0,449,2.0,1.1358207798782862,,f,1,1,0,0,0,0,0,0,0,0,0,0,256.0
2,1.0,1.0,1.0,1,10,381,4.86,2165,11.0,4.87,2.0,381,2.0,4.283602012266981,t,f,1,1,0,0,0,0,0,0,0,0,0,0,84.0
4,2.0,1.0,1.0,90,360,47,4.66,2731,221.0,4.722857142857143,4.0,4230,3.0,1.0314779943211903,f,f,1,1,0,0,0,0,0,0,0,0,0,0,205.0
5,2.0,2.0,2.0,90,300,20,4.95,2403,70.0,4.921428571428571,10.0,1800,1.0,1.0571242751700525,t,f,1,1,0,0,0,0,0,0,0,0,0,0,602.0
3,1.0,1.0,2.0,90,1125,24,5.0,2015,420.0,4.898571428571429,3.0,2160,1.0,0.8907017796138587,t,f,1,1,0,0,0,0,0,0,0,0,0,0,150.0
2,1.0,1.0,2.0,90,180,18,4.83,5532,239.0,4.824285714285715,2.0,1620,3.0,0.9113225734346301,f,f,1,1,0,0,0,0,0,0,0,0,0,0,189.0
12,3.0,6.0,6.0,365,365,0,4.89,5671,0.0,4.892857142857143,72.0,0,,4.204867298886441,f,f,1,1,0,0,0,0,0,0,0,0,0,0,193.0
4,2.0,2.0,3.0,2,365,38,4.79,2121,36.0,4.839999999999999,8.0,76,1.0,6.856499422485771,f,t,1,1,0,0,0,0,0,0,0,0,0,0,182.0
6,2.0,2.0,3.0,2,28,114,4.82,3395,25.0,4.83,12.0,228,1.0,1.0058913675086583,t,t,1,1,0,0,0,0,0,0,0,0,0,0,421.0
7,2.0,2.0,4.0,2,29,159,4.97,2007,5.0,4.941428571428572,14.0,318,2.0,1.009944988790605,t,f,1,1,0,0,0,0,0,0,0,0,0,0,477.0
2,1.0,1.0,1.0,2,365,123,4.54,2004,24.0,4.641428571428571,2.0,246,1.0,8.919789865815794,f,t,1,1,0,0,0,0,0,0,0,0,0,0,135.0
2,1.0,1.0,1.0,30,150,16,5.0,4338,57.0,4.928571428571429,2.0,480,1.0,3.221724221847858,t,f,1,1,0,0,0,0,0,0,0,0,0,0,94.0
5,2.0,3.0,3.0,3,365,146,4.64,3225,30.0,4.671428571428571,15.0,438,1.0,0.8420270583681627,f,f,1,1,0,0,0,0,0,0,0,0,0,0,583.0
4,1.0,2.0,3.0,3,365,165,4.98,4054,8.0,4.97,8.0,495,2.0,4.647730560319138,t,f,1,1,0,0,0,0,0,0,0,0,0,0,163.0
2,1.0,1.0,1.0,7,25,169,4.96,3450,24.0,4.921428571428571,2.0,1183,1.0,1.0090480706997862,t,f,1,1,0,0,0,0,0,0,0,0,0,0,334.0
4,1.0,2.0,2.0,2,1125,180,4.92,3655,22.0,4.905714285714287,8.0,360,2.0,6.337066899381422,t,f,1,1,0,0,0,0,0,0,0,0,0,0,136.0
4,2.0,2.0,2.0,2,730,142,4.73,2121,20.0,4.791428571428573,8.0,284,2.0,6.819747351507333,f,f,1,1,0,0,0,0,0,0,0,0,0,0,249.0
10,4.0,4.0,7.0,5,365,2,5.0,3694,173.0,5.0,40.0,10,0.0,4.947126616810401,t,f,1,1,0,0,0,0,0,0,0,0,0,0,888.0
4,1.0,1.0,2.0,1,1125,172,4.95,2482,9.0,4.947142857142857,4.0,172,2.0,5.937140307762544,t,t,1,1,0,0,0,0,0,0,0,0,0,0,179.0
2,1.0,1.0,2.0,2,1125,197,4.94,3850,8.0,4.910000000000001,2.0,394,2.0,2.469160680995266,t,t,1,1,0,0,0,0,0,0,0,0,0,0,243.0
2,1.0,1.0,1.0,5,1125,72,4.97,2877,14.0,4.967142857142858,2.0,360,2.0,4.6171507170494275,t,f,1,1,0,0,0,0,0,0,0,0,0,0,174.0
12,2.0,5.0,6.0,3,28,19,4.84,1971,24.0,4.82,60.0,57,1.0,5.490954651485746,f,f,1,1,0,0,0,0,0,0,0,0,0,0,800.0
3,1.0,0.0,1.0,1,1125,90,4.82,3607,9.0,4.83,0.0,90,2.0,2.282195600035066,t,f,1,1,0,0,0,0,0,0,0,0,0,0,187.0
2,1.5,1.0,1.0,90,365,9,5.0,3379,236.0,4.937142857142858,2.0,810,3.0,5.349548042187839,t,f,1,1,0,0,0,0,0,0,0,0,0,0,121.0
2,1.0,1.0,1.0,91,730,9,4.89,3947,51.0,4.762857142857143,2.0,819,1.0,3.480744738228007,t,f,1,1,0,0,0,0,0,0,0,0,0,0,94.0
2,1.0,1.0,2.0,90,270,23,4.87,3453,35.0,4.881428571428572,2.0,2070,1.0,1.213476730828588,t,f,1,1,0,0,0,0,0,0,0,0,0,0,99.0
2,1.0,1.0,1.0,90,390,12,4.75,3595,70.0,4.761428571428572,2.0,1080,1.0,7.128229763061855,f,f,1,1,0,0,0,0,0,0,0,0,0,0,29.0
4,1.0,1.0,3.0,3,28,154,4.94,3984,11.0,4.908571428571428,4.0,462,2.0,2.67748525919218,t,f,1,1,0,0,0,0,0,0,0,0,0,0,257.0
10,1.5,4.0,5.0,2,365,28,4.79,1960,175.0,4.855714285714286,40.0,56,0.0,1.95713975780656,f,t,1,1,0,0,0,0,0,0,0,0,0,0,950.0
2,1.0,1.0,1.0,90,1125,0,4.89,5782,0.0,4.892857142857143,2.0,0,,0.8713722570512942,f,f,1,1,0,0,0,0,0,0,0,0,0,0,142.0
8,2.0,3.0,4.0,2,31,153,4.9,1960,44.0,4.852857142857144,24.0,306,1.0,1.013707891924295,t,t,1,1,0,0,0,0,0,0,0,0,0,0,853.0
6,2.0,3.0,5.0,4,1125,124,4.82,1966,36.0,4.801428571428572,18.0,496,1.0,0.984119340519279,f,f,1,1,0,0,0,0,0,0,0,0,0,0,417.0
5,2.0,2.0,3.0,3,730,133,4.8,1772,12.0,4.841428571428572,10.0,399,2.0,6.648458287130781,f,t,1,1,0,0,0,0,0,0,0,0,0,0,210.0
1,2.0,1.0,1.0,90,160,3,4.33,4172,1078.0,4.522857142857142,1.0,270,2.0,4.0907877250416185,t,f,1,1,0,0,0,0,0,0,0,0,0,0,35.0
4,2.0,2.0,2.0,90,1125,4,5.0,3283,1181.0,4.857142857142857,8.0,360,1.0,0.6421862941251719,f,f,1,1,0,0,0,0,0,0,0,0,0,0,348.0
5,2.0,2.0,3.0,2,365,73,4.99,3729,11.0,4.964285714285714,10.0,146,2.0,2.090427846330454,f,f,1,1,0,0,0,0,0,0,0,0,0,0,310.0
6,2.0,2.0,2.0,3,90,167,4.74,1953,35.0,4.762857142857143,12.0,501,1.0,0.5703387352810948,t,f,1,1,0,0,0,0,0,0,0,0,0,0,268.0
4,1.0,2.0,4.0,2,180,293,4.84,1952,32.0,4.827142857142857,8.0,586,1.0,0.9735282717485992,t,f,1,1,0,0,0,0,0,0,0,0,0,0,290.0
4,2.0,2.0,2.0,90,400,8,5.0,3739,174.0,4.9471428571428575,8.0,720,0.0,1.1084440331970054,t,t,1,1,0,0,0,0,0,0,0,0,0,0,233.0
8,2.0,3.0,5.0,1,999,217,4.88,4380,13.0,4.83,24.0,217,2.0,0.9240340087347307,t,f,1,1,0,0,0,0,0,0,0,0,0,0,570.0
4,2.0,2.0,2.0,3,120,121,4.93,1950,34.0,4.941428571428572,8.0,363,1.0,5.4648724716337975,t,t,1,1,0,0,0,0,0,0,0,0,0,0,295.0
2,1.0,1.0,1.0,90,365,18,4.89,3669,206.0,4.847142857142858,2.0,1620,3.0,2.575240383901041,t,f,1,1,0,0,0,0,0,0,0,0,0,0,150.0
2,1.0,1.0,1.0,2,28,117,4.82,1950,36.0,4.792857142857143,2.0,234,1.0,0.4894912848756845,t,t,1,1,0,0,0,0,0,0,0,0,0,0,262.0
2,1.0,1.0,1.0,30,365,26,4.85,3757,6.0,4.839999999999999,2.0,780,2.0,1.0142006642262469,t,f,1,1,0,0,0,0,0,0,0,0,0,0,130.0
2,1.0,0.0,1.0,3,1125,117,4.93,3080,31.0,4.942857142857143,0.0,351,1.0,3.36324452616773,t,f,1,1,0,0,0,0,0,0,0,0,0,0,109.0
6,2.0,3.0,3.0,3,90,65,4.91,4888,13.0,4.875714285714286,18.0,195,2.0,6.684264062078998,f,f,1,1,0,0,0,0,0,0,0,0,0,0,327.0
8,2.0,2.0,4.0,3,29,108,4.91,1941,4.0,4.89,16.0,324,2.0,0.9382891076076805,t,f,1,1,0,0,0,0,0,0,0,0,0,0,434.0
2,1.0,1.0,2.0,2,31,63,4.76,2986,9.0,4.722857142857143,2.0,126,2.0,1.2301217194832037,f,f,1,1,0,0,0,0,0,0,0,0,0,0,296.0
2,1.0,1.0,1.0,3,16,172,4.96,1966,30.0,4.941428571428572,2.0,516,1.0,0.831535726432872,t,f,1,1,0,0,0,0,0,0,0,0,0,0,162.0
5,1.0,1.0,2.0,90,365,75,4.85,2714,23.0,4.747142857142856,5.0,6750,2.0,1.0551364051718533,f,f,1,1,0,0,0,0,0,0,0,0,0,0,198.0
3,1.0,1.0,1.0,1,90,279,4.88,1941,272.0,4.885714285714286,3.0,279,3.0,0.4669505411455419,t,f,1,1,0,0,0,0,0,0,0,0,0,0,209.0
1,1.0,1.0,1.0,2,7,132,4.57,1977,9.0,4.6571428571428575,1.0,264,2.0,5.496392720515073,f,f,1,1,0,0,0,0,0,0,0,0,0,0,61.0
2,1.0,1.0,1.0,3,1125,26,4.77,1980,18.0,4.822857142857141,2.0,78,2.0,4.13089600745742,f,f,1,1,0,0,0,0,0,0,0,0,0,0,188.0
1,1.0,1.0,1.0,90,365,10,4.8,2572,632.0,4.771428571428571,1.0,900,3.0,4.253632027127709,f,f,1,1,0,0,0,0,0,0,0,0,0,0,47.0
4,1.0,2.0,2.0,2,1125,112,4.72,3876,296.0,4.687142857142858,8.0,224,3.0,1.0535710161324752,t,f,1,1,0,0,0,0,0,0,0,0,0,0,580.0
2,1.0,1.0,1.0,90,1125,12,4.58,4786,324.0,4.595714285714286,2.0,1080,2.0,6.528697425122159,f,f,1,1,0,0,0,0,0,0,0,0,0,0,60.0
4,1.0,2.0,2.0,3,61,93,4.88,4374,23.0,4.901428571428572,8.0,279,2.0,2.4185805954568362,t,f,1,1,0,0,0,0,0,0,0,0,0,0,233.0
6,3.0,3.0,3.0,90,1125,133,4.77,4357,23.0,4.777142857142857,18.0,11970,2.0,7.45118762545771,,t,1,1,0,0,0,0,0,0,0,0,0,0,357.0
4,1.0,1.0,2.0,90,1125,0,4.89,1923,0.0,4.892857142857143,4.0,0,,3.512787492286352,f,t,1,1,0,0,0,0,0,0,0,0,0,0,169.0
4,1.0,1.0,2.0,90,1125,1,5.0,1923,1028.0,5.0,4.0,90,2.0,3.3715657200772444,f,t,1,1,0,0,0,0,0,0,0,0,0,0,169.0
7,3.0,4.0,4.0,3,730,97,4.97,1955,10.0,4.931428571428571,28.0,291,2.0,6.678134857859296,t,f,1,1,0,0,0,0,0,0,0,0,0,0,680.0
8,2.0,4.0,5.0,2,1125,429,4.74,2120,17.0,4.75,32.0,858,2.0,1.0407810470745398,t,f,1,1,0,0,0,0,0,0,0,0,0,0,563.0
1,1.0,1.0,1.0,2,7,117,4.65,1977,5.0,4.667142857142857,1.0,234,2.0,5.567923562260793,f,f,1,1,0,0,0,0,0,0,0,0,0,0,69.0
6,2.0,2.0,3.0,30,1125,4,5.0,4758,147.0,4.964285714285714,12.0,120,0.0,0.42306282708802373,t,f,1,1,0,0,0,0,0,0,0,0,0,0,352.0
6,2.0,2.0,3.0,1,28,24,4.96,4758,25.0,4.877142857142857,12.0,24,1.0,0.528235582585739,t,f,1,1,0,0,0,0,0,0,0,0,0,0,895.0
5,1.0,2.0,3.0,1,365,21,4.86,3166,35.0,4.85,10.0,21,1.0,5.432131420179242,t,f,1,1,0,0,0,0,0,0,0,0,0,0,158.0
4,2.0,2.0,2.0,90,365,8,5.0,3294,331.0,4.841428571428572,8.0,720,2.0,0.6747268985658281,t,f,1,1,0,0,0,0,0,0,0,0,0,0,210.0
3,1.0,1.0,1.0,30,730,4,4.75,3637,45.0,4.607142857142857,3.0,120,1.0,1.1263244666021317,f,f,1,1,0,0,0,0,0,0,0,0,0,0,119.0
4,1.0,1.0,2.0,2,1125,253,4.89,4085,29.0,4.85,4.0,506,1.0,0.8979908036310471,,f,1,1,0,0,0,0,0,0,0,0,0,0,220.0
2,1.0,0.0,2.0,30,1125,4,4.75,4758,828.0,4.571428571428571,0.0,120,1.0,0.5279752565181007,t,f,1,1,0,0,0,0,0,0,0,0,0,0,178.0
4,1.0,1.0,2.0,90,1125,2,4.5,4758,1354.0,4.428571428571429,4.0,180,3.0,1.1725916622468016,t,f,1,1,0,0,0,0,0,0,0,0,0,0,197.0
4,1.0,1.0,2.0,14,180,26,4.85,2403,311.0,4.839999999999999,4.0,364,2.0,0.6461526063830727,t,f,1,1,0,0,0,0,0,0,0,0,0,0,444.0
1,1.0,1.0,1.0,90,1125,2,5.0,2750,357.0,4.928571428571429,1.0,180,2.0,4.309377971899258,f,f,1,1,0,0,0,0,0,0,0,0,0,0,66.0
2,1.0,1.0,2.0,3,120,125,4.97,4068,14.0,4.958571428571429,2.0,375,2.0,5.535091661682914,t,f,1,1,0,0,0,0,0,0,0,0,0,0,166.0
8,2.0,3.0,4.0,2,120,38,4.63,3357,13.0,4.752857142857144,24.0,76,2.0,3.73896216661338,t,f,1,1,0,0,0,0,0,0,0,0,0,0,276.0
5,2.0,2.0,2.0,2,27,242,4.93,3077,9.0,4.877142857142857,10.0,484,2.0,0.8331335979167628,t,t,1,1,0,0,0,0,0,0,0,0,0,0,326.0
2,1.0,0.0,1.0,90,730,7,4.43,3489,55.0,4.2457142857142856,0.0,630,1.0,1.2647485861713392,f,t,1,1,0,0,0,0,0,0,0,0,0,0,170.0
2,0.0,1.0,1.0,1,1125,77,4.14,3784,657.0,4.281428571428571,2.0,77,3.0,0.456569034790204,f,t,1,1,0,0,0,0,0,0,0,0,0,0,282.0
2,1.0,0.0,1.0,91,91,13,4.92,3268,23.0,4.878571428571428,0.0,1183,2.0,0.9159841622502821,f,f,1,1,0,0,0,0,0,0,0,0,0,0,168.0
2,1.0,1.0,1.0,1,1125,16,4.88,4502,8.0,4.877142857142857,2.0,16,2.0,6.319320377936041,t,f,1,1,0,0,0,0,0,0,0,0,0,0,68.0
2,1.0,1.0,1.0,90,1125,5,5.0,4110,191.0,4.971428571428571,2.0,450,0.0,2.5495982936604524,t,f,1,1,0,0,0,0,0,0,0,0,0,0,296.0
4,1.0,2.0,3.0,1,93,173,4.87,3161,11.0,4.890000000000001,8.0,173,2.0,4.169034421287118,t,t,1,1,0,0,0,0,0,0,0,0,0,0,226.0
5,1.5,2.0,3.0,2,1125,81,4.99,4075,16.0,4.971428571428571,10.0,162,2.0,5.152442288144435,t,f,1,1,0,0,0,0,0,0,0,0,0,0,394.0
4,1.0,2.0,2.0,2,30,154,4.57,3012,40.0,4.695714285714286,8.0,308,1.0,4.734669862474252,f,f,1,1,0,0,0,0,0,0,0,0,0,0,126.0
2,1.0,1.0,2.0,2,31,165,4.61,3012,25.0,4.731428571428572,2.0,330,1.0,4.804121728824678,f,f,1,1,0,0,0,0,0,0,0,0,0,0,114.0
2,1.0,1.0,1.0,30,300,0,4.89,3757,0.0,4.892857142857143,2.0,0,,1.2442959287510267,t,f,1,1,0,0,0,0,0,0,0,0,0,0,281.0
2,1.0,1.0,1.0,5,1125,78,4.94,3847,55.0,4.95,2.0,390,1.0,4.753675389156866,t,f,1,1,0,0,0,0,0,0,0,0,0,0,176.0
1,1.0,0.0,1.0,2,31,59,4.92,3127,182.0,4.89,0.0,118,0.0,7.77132503350703,f,f,1,1,0,0,0,0,0,0,0,0,0,0,135.0
4,1.0,2.0,4.0,90,730,3,4.0,4167,874.0,4.191428571428572,8.0,270,0.0,0.3759043824850271,,f,1,1,0,0,0,0,0,0,0,0,0,0,112.0
4,2.0,2.0,2.0,90,730,19,5.0,3842,679.0,4.871428571428571,8.0,1710,2.0,2.25150237069676,t,f,1,1,0,0,0,0,0,0,0,0,0,0,115.0
5,2.5,3.0,3.0,3,1125,84,4.96,1915,20.0,4.9471428571428575,15.0,252,2.0,3.2554024019581034,t,f,1,1,0,0,0,0,0,0,0,0,0,0,709.0
4,2.0,2.0,2.0,90,200,14,5.0,3585,116.0,4.918571428571428,8.0,1260,0.0,2.430207769104112,f,f,1,1,0,0,0,0,0,0,0,0,0,0,15.0
4,1.0,1.0,2.0,90,180,316,4.76,3404,74.0,4.772857142857142,4.0,28440,1.0,1.06260410948573,f,f,1,1,0,0,0,0,0,0,0,0,0,0,110.0
4,1.0,1.0,1.0,90,1125,2,3.0,3189,1620.0,3.0714285714285716,4.0,180,0.0,0.9871396049853507,t,f,1,1,0,0,0,0,0,0,0,0,0,0,166.0
2,1.0,1.0,1.0,90,1125,19,4.89,2955,24.0,4.79,2.0,1710,1.0,8.91448583786034,t,f,1,1,0,0,0,0,0,0,0,0,0,0,91.0
2,1.0,1.0,1.0,90,730,4,5.0,3189,419.0,4.928571428571429,2.0,360,1.0,1.0194915097155104,t,f,1,1,0,0,0,0,0,0,0,0,0,0,153.0
2,1.0,1.0,2.0,90,300,12,4.83,3045,118.0,4.8100000000000005,2.0,1080,0.0,0.3323303850300174,t,f,1,1,0,0,0,0,0,0,0,0,0,0,147.0
2,1.0,1.0,1.0,3,30,122,4.94,3638,9.0,4.935714285714286,2.0,366,2.0,4.214434962134831,t,t,1,1,0,0,0,0,0,0,0,0,0,0,175.0
2,1.0,0.0,1.0,2,10,300,4.95,3528,19.0,4.948571428571428,0.0,600,2.0,3.6348559583028694,t,f,1,1,0,0,0,0,0,0,0,0,0,0,135.0
2,1.0,1.0,1.0,2,60,152,4.99,3919,14.0,4.961428571428572,2.0,304,2.0,5.387810514973296,t,f,1,1,0,0,0,0,0,0,0,0,0,0,213.0
6,2.0,3.0,4.0,3,28,109,4.85,3413,23.0,4.872857142857143,18.0,327,2.0,6.879155114800055,t,f,1,1,0,0,0,0,0,0,0,0,0,0,290.0
4,2.0,2.0,2.0,90,90,19,5.0,2045,296.0,4.954285714285715,8.0,1710,3.0,0.9420841376610929,t,f,1,1,0,0,0,0,0,0,0,0,0,0,500.0
2,1.0,1.0,2.0,2,31,151,4.91,1797,25.0,4.9071428571428575,2.0,302,1.0,7.8106964653379185,t,f,1,1,0,0,0,0,0,0,0,0,0,0,122.0
3,1.0,1.0,2.0,90,182,249,4.83,3391,560.0,4.871428571428572,3.0,22410,0.0,0.6905036456263108,t,f,1,1,0,0,0,0,0,0,0,0,0,0,180.0
4,1.0,2.0,2.0,2,90,115,4.76,4479,20.0,4.775714285714286,8.0,230,2.0,5.12414836268104,f,f,1,1,0,0,0,0,0,0,0,0,0,0,223.0
3,1.0,1.0,2.0,1,90,71,4.69,2146,8.0,4.78,3.0,71,2.0,5.82073800764914,t,f,1,1,0,0,0,0,0,0,0,0,0,0,169.0
4,2.0,2.0,2.0,90,730,4,5.0,3189,674.0,4.964285714285714,8.0,360,2.0,0.6195939362563483,t,f,1,1,0,0,0,0,0,0,0,0,0,0,193.0
2,1.0,1.0,2.0,180,1125,0,4.89,2695,0.0,4.892857142857143,2.0,0,,1.018060831882819,f,t,1,1,0,0,0,0,0,0,0,0,0,0,2200.0
3,1.0,1.0,2.0,90,730,82,4.84,4530,237.0,4.838571428571429,3.0,7380,3.0,0.5527073356673429,t,f,1,1,0,0,0,0,0,0,0,0,0,0,152.0
4,1.0,2.0,2.0,90,1125,1,5.0,2363,692.0,4.714285714285714,8.0,90,2.0,0.8617120112653023,f,f,1,0,0,0,0,0,0,0,0,0,0,0,140.0
6,2.0,2.0,4.0,3,30,97,4.87,2711,278.0,4.821428571428571,12.0,291,3.0,0.478980197832586,t,t,1,1,0,0,0,0,0,0,0,0,0,0,510.0
2,1.0,1.0,1.0,90,730,7,4.29,2919,509.0,4.428571428571429,2.0,630,0.0,0.29050695545985383,f,f,1,1,0,0,0,0,0,0,0,0,0,0,149.0
1,2.0,1.0,1.0,90,150,6,5.0,4172,26.0,4.904285714285714,1.0,540,1.0,4.292703266761835,t,f,1,1,0,0,0,0,0,0,0,0,0,0,51.0
2,1.0,1.0,1.0,90,365,0,4.89,3640,0.0,4.892857142857143,2.0,0,,1.1605054795867347,f,t,1,1,0,0,0,0,0,0,0,0,0,0,117.0
6,2.5,3.0,3.0,90,1125,0,4.89,4212,0.0,4.892857142857143,18.0,0,,2.318305666766516,f,f,1,1,0,0,0,0,0,0,0,0,0,0,875.0
2,1.0,0.0,2.0,90,400,9,5.0,2213,846.0,4.7942857142857145,0.0,810,1.0,0.6327095284659475,f,f,1,1,0,0,0,0,0,0,0,0,0,0,108.0
1,1.0,1.0,1.0,90,730,1,5.0,3663,143.0,5.0,1.0,90,0.0,6.937664296356069,t,f,1,1,0,0,0,0,0,0,0,0,0,0,46.0
2,1.0,1.0,1.0,4,1125,67,4.72,4718,25.0,4.767142857142857,2.0,268,1.0,5.214691166091826,f,f,1,1,0,0,0,0,0,0,0,0,0,0,127.0
4,1.0,1.0,2.0,2,7,209,4.89,1762,11.0,4.797142857142857,4.0,418,2.0,1.1993436029133997,t,f,1,1,0,0,0,0,0,0,0,0,0,0,263.0
2,1.0,1.0,1.0,3,120,148,4.97,4763,26.0,4.922857142857143,2.0,444,1.0,1.2442087846112173,t,f,1,1,0,0,0,0,0,0,0,0,0,0,327.0
2,1.0,1.0,1.0,90,180,11,5.0,3623,45.0,4.935714285714285,2.0,990,1.0,3.1663038627227746,t,f,1,1,0,0,0,0,0,0,0,0,0,0,78.0
2,1.0,1.0,1.0,3,120,44,4.93,3320,8.0,4.931428571428571,2.0,132,2.0,3.301322722493557,t,f,1,1,0,0,0,0,0,0,0,0,0,0,216.0
3,1.0,1.0,2.0,90,1125,11,3.91,1788,198.0,4.208571428571429,3.0,990,0.0,3.919933986522415,f,f,1,1,0,0,0,0,0,0,0,0,0,0,91.0
2,1.0,1.0,1.0,90,1125,0,4.89,3105,0.0,4.892857142857143,2.0,0,,0.9164902013671293,f,f,1,1,0,0,0,0,0,0,0,0,0,0,143.0
4,2.0,1.0,4.0,90,300,16,4.81,4106,40.0,4.812857142857142,4.0,1440,1.0,4.075229524853213,t,f,1,1,0,0,0,0,0,0,0,0,0,0,130.0
2,1.0,1.0,1.0,2,1125,153,4.96,4431,23.0,4.932857142857143,2.0,306,2.0,4.598449765925819,t,t,1,1,0,0,0,0,0,0,0,0,0,0,186.0
6,2.0,4.0,5.0,2,365,177,4.82,1746,21.0,4.798571428571429,24.0,354,2.0,0.9198302435818672,t,t,1,1,0,0,0,0,0,0,0,0,0,0,450.0
2,1.0,1.0,1.0,2,30,45,4.96,4078,8.0,4.941428571428572,2.0,90,2.0,2.5200084644785923,t,f,1,1,0,0,0,0,0,0,0,0,0,0,104.0
1,1.0,1.0,,90,730,3,5.0,3349,591.0,4.952857142857143,1.0,270,3.0,6.766035978893542,t,f,1,1,0,0,0,0,0,0,0,0,0,0,60.0
2,1.0,1.0,1.0,3,700,44,4.68,4871,14.0,4.5685714285714285,2.0,132,2.0,2.798166581104667,f,f,1,1,0,0,0,0,0,0,0,0,0,0,164.0
2,1.0,1.0,1.0,90,730,18,4.89,1722,169.0,4.888571428571429,2.0,1620,0.0,1.1695943046014023,t,f,1,1,0,0,0,0,0,0,0,0,0,0,130.0
4,1.0,2.0,2.0,90,1125,0,4.89,2363,0.0,4.892857142857143,8.0,0,,0.8885392670332484,f,f,1,0,0,0,0,0,0,0,0,0,0,0,112.0
1,1.0,1.0,2.0,120,1125,4,4.5,2003,1089.0,4.535714285714286,1.0,480,2.0,1.1531248741339695,f,f,1,1,0,0,0,0,0,0,0,0,0,0,108.0
2,1.0,0.0,1.0,90,120,101,4.93,5123,116.0,4.921428571428572,0.0,9090,0.0,5.057411759680586,t,f,1,1,0,0,0,0,0,0,0,0,0,0,106.0
3,1.0,1.0,1.0,90,730,14,5.0,4608,61.0,4.918571428571428,3.0,1260,1.0,0.3938463200773012,f,f,1,1,0,0,0,0,0,0,0,0,0,0,183.0
2,1.0,1.0,1.0,90,1125,19,5.0,4248,169.0,4.954285714285715,2.0,1710,0.0,2.7214474862044233,t,f,1,1,0,0,0,0,0,0,0,0,0,0,165.0
2,1.0,1.0,1.0,90,120,42,4.81,3370,242.0,4.865714285714286,2.0,3780,3.0,5.976556457353742,t,f,1,1,0,0,0,0,0,0,0,0,0,0,70.0
4,1.0,1.0,2.0,2,200,85,4.74,4071,12.0,4.82,4.0,170,2.0,3.5421682353683517,f,f,1,1,0,0,0,0,0,0,0,0,0,0,175.0
1,1.0,1.0,1.0,90,1125,11,4.82,4574,245.0,4.871428571428572,1.0,990,3.0,0.3506133966345978,,f,1,1,0,0,0,0,0,0,0,0,0,0,125.0
3,1.0,1.0,1.0,90,730,4,4.75,2919,223.0,4.857142857142857,3.0,360,3.0,0.4076416604156809,f,f,1,1,0,0,0,0,0,0,0,0,0,0,139.0
9,5.0,4.0,4.0,3,150,56,4.98,1695,66.0,4.948571428571428,36.0,168,1.0,7.157257086127865,t,f,1,1,0,0,0,0,0,0,0,0,0,0,781.0
2,1.0,1.0,1.0,90,1125,0,4.89,2363,0.0,4.892857142857143,2.0,0,,1.6861990887278884,f,f,1,0,0,0,0,0,0,0,0,0,0,0,112.0
4,1.0,1.0,2.0,3,180,123,4.93,3353,20.0,4.927142857142856,4.0,369,2.0,3.980475871731713,t,f,1,1,0,0,0,0,0,0,0,0,0,0,193.0
3,1.0,1.0,1.0,2,30,298,4.92,3295,16.0,4.914285714285714,3.0,596,2.0,0.35922636256923696,t,f,1,1,0,0,0,0,0,0,0,0,0,0,306.0
4,1.0,1.0,2.0,5,29,97,4.94,3182,9.0,4.917142857142856,4.0,485,2.0,4.942134080521618,t,f,1,1,0,0,0,0,0,0,0,0,0,0,185.0
2,1.0,1.0,1.0,90,365,2,4.5,2480,263.0,4.785714285714286,2.0,180,3.0,1.2616108812567677,t,f,1,1,0,0,0,0,0,0,0,0,0,0,140.0
4,1.0,1.0,2.0,3,30,200,4.9,3657,28.0,4.915714285714286,4.0,600,1.0,2.5561229797120357,t,f,1,1,0,0,0,0,0,0,0,0,0,0,167.0
4,2.0,2.0,2.0,90,730,13,4.85,1980,6.0,4.781428571428571,8.0,1170,2.0,0.30597362760963714,f,f,1,1,0,0,0,0,0,0,0,0,0,0,141.0
6,2.0,3.0,4.0,4,60,24,5.0,4830,6.0,4.982857142857142,18.0,96,2.0,4.448650404113518,f,f,1,1,0,0,0,0,0,0,0,0,0,0,450.0
4,2.0,2.0,2.0,90,1125,104,4.68,1794,306.0,4.667142857142857,8.0,9360,2.0,0.9732155371418392,t,f,1,1,0,0,0,0,0,0,0,0,0,0,288.0
3,1.0,1.0,1.0,5,20,144,4.81,5340,37.0,4.798571428571428,3.0,720,1.0,1.028279815866251,t,f,1,1,0,0,0,0,0,0,0,0,0,0,275.0
2,1.0,2.0,2.0,1,30,28,4.71,1662,58.0,4.75,4.0,28,1.0,5.804083187392311,f,t,1,1,0,0,0,0,0,0,0,0,0,0,259.0
2,2.0,2.0,2.0,90,90,19,4.95,4412,144.0,4.932857142857143,4.0,1710,0.0,2.2594420651018803,t,f,1,1,0,0,0,0,0,0,0,0,0,0,161.0
5,1.0,2.0,3.0,90,1125,345,4.75,2015,32.0,4.7542857142857144,10.0,31050,1.0,0.7755226840525304,t,f,1,1,0,0,0,0,0,0,0,0,0,0,298.0
4,1.0,1.0,2.0,3,1125,175,4.97,1656,9.0,4.948571428571428,4.0,525,2.0,3.6938258722313373,t,f,1,1,0,0,0,0,0,0,0,0,0,0,319.0
6,2.0,3.0,3.0,3,1125,181,4.88,1650,21.0,4.805714285714286,18.0,543,2.0,1.4897791006419148,t,f,1,1,0,0,0,0,0,0,0,0,0,0,341.0
6,1.0,2.0,4.0,1,1125,104,4.88,2189,15.0,4.8585714285714285,12.0,104,2.0,7.787319018068888,t,f,1,1,0,0,0,0,0,0,0,0,0,0,157.0
4,1.0,2.0,3.0,3,28,41,4.95,1645,49.0,4.918571428571428,8.0,123,1.0,4.496452781108397,f,f,1,1,0,0,0,0,0,0,0,0,0,0,342.0
4,1.0,2.0,3.0,3,70,65,4.88,3460,13.0,4.837142857142857,8.0,195,2.0,0.5522304679697604,t,f,1,1,0,0,0,0,0,0,0,0,0,0,486.0
2,1.0,1.0,1.0,90,1125,0,4.89,2363,0.0,4.892857142857143,2.0,0,,1.7734593210327283,f,f,1,0,0,0,0,0,0,0,0,0,0,0,112.0
3,1.0,1.0,1.0,3,30,131,4.73,1639,99.0,4.788571428571429,3.0,393,1.0,2.95645157998317,f,f,1,1,0,0,0,0,0,0,0,0,0,0,131.0
4,1.0,1.0,2.0,90,1125,143,4.91,2025,137.0,4.855714285714285,4.0,12870,0.0,1.7107983329607956,f,f,1,1,0,0,0,0,0,0,0,0,0,0,98.0
3,1.0,2.0,2.0,90,730,6,4.5,4572,297.0,4.714285714285714,6.0,540,2.0,5.055981717943926,f,f,1,1,0,0,0,0,0,0,0,0,0,0,150.0
3,1.5,2.0,4.0,90,730,4,5.0,4572,572.0,4.964285714285714,6.0,360,3.0,5.0693610695219915,f,f,1,1,0,0,0,0,0,0,0,0,0,0,225.0
1,1.0,1.0,2.0,90,1125,0,4.89,4572,0.0,4.892857142857143,1.0,0,,5.1017669357723845,f,f,1,1,0,0,0,0,0,0,0,0,0,0,125.0
5,2.0,2.0,2.0,90,730,13,5.0,4289,45.0,4.945714285714287,10.0,1170,1.0,0.5712772826510634,t,f,1,1,0,0,0,0,0,0,0,0,0,0,285.0
4,1.5,3.0,3.0,1,1125,5,3.0,2298,639.0,3.514285714285714,12.0,5,3.0,5.4240427629318475,f,f,1,1,0,0,0,0,0,0,0,0,0,0,231.0
5,2.0,3.0,3.0,2,29,117,4.66,1624,20.0,4.6814285714285715,15.0,234,2.0,5.726144096662187,f,f,1,1,0,0,0,0,0,0,0,0,0,0,164.0
2,1.0,1.0,1.0,9,29,99,4.99,4106,25.0,4.965714285714285,2.0,891,1.0,3.016180672319044,t,f,1,1,0,0,0,0,0,0,0,0,0,0,150.0
4,1.0,1.0,4.0,1,1125,144,4.86,4503,13.0,4.847142857142857,4.0,144,2.0,4.944723250640986,t,f,1,1,0,0,0,0,0,0,0,0,0,0,212.0
4,1.0,2.0,3.0,1,90,134,4.78,2927,76.0,4.827142857142857,8.0,134,1.0,3.459567685886082,t,f,1,1,0,0,0,0,0,0,0,0,0,0,214.0
2,1.0,0.0,3.0,365,365,0,4.89,1618,0.0,4.892857142857143,0.0,0,,6.545714595110406,f,t,1,0,0,0,0,0,0,0,0,0,0,0,143.0
5,1.0,3.0,3.0,1,29,300,4.84,5608,9.0,4.847142857142857,15.0,300,2.0,7.356157561774712,t,f,1,1,0,0,0,0,0,0,0,0,0,0,211.0
4,1.0,1.0,2.0,1,365,36,4.69,4224,62.0,4.695714285714286,4.0,36,1.0,2.4712674336018767,f,f,1,1,0,0,0,0,0,0,0,0,0,0,203.0
7,2.5,4.0,4.0,2,90,27,4.85,4281,23.0,4.835714285714286,28.0,54,2.0,8.47311929811792,t,f,1,0,0,0,0,0,0,0,0,0,0,0,591.0
3,1.0,1.0,2.0,1,1125,43,4.88,1610,221.0,4.905714285714285,3.0,43,3.0,0.18420318159038476,f,f,1,1,0,0,0,0,0,0,0,0,0,0,431.0
2,1.0,2.0,2.0,1,30,21,4.62,1662,21.0,4.6328571428571435,4.0,21,2.0,5.697355120326202,f,f,1,1,0,0,0,0,0,0,0,0,0,0,219.0
4,1.0,2.0,2.0,90,800,19,4.84,3362,327.0,4.857142857142857,8.0,1710,2.0,3.704067423038342,f,f,1,1,0,0,0,0,0,0,0,0,0,0,159.0
6,1.0,2.0,3.0,2,60,21,5.0,3288,17.0,4.942857142857143,12.0,42,2.0,5.943243649669086,t,f,1,0,0,0,0,0,0,0,0,0,0,0,206.0
3,1.0,2.0,2.0,90,1125,3,3.67,1849,1092.0,4.381428571428572,6.0,270,2.0,0.9226190161488289,f,f,1,1,0,0,0,0,0,0,0,0,0,0,142.0
2,1.0,1.0,1.0,3,120,24,5.0,3174,8.0,4.965714285714285,2.0,72,2.0,1.1639771763447566,t,f,1,1,0,0,0,0,0,0,0,0,0,0,339.0
3,1.0,1.0,1.0,90,300,12,4.42,2890,206.0,4.394285714285714,3.0,1080,3.0,2.537219575642923,f,f,1,1,0,0,0,0,0,0,0,0,0,0,112.0
4,2.0,2.0,2.0,90,1125,1,4.0,2363,905.0,4.714285714285714,8.0,90,0.0,0.6052744807666267,f,f,1,0,0,0,0,0,0,0,0,0,0,0,198.0
3,1.0,1.0,1.0,4,700,21,4.9,4437,81.0,4.908571428571428,3.0,84,1.0,2.7365493436525243,t,f,1,1,0,0,0,0,0,0,0,0,0,0,156.0
4,1.0,2.0,3.0,1,90,15,4.87,4021,24.0,4.8757142857142854,8.0,15,1.0,8.260721514318526,f,t,1,1,0,0,0,0,0,0,0,0,0,0,219.0
2,1.0,1.0,1.0,1,7,355,4.7,4213,5.0,4.774285714285715,2.0,355,2.0,7.021959183155036,f,t,1,1,0,0,0,0,0,0,0,0,0,0,77.0
6,2.0,3.0,3.0,2,1125,66,4.94,3672,35.0,4.9471428571428575,18.0,132,1.0,1.8019533043209393,t,t,1,1,0,0,0,0,0,0,0,0,0,0,3057.0
2,1.0,0.0,1.0,90,365,0,4.89,3739,0.0,4.892857142857143,0.0,0,,1.5409956307219854,t,f,1,1,0,0,0,0,0,0,0,0,0,0,88.0
2,1.0,0.0,1.0,90,1125,0,4.89,2363,0.0,4.892857142857143,0.0,0,,0.6052744807666267,f,f,1,0,0,0,0,0,0,0,0,0,0,0,136.0
2,1.0,0.0,1.0,90,1125,2,4.5,2363,1028.0,4.571428571428571,0.0,180,2.0,0.6052744807666267,f,f,1,0,0,0,0,0,0,0,0,0,0,0,107.0
6,2.0,2.0,3.0,2,90,140,4.79,2020,106.0,4.815714285714286,12.0,280,1.0,0.9193365799546649,f,t,1,1,0,0,0,0,0,0,0,0,0,0,316.0
4,2.0,2.0,3.0,90,120,94,4.7,1823,47.0,4.747142857142857,8.0,8460,1.0,8.00799135467702,f,f,1,1,0,0,0,0,0,0,0,0,0,0,110.0
2,1.0,1.0,1.0,90,730,2,5.0,3189,419.0,4.785714285714286,2.0,180,1.0,1.1637066434308123,t,f,1,1,0,0,0,0,0,0,0,0,0,0,158.0
2,1.0,1.0,1.0,1,1125,256,4.86,4060,24.0,4.871428571428572,2.0,256,1.0,5.914409499951892,t,f,1,1,0,0,0,0,0,0,0,0,0,0,84.0
2,1.0,1.0,2.0,2,1125,154,4.93,3698,18.0,4.911428571428571,2.0,308,2.0,5.409995254561912,t,t,1,1,0,0,0,0,0,0,0,0,0,0,141.0
6,2.0,2.0,3.0,2,365,121,4.76,4048,29.0,4.7700000000000005,12.0,242,1.0,1.5921930929991417,t,f,1,1,0,0,0,0,0,0,0,0,0,0,321.0
4,2.0,2.0,2.0,2,365,75,4.89,3581,24.0,4.877142857142856,8.0,150,1.0,0.9866699039486122,t,f,1,1,0,0,0,0,0,0,0,0,0,0,367.0
4,1.0,1.0,2.0,2,30,186,4.9,3955,8.0,4.868571428571428,4.0,372,2.0,0.520225771568736,t,f,1,1,0,0,0,0,0,0,0,0,0,0,310.0
2,1.0,1.0,1.0,90,500,11,4.82,1562,164.0,4.832857142857143,2.0,990,0.0,1.2312568327961655,f,t,1,1,0,0,0,0,0,0,0,0,0,0,299.0
3,1.0,1.0,2.0,90,366,5,4.8,2840,55.0,4.828571428571428,3.0,450,1.0,3.3778590328542024,f,f,1,1,0,0,0,0,0,0,0,0,0,0,105.0
3,1.0,1.0,2.0,3,30,75,5.0,3412,9.0,4.992857142857143,3.0,225,2.0,4.5518346978994195,f,f,1,1,0,0,0,0,0,0,0,0,0,0,182.0
2,1.0,1.0,1.0,2,730,127,4.96,1554,28.0,4.921428571428572,2.0,254,1.0,3.177574375015838,t,t,1,1,0,0,0,0,0,0,0,0,0,0,315.0
2,1.0,1.0,1.0,1,90,352,4.88,3591,9.0,4.877142857142857,2.0,352,2.0,0.506337875752705,t,f,1,1,0,0,0,0,0,0,0,0,0,0,231.0
2,1.0,1.0,1.0,90,730,12,5.0,2978,327.0,4.905714285714287,2.0,1080,2.0,2.8033980453067215,t,f,1,1,0,0,0,0,0,0,0,0,0,0,55.0
5,1.0,2.0,3.0,1,60,261,4.89,4072,8.0,4.910000000000001,10.0,261,2.0,4.197164291870665,f,t,1,1,0,0,0,0,0,0,0,0,0,0,229.0
2,0.0,1.0,1.0,1,90,211,4.79,3391,4.0,4.831428571428572,2.0,211,2.0,0.5459073312555373,t,t,1,1,0,0,0,0,0,0,0,0,0,0,219.0
6,1.5,3.0,6.0,3,99,176,4.88,2240,4.0,4.868571428571428,18.0,528,2.0,5.911230403959272,t,f,1,1,0,0,0,0,0,0,0,0,0,0,211.0
4,1.0,1.0,1.0,90,365,12,5.0,2202,45.0,4.964285714285714,4.0,1080,1.0,1.6481536788503528,t,t,1,1,0,0,0,0,0,0,0,0,0,0,200.0
2,2.0,2.0,2.0,90,120,77,4.82,3127,29.0,4.797142857142857,4.0,6930,1.0,7.862563478618723,f,f,1,1,0,0,0,0,0,0,0,0,0,0,156.0
2,1.0,0.0,1.0,1,28,280,4.85,2205,53.0,4.878571428571428,0.0,280,1.0,6.766047008649657,t,f,1,1,0,0,0,0,0,0,0,0,0,0,145.0
2,1.0,1.0,1.0,2,180,169,4.99,3123,10.0,4.977142857142858,2.0,338,2.0,2.7651986654871674,t,f,1,1,0,0,0,0,0,0,0,0,0,0,144.0
3,1.0,1.0,2.0,3,1125,116,4.66,1672,43.0,4.6499999999999995,3.0,348,1.0,1.4693973692152809,f,f,1,1,0,0,0,0,0,0,0,0,0,0,184.0
4,1.0,2.0,2.0,2,30,23,4.87,3995,16.0,4.944285714285714,8.0,46,2.0,6.817248729093753,t,f,1,1,0,0,0,0,0,0,0,0,0,0,224.0
6,2.5,3.0,4.0,30,90,6,5.0,3056,40.0,4.975714285714285,18.0,180,1.0,2.012393655965871,t,f,1,1,0,0,0,0,0,0,0,0,0,0,698.0
3,1.0,1.0,2.0,90,730,1,5.0,2919,721.0,4.714285714285714,3.0,90,2.0,1.0214594732984823,f,f,1,1,0,0,0,0,0,0,0,0,0,0,116.0
1,1.0,1.0,0.0,90,365,1,4.0,1654,1492.0,4.571428571428571,1.0,90,1.0,4.546173876316872,f,f,1,1,0,0,0,0,0,0,0,0,0,0,63.0
4,1.0,2.0,3.0,90,720,30,4.7,1517,596.0,4.775714285714287,8.0,2700,3.0,0.42695033934119087,f,f,1,1,0,0,0,0,0,0,0,0,0,0,145.0
3,1.0,1.0,1.0,90,730,11,5.0,1516,776.0,4.897142857142858,3.0,990,1.0,1.9028166333533496,f,f,1,1,0,0,0,0,0,0,0,0,0,0,115.0
2,1.0,1.0,1.0,4,180,52,4.94,4604,14.0,4.917142857142857,2.0,208,2.0,0.918593721665774,t,f,1,1,0,0,0,0,0,0,0,0,0,0,206.0
8,3.0,4.0,0.0,90,730,4,4.5,2731,1162.0,4.714285714285714,32.0,360,1.0,6.01101961919031,f,f,1,1,0,0,0,0,0,0,0,0,0,0,399.0
2,1.0,1.0,1.0,1,1125,14,4.43,3784,958.0,4.581428571428572,2.0,14,3.0,0.5583452933477083,f,t,1,1,0,0,0,0,0,0,0,0,0,0,296.0
6,1.0,3.0,3.0,90,730,46,4.59,3239,197.0,4.6085714285714285,18.0,4140,0.0,8.802973738096654,f,f,1,1,0,0,0,0,0,0,0,0,0,0,99.0
4,2.0,2.0,2.0,90,1125,11,4.91,4574,346.0,4.974285714285714,8.0,990,2.0,0.5712772826510634,,f,1,1,0,0,0,0,0,0,0,0,0,0,225.0
6,2.5,3.0,3.0,1,1125,64,4.94,1509,13.0,4.881428571428572,18.0,64,2.0,7.333343285189861,t,t,1,1,0,0,0,0,0,0,0,0,0,0,406.0
4,1.0,1.0,2.0,90,730,16,5.0,2978,172.0,4.93,4.0,1440,0.0,1.1995172776757428,t,f,1,1,0,0,0,0,0,0,0,0,0,0,143.0
2,1.0,1.0,1.0,3,1125,91,4.86,3489,34.0,4.8757142857142854,2.0,273,1.0,5.2696982356999,t,f,1,1,0,0,0,0,0,0,0,0,0,0,143.0
3,1.0,1.0,2.0,90,300,24,4.92,2968,62.0,4.964285714285714,3.0,2160,1.0,0.3801665118623559,t,f,1,1,0,0,0,0,0,0,0,0,0,0,155.0
3,1.0,1.0,3.0,2,7,169,4.93,3456,9.0,4.924285714285714,3.0,338,2.0,2.472795168184934,f,f,1,1,0,0,0,0,0,0,0,0,0,0,161.0
2,1.0,0.0,1.0,1,1125,23,4.74,3195,5.0,4.727142857142858,0.0,23,2.0,6.3354962625925495,f,f,1,1,0,0,0,0,0,0,0,0,0,0,81.0
4,1.0,1.0,2.0,90,365,1,5.0,2202,344.0,5.0,4.0,90,2.0,1.4983465916553342,t,t,1,1,0,0,0,0,0,0,0,0,0,0,168.0
3,1.0,1.0,2.0,5,90,140,4.99,1502,8.0,4.961428571428571,3.0,700,2.0,5.048129915755688,t,f,1,1,0,0,0,0,0,0,0,0,0,0,166.0
6,2.0,3.0,3.0,90,730,29,4.9,1501,116.0,4.892857142857143,18.0,2610,0.0,4.6863807369091735,t,t,1,1,0,0,0,0,0,0,0,0,0,0,551.0
3,1.0,2.0,2.0,90,180,56,4.96,2603,290.0,4.945714285714286,6.0,5040,3.0,4.2815089505832855,t,f,1,0,0,0,0,0,0,0,0,0,0,0,109.0
2,1.0,1.0,1.0,25,365,5,5.0,3861,296.0,5.0,2.0,125,3.0,0.8457257518433509,t,f,1,1,0,0,0,0,0,0,0,0,0,0,146.0
4,1.0,2.0,3.0,2,1125,132,4.81,1496,16.0,4.824285714285715,8.0,264,2.0,4.83192238622079,f,f,1,1,0,0,0,0,0,0,0,0,0,0,167.0
2,1.0,1.0,1.0,90,1125,11,4.91,4574,138.0,4.845714285714286,2.0,990,0.0,1.2322176715772621,,f,1,1,0,0,0,0,0,0,0,0,0,0,125.0
3,1.0,1.0,1.0,2,1125,199,4.87,2121,36.0,4.841428571428572,3.0,398,1.0,0.4203732030655286,f,f,1,1,0,0,0,0,0,0,0,0,0,0,215.0
6,3.0,3.0,4.0,3,30,136,4.95,3209,16.0,4.9471428571428575,18.0,408,2.0,4.081901640367838,t,f,1,1,0,0,0,0,0,0,0,0,0,0,413.0
2,1.0,1.0,1.0,2,1125,237,4.87,1495,30.0,4.89,2.0,474,1.0,6.069426983223918,t,t,1,1,0,0,0,0,0,0,0,0,0,0,140.0
2,1.0,1.0,1.0,2,180,166,4.86,2240,8.0,4.872857142857143,2.0,332,2.0,6.02103946582081,t,f,1,1,0,0,0,0,0,0,0,0,0,0,164.0
4,1.0,2.0,2.0,2,30,141,4.91,5081,5.0,4.9071428571428575,8.0,282,2.0,4.330646938121455,t,f,1,1,0,0,0,0,0,0,0,0,0,0,295.0
4,1.0,1.0,2.0,2,28,185,4.91,3478,21.0,4.8742857142857146,4.0,370,2.0,0.8911120312299917,t,f,1,1,0,0,0,0,0,0,0,0,0,0,294.0
6,2.0,2.0,4.0,90,365,1,5.0,2202,1424.0,5.0,12.0,90,2.0,1.6060700337293614,t,f,1,1,0,0,0,0,0,0,0,0,0,0,300.0
4,1.0,1.0,1.0,90,365,15,4.93,2202,19.0,4.8185714285714285,4.0,1350,2.0,1.7038094083364748,t,t,1,1,0,0,0,0,0,0,0,0,0,0,200.0
2,1.0,1.0,1.0,90,365,6,5.0,2202,338.0,4.975714285714285,2.0,540,2.0,1.4563033234455127,t,t,1,1,0,0,0,0,0,0,0,0,0,0,228.0
4,2.0,3.0,3.0,90,1125,8,5.0,4574,476.0,4.911428571428571,12.0,720,1.0,1.087992022519307,,f,1,1,0,0,0,0,0,0,0,0,0,0,229.0
4,1.0,2.0,2.0,2,90,76,4.61,1232,21.0,4.684285714285714,8.0,152,2.0,7.665765967301781,t,f,1,1,0,0,0,0,0,0,0,0,0,0,137.0
4,1.0,2.0,2.0,3,28,105,4.7,2242,30.0,4.720000000000001,8.0,315,1.0,7.89132571415619,f,f,1,1,0,0,0,0,0,0,0,0,0,0,144.0
2,1.0,1.0,1.0,90,365,3,3.67,3959,1416.0,4.287142857142858,2.0,270,2.0,6.20512664866647,f,f,1,1,0,0,0,0,0,0,0,0,0,0,50.0
3,1.0,2.0,2.0,5,28,95,4.74,2242,65.0,4.758571428571429,6.0,475,1.0,7.783277071796929,f,f,1,1,0,0,0,0,0,0,0,0,0,0,118.0
2,1.0,1.0,1.0,90,365,7,4.57,3959,630.0,4.567142857142857,2.0,630,3.0,6.115502766286789,f,f,1,1,0,0,0,0,0,0,0,0,0,0,50.0
4,1.0,2.0,2.0,2,7,133,4.86,1479,6.0,4.884285714285714,8.0,266,2.0,4.521212969035869,f,f,1,0,0,0,0,0,0,0,0,0,0,0,184.0
2,2.0,0.0,1.0,3,30,40,4.95,2159,4.0,4.887142857142857,0.0,120,2.0,5.279075870325815,t,f,1,1,0,0,0,0,0,0,0,0,0,0,176.0
5,3.0,3.0,3.0,90,180,2,5.0,3232,937.0,4.785714285714286,15.0,180,3.0,1.0783624529381686,t,f,1,0,0,0,0,0,0,0,0,0,0,0,550.0
4,1.0,2.0,2.0,90,1125,24,4.92,3645,42.0,4.954285714285715,8.0,2160,1.0,4.135478819255582,t,t,1,1,0,0,0,0,0,0,0,0,0,0,327.0
3,1.0,1.0,1.0,90,1125,0,4.89,2363,0.0,4.892857142857143,3.0,0,,0.8535473924415997,f,f,1,0,0,0,0,0,0,0,0,0,0,0,99.0
6,2.0,3.0,3.0,90,1125,2,3.5,2363,1360.0,3.5,18.0,180,3.0,0.8688320168622712,f,f,1,0,0,0,0,0,0,0,0,0,0,0,200.0
4,2.0,2.0,2.0,90,1125,1,5.0,2363,653.0,4.714285714285714,8.0,90,3.0,0.9124708360009985,f,f,1,0,0,0,0,0,0,0,0,0,0,0,150.0
4,2.0,2.0,2.0,90,1125,1,5.0,2363,967.0,5.0,8.0,90,3.0,0.7770013915317842,f,f,1,0,0,0,0,0,0,0,0,0,0,0,125.0
4,1.0,2.0,2.0,90,730,0,4.89,3265,0.0,4.892857142857143,8.0,0,,0.827611011043121,f,f,1,1,0,0,0,0,0,0,0,0,0,0,141.0
2,1.0,1.0,1.0,90,365,1,5.0,4094,270.0,5.0,2.0,90,3.0,3.8024850062298152,f,f,1,1,0,0,0,0,0,0,0,0,0,0,87.0
4,1.5,1.0,2.0,90,365,11,4.82,1461,175.0,4.884285714285714,4.0,990,0.0,1.6856036063201114,t,f,1,1,0,0,0,0,0,0,0,0,0,0,138.0
2,1.0,1.0,1.0,3,1125,166,4.95,3919,18.0,4.948571428571428,2.0,498,2.0,4.433759117799571,t,f,1,1,0,0,0,0,0,0,0,0,0,0,177.0
4,2.5,2.0,2.0,90,1125,9,5.0,4574,116.0,4.984285714285714,8.0,810,0.0,3.0245551566313162,,f,1,1,0,0,0,0,0,0,0,0,0,0,399.0
3,1.0,1.0,1.0,1,14,398,4.86,4870,21.0,4.864285714285715,3.0,398,2.0,1.0125244921856753,,f,1,1,0,0,0,0,0,0,0,0,0,0,165.0
1,1.0,1.0,1.0,90,365,4,4.75,3405,478.0,4.642857142857143,1.0,360,1.0,8.188062207671658,t,f,1,1,0,0,0,0,0,0,0,0,0,0,120.0
1,1.0,1.0,1.0,90,365,4,5.0,3405,16.0,5.0,1.0,360,2.0,8.188062207671658,t,f,1,1,0,0,0,0,0,0,0,0,0,0,20.0
5,1.0,1.0,3.0,90,360,12,4.92,3206,260.0,4.904285714285714,5.0,1080,3.0,7.237542901473089,t,f,1,1,0,0,0,0,0,0,0,0,0,0,183.0
4,2.0,2.0,2.0,91,180,10,4.9,2192,178.0,4.857142857142857,8.0,910,0.0,0.7081858461387779,f,t,1,1,0,0,0,0,0,0,0,0,0,0,270.0
2,1.0,0.0,1.0,90,730,7,5.0,2888,297.0,4.938571428571429,0.0,630,2.0,3.2726786265559196,t,f,1,1,0,0,0,0,0,0,0,0,0,0,198.0
1,1.0,1.0,,91,730,10,4.7,3349,328.0,4.7,1.0,910,2.0,1.0646128019030325,t,f,1,1,0,0,0,0,0,0,0,0,0,0,109.0
4,1.0,0.0,2.0,1,1125,258,4.69,2715,6.0,4.630000000000001,0.0,258,2.0,1.1427901618488774,f,t,1,1,0,0,0,0,0,0,0,0,0,0,255.0
4,1.0,1.0,3.0,90,365,12,4.92,2202,30.0,4.811428571428571,4.0,1080,1.0,1.6709063140146638,t,t,1,1,0,0,0,0,0,0,0,0,0,0,200.0
6,1.0,2.0,3.0,2,365,105,4.84,1918,18.0,4.874285714285714,12.0,210,2.0,7.608174312770319,t,t,1,1,0,0,0,0,0,0,0,0,0,0,241.0
6,2.5,5.0,3.0,90,1125,6,5.0,3739,179.0,4.88,30.0,540,0.0,3.370638769773469,t,f,1,1,0,0,0,0,0,0,0,0,0,0,258.0
3,1.0,1.0,1.0,90,1125,3,4.33,2363,986.0,4.571428571428571,3.0,270,3.0,0.7929772740347044,f,f,1,0,0,0,0,0,0,0,0,0,0,0,122.0
3,1.0,1.0,1.0,90,1125,0,4.89,2363,0.0,4.892857142857143,3.0,0,,0.7496171232765267,f,f,1,0,0,0,0,0,0,0,0,0,0,0,105.0
4,1.0,2.0,2.0,90,1125,2,3.0,2363,461.0,3.857142857142857,8.0,180,1.0,0.7601727703190219,f,f,1,0,0,0,0,0,0,0,0,0,0,0,145.0
2,1.0,0.0,1.0,90,1125,9,4.33,2363,419.0,4.428571428571429,0.0,810,1.0,0.528522186034327,f,f,1,0,0,0,0,0,0,0,0,0,0,0,95.0
3,1.5,2.0,2.0,90,730,29,4.59,1441,670.0,4.670000000000001,6.0,2610,2.0,5.950496582919186,f,f,1,1,0,0,0,0,0,0,0,0,0,0,226.0
3,1.0,1.0,2.0,90,730,15,4.93,2854,55.0,4.914285714285714,3.0,1350,1.0,1.1020165099538755,t,t,1,1,0,0,0,0,0,0,0,0,0,0,154.0
4,1.0,2.0,2.0,3,28,135,4.79,1439,20.0,4.804285714285713,8.0,405,2.0,7.751652638050717,t,f,1,1,0,0,0,0,0,0,0,0,0,0,140.0
2,1.0,0.0,1.0,90,1125,5,3.8,2363,388.0,4.0,0.0,450,2.0,0.6546908437884008,f,f,1,0,0,0,0,0,0,0,0,0,0,0,88.0
5,1.0,1.0,2.0,2,1125,139,4.58,2387,20.0,4.637142857142856,5.0,278,2.0,3.9491802818880517,f,t,1,1,0,0,0,0,0,0,0,0,0,0,159.0
3,1.0,1.0,2.0,1,45,172,4.76,1445,9.0,4.8100000000000005,3.0,172,2.0,4.737979330294009,f,f,1,1,0,0,0,0,0,0,0,0,0,0,135.0
5,2.0,2.0,3.0,3,10,82,4.93,2337,280.0,4.918571428571428,10.0,246,3.0,0.6477625889804632,t,f,1,1,0,0,0,0,0,0,0,0,0,0,943.0
4,1.0,1.0,1.0,90,1125,12,4.92,1849,19.0,4.857142857142857,4.0,1080,2.0,1.0516847200839219,f,f,1,1,0,0,0,0,0,0,0,0,0,0,399.0
6,1.0,2.0,3.0,2,1125,77,4.56,4356,29.0,4.621428571428572,12.0,154,1.0,7.872081732539751,f,t,1,1,0,0,0,0,0,0,0,0,0,0,224.0
4,2.0,2.0,2.0,90,365,10,4.9,1979,331.0,4.857142857142857,8.0,900,2.0,1.1633556443022235,t,f,1,1,0,0,0,0,0,0,0,0,0,0,371.0
4,2.0,2.0,2.0,90,365,10,4.5,1979,9.0,4.557142857142857,8.0,900,2.0,0.5619467416931903,t,f,1,1,0,0,0,0,0,0,0,0,0,0,402.0
1,1.0,1.0,1.0,90,1125,4,4.25,2922,174.0,4.428571428571429,1.0,360,0.0,4.0096165584655346,f,f,1,1,0,0,0,0,0,0,0,0,0,0,68.0
12,2.0,5.0,5.0,2,180,71,4.89,5940,30.0,4.875714285714286,60.0,142,1.0,4.5092032563901014,f,f,1,1,0,0,0,0,0,0,0,0,0,0,578.0
4,1.0,1.0,3.0,2,30,206,4.84,3309,22.0,4.855714285714286,4.0,412,2.0,1.0560348153461028,t,t,1,1,0,0,0,0,0,0,0,0,0,0,208.0
2,1.0,0.0,1.0,90,365,201,4.65,1429,171.0,4.6814285714285715,0.0,18090,0.0,0.25246056404347866,t,f,1,1,0,0,0,0,0,0,0,0,0,0,109.0
3,1.0,1.0,2.0,90,365,2,5.0,4167,1240.0,4.857142857142857,3.0,180,0.0,0.8546180535833824,,f,1,1,0,0,0,0,0,0,0,0,0,0,110.0
2,1.0,1.0,1.0,2,1125,66,4.89,1425,37.0,4.875714285714286,2.0,132,1.0,1.084964474059555,t,f,1,1,0,0,0,0,0,0,0,0,0,0,322.0
1,1.0,1.0,1.0,90,365,2,5.0,5393,1393.0,5.0,1.0,180,2.0,8.996313090090284,f,f,1,1,0,0,0,0,0,0,0,0,0,0,80.0
3,1.0,1.0,1.0,90,365,10,4.7,1918,52.0,4.785714285714286,3.0,900,1.0,7.826160813855447,t,t,1,1,0,0,0,0,0,0,0,0,0,0,88.0
2,1.0,1.0,1.0,90,365,19,4.63,1421,84.0,4.711428571428572,2.0,1710,1.0,1.0441649949202594,t,f,1,1,0,0,0,0,0,0,0,0,0,0,130.0
4,1.0,1.0,3.0,2,120,14,4.86,4834,23.0,4.8585714285714285,4.0,28,2.0,4.975809816170714,t,f,1,1,0,0,0,0,0,0,0,0,0,0,379.0
2,1.0,1.0,1.0,1,60,164,4.89,4834,15.0,4.868571428571428,2.0,164,2.0,5.007999032898352,t,f,1,1,0,0,0,0,0,0,0,0,0,0,103.0
8,2.5,3.0,3.0,2,30,35,4.89,4599,197.0,4.890000000000001,24.0,70,0.0,2.4050704538969665,t,f,1,1,0,0,0,0,0,0,0,0,0,0,550.0
4,1.0,2.0,2.0,90,1125,0,4.89,2363,0.0,4.892857142857143,8.0,0,,1.776758791583057,f,f,1,0,0,0,0,0,0,0,0,0,0,0,122.0
5,2.0,2.0,3.0,4,730,121,5.0,1418,4.0,4.977142857142858,10.0,484,2.0,0.5500674335441014,t,f,1,1,0,0,0,0,0,0,0,0,0,0,404.0
4,1.0,1.0,2.0,3,15,28,4.89,1417,198.0,4.8914285714285715,4.0,84,0.0,4.662343949583472,f,f,1,1,0,0,0,0,0,0,0,0,0,0,431.0
4,1.0,2.0,2.0,1,365,60,4.8,4228,16.0,4.838571428571428,8.0,60,2.0,7.228145230096462,f,f,1,1,0,0,0,0,0,0,0,0,0,0,156.0
2,1.0,1.0,1.0,1,730,138,4.88,2493,7.0,4.887142857142856,2.0,138,2.0,8.1224114792693,t,f,1,1,0,0,0,0,0,0,0,0,0,0,124.0
1,1.0,1.0,3.0,90,365,5,4.6,2665,555.0,4.542857142857143,1.0,450,0.0,2.6549986784467543,f,f,1,1,0,0,0,0,0,0,0,0,0,0,48.0
4,1.0,2.0,3.0,2,1125,65,4.86,3499,126.0,4.804285714285714,8.0,130,0.0,1.049977394989155,f,f,1,1,0,0,0,0,0,0,0,0,0,0,288.0
2,1.0,1.0,1.0,2,1125,173,4.95,1410,10.0,4.920000000000001,2.0,346,2.0,0.36947346755324006,t,f,1,1,0,0,0,0,0,0,0,0,0,0,216.0
3,1.0,1.0,2.0,90,999,26,4.58,1849,220.0,4.632857142857143,3.0,2340,3.0,0.8865197654475419,f,f,1,1,0,0,0,0,0,0,0,0,0,0,150.0
3,1.0,1.0,2.0,90,999,24,4.42,1849,296.0,4.661428571428572,3.0,2160,3.0,1.0734769004785734,f,t,1,1,0,0,0,0,0,0,0,0,0,0,250.0
6,2.0,3.0,3.0,2,89,37,4.92,3156,24.0,4.901428571428572,18.0,74,1.0,3.490677100029672,t,f,1,1,0,0,0,0,0,0,0,0,0,0,210.0
2,1.0,1.0,1.0,90,365,16,5.0,3505,248.0,4.9471428571428575,2.0,1440,3.0,8.028159020134938,t,f,1,1,0,0,0,0,0,0,0,0,0,0,85.0
4,1.0,2.0,3.0,3,30,32,4.97,1543,196.0,4.9399999999999995,8.0,96,0.0,6.597528138239073,t,f,1,1,0,0,0,0,0,0,0,0,0,0,212.0
1,1.0,1.0,1.0,90,1125,20,4.9,2352,44.0,4.821428571428571,1.0,1800,1.0,6.225113302411507,t,f,1,1,0,0,0,0,0,0,0,0,0,0,40.0
1,1.0,1.0,1.0,90,730,9,4.67,2352,35.0,4.717142857142858,1.0,810,1.0,6.106784971448697,t,f,1,1,0,0,0,0,0,0,0,0,0,0,45.0
3,1.0,1.0,2.0,1,20,264,4.94,1404,5.0,4.904285714285714,3.0,264,2.0,0.8626922855457982,t,f,1,1,0,0,0,0,0,0,0,0,0,0,338.0
4,1.0,1.0,2.0,2,1125,188,4.84,4132,23.0,4.87,4.0,376,2.0,0.5244873846327025,t,f,1,1,0,0,0,0,0,0,0,0,0,0,252.0
4,2.0,2.0,2.0,31,190,94,4.96,690,10.0,4.957142857142857,8.0,2914,2.0,3.334975092077591,f,f,1,1,0,0,0,0,0,0,0,0,0,0,451.0
4,1.0,2.0,2.0,2,1125,57,4.7,1399,32.0,4.731428571428571,8.0,114,1.0,9.41283796633983,t,t,1,1,0,0,0,0,0,0,0,0,0,0,162.0
2,1.0,1.0,1.0,2,5,208,4.99,2210,7.0,4.96,2.0,416,2.0,4.836950614814293,t,f,1,1,0,0,0,0,0,0,0,0,0,0,135.0
2,1.0,1.0,1.0,1,14,219,4.91,3631,5.0,4.804285714285714,2.0,219,2.0,2.7062240904911468,t,f,1,1,0,0,0,0,0,0,0,0,0,0,168.0
4,1.0,2.0,2.0,2,31,221,4.95,2936,20.0,4.917142857142857,8.0,442,2.0,3.5053860588872703,t,f,1,1,0,0,0,0,0,0,0,0,0,0,173.0
2,1.0,1.0,1.0,1,365,235,4.83,1395,16.0,4.85,2.0,235,2.0,0.5032847495635808,f,f,1,1,0,0,0,0,0,0,0,0,0,0,254.0
2,1.0,1.0,1.0,2,28,43,4.84,1393,16.0,4.88,2.0,86,2.0,5.410085421955448,t,t,1,1,0,0,0,0,0,0,0,0,0,0,135.0
4,2.0,2.0,2.0,5,300,116,4.86,3864,18.0,4.867142857142857,8.0,580,2.0,0.5181729278016307,,t,1,1,0,0,0,0,0,0,0,0,0,0,414.0
4,1.0,1.0,2.0,1,1125,296,4.84,1391,1.0,4.805714285714286,4.0,296,2.0,1.1524070298840494,t,t,1,1,0,0,0,0,0,0,0,0,0,0,304.0
2,1.0,1.0,1.0,7,365,66,5.0,4166,8.0,4.978571428571429,2.0,462,2.0,4.234379664452485,t,f,1,1,0,0,0,0,0,0,0,0,0,0,419.0
2,1.0,1.0,1.0,150,365,0,4.89,1664,0.0,4.892857142857143,2.0,0,,0.6569766603468716,f,f,1,1,0,0,0,0,0,0,0,0,0,0,120.0
2,1.0,1.0,1.0,1,30,130,4.93,1390,26.0,4.921428571428572,2.0,130,1.0,4.344780309396206,,f,1,1,0,0,0,0,0,0,0,0,0,0,162.0
5,2.0,2.0,2.0,2,700,145,4.77,1390,18.0,4.741428571428571,10.0,290,2.0,0.8618119060592038,t,f,1,1,0,0,0,0,0,0,0,0,0,0,428.0
3,1.0,2.0,2.0,2,365,168,4.49,3524,2.0,4.588571428571428,6.0,336,2.0,8.309778880987995,f,f,1,1,0,0,0,0,0,0,0,0,0,0,105.0
3,1.0,1.0,4.0,2,1125,107,4.68,1442,85.0,4.71,3.0,214,1.0,1.1315004377055204,f,t,1,1,0,0,0,0,0,0,0,0,0,0,261.0
2,1.0,1.0,1.0,2,21,46,4.96,1384,6.0,4.945714285714286,2.0,92,2.0,6.13053396044647,t,f,1,1,0,0,0,0,0,0,0,0,0,0,112.0
4,1.0,1.0,2.0,2,365,41,4.88,3333,86.0,4.851428571428571,4.0,82,1.0,1.0135671421452561,t,f,1,1,0,0,0,0,0,0,0,0,0,0,282.0
2,1.0,0.0,1.0,3,1125,29,5.0,4884,51.0,4.931428571428571,0.0,87,1.0,2.3835784482862286,t,f,1,1,0,0,0,0,0,0,0,0,0,0,196.0
2,1.0,1.0,2.0,3,90,165,4.87,3296,4.0,4.911428571428572,2.0,495,2.0,3.5405935038734375,,f,1,1,0,0,0,0,0,0,0,0,0,0,137.0
4,1.0,2.0,2.0,2,30,88,4.81,3709,13.0,4.848571428571428,8.0,176,2.0,5.633758356021072,f,f,1,1,0,0,0,0,0,0,0,0,0,0,199.0
1,0.0,1.0,1.0,1,365,74,4.36,3784,649.0,4.4471428571428575,1.0,74,3.0,0.3238133488213664,f,t,1,1,0,0,0,0,0,0,0,0,0,0,85.0
2,1.0,0.0,1.0,90,730,15,4.93,3505,37.0,4.902857142857143,0.0,1350,1.0,4.775329342132854,t,f,1,1,0,0,0,0,0,0,0,0,0,0,141.0
1,1.0,1.0,1.0,2,1125,49,4.67,1419,24.0,4.651428571428572,1.0,98,1.0,7.381401594447973,f,f,1,1,0,0,0,0,0,0,0,0,0,0,52.0
6,2.0,2.0,3.0,4,365,144,4.9,1375,8.0,4.891428571428571,12.0,576,2.0,1.0058913675086583,t,f,1,1,0,0,0,0,0,0,0,0,0,0,315.0
6,4.0,3.0,3.0,180,365,0,4.89,1956,0.0,4.892857142857143,18.0,0,,0.959784197632367,f,t,1,1,0,0,0,0,0,0,0,0,0,0,250.0
4,2.0,1.0,3.0,90,1125,1,5.0,1363,1016.0,5.0,4.0,90,3.0,1.010096100880832,f,f,1,1,0,0,0,0,0,0,0,0,0,0,200.0
3,1.0,2.0,2.0,90,1125,276,4.87,1412,6.0,4.862857142857143,6.0,24840,2.0,1.1395052735684192,t,f,1,1,0,0,0,0,0,0,0,0,0,0,306.0
4,1.0,1.0,2.0,3,60,98,4.84,1361,17.0,4.862857142857144,4.0,294,2.0,1.1728527347203208,t,f,1,1,0,0,0,0,0,0,0,0,0,0,278.0
2,1.0,1.0,1.0,30,90,124,4.78,3329,24.0,4.795714285714285,2.0,3720,1.0,6.937512804946959,t,f,1,1,0,0,0,0,0,0,0,0,0,0,95.0
2,1.0,1.0,1.0,7,89,165,4.98,3969,22.0,4.945714285714287,2.0,1155,2.0,1.213921629277618,t,f,1,1,0,0,0,0,0,0,0,0,0,0,397.0
6,2.0,2.0,4.0,3,89,102,5.0,3303,10.0,4.971428571428571,12.0,306,2.0,1.2191000611168519,t,f,1,1,0,0,0,0,0,0,0,0,0,0,632.0
4,1.5,1.0,2.0,3,30,12,5.0,64,2.0,4.928571428571429,4.0,36,2.0,1.3271539548437403,,f,1,1,0,0,0,0,0,0,0,0,0,0,441.0
2,1.0,1.0,2.0,1,29,265,4.69,1691,18.0,4.777142857142858,2.0,265,2.0,5.8412300653973634,f,f,1,1,0,0,0,0,0,0,0,0,0,0,130.0
15,4.0,5.0,9.0,3,1125,101,4.46,4161,20.0,4.577142857142857,75.0,303,2.0,7.352109501490158,f,f,1,1,0,0,0,0,0,0,0,0,0,0,604.0
3,1.5,1.0,1.0,180,365,0,4.89,4516,0.0,4.892857142857143,3.0,0,,2.275615762352864,f,f,1,1,0,0,0,0,0,0,0,0,0,0,150.0
4,1.0,2.0,3.0,1,1125,331,4.94,1351,4.0,4.937142857142857,8.0,331,2.0,6.244941097997073,t,f,1,1,0,0,0,0,0,0,0,0,0,0,193.0
4,1.0,2.0,2.0,90,1125,13,5.0,4574,115.0,4.845714285714286,8.0,1170,1.0,0.3576529607461599,,f,1,1,0,0,0,0,0,0,0,0,0,0,130.0
4,1.0,1.0,4.0,3,1125,109,4.87,3525,26.0,4.857142857142857,4.0,327,1.0,6.227295093603265,t,t,1,1,0,0,0,0,0,0,0,0,0,0,159.0
4,1.0,1.0,2.0,5,120,157,4.82,4024,23.0,4.741428571428571,4.0,785,2.0,1.0613459086106152,t,t,1,1,0,0,0,0,0,0,0,0,0,0,208.0
2,1.0,1.0,1.0,180,730,17,5.0,4756,632.0,4.965714285714285,2.0,3060,3.0,1.1961119148485955,t,f,1,1,0,0,0,0,0,0,0,0,0,0,228.0
2,1.0,1.0,1.0,2,15,202,4.95,3807,5.0,4.941428571428571,2.0,404,2.0,5.335871075591873,f,f,1,1,0,0,0,0,0,0,0,0,0,0,123.0
2,1.0,0.0,1.0,1,365,219,4.67,3784,17.0,4.781428571428571,0.0,219,2.0,4.40010282146599,f,t,1,1,0,0,0,0,0,0,0,0,0,0,136.0
4,1.0,2.0,2.0,90,1125,13,5.0,1454,24.0,4.957142857142857,8.0,1170,1.0,2.472755367565536,t,f,1,1,0,0,0,0,0,0,0,0,0,0,135.0
4,2.0,2.0,2.0,90,210,10,5.0,2915,318.0,5.0,8.0,900,2.0,1.7661063782551216,t,f,1,1,0,0,0,0,0,0,0,0,0,0,299.0
2,1.0,1.0,1.0,90,365,2,5.0,2072,22.0,4.857142857142857,2.0,180,2.0,0.4586869308346518,f,f,1,1,0,0,0,0,0,0,0,0,0,0,104.0
1,1.0,1.0,1.0,90,300,4,5.0,4457,663.0,4.857142857142857,1.0,360,2.0,2.2695105244844185,t,f,1,1,0,0,0,0,0,0,0,0,0,0,150.0
4,2.0,2.0,2.0,2,120,232,4.87,3954,18.0,4.821428571428571,8.0,464,2.0,1.0114158989576616,t,f,1,1,0,0,0,0,0,0,0,0,0,0,360.0
6,2.0,1.0,2.0,2,28,49,4.76,2949,37.0,4.781428571428571,6.0,98,1.0,0.8900989396620814,t,t,1,1,0,0,0,0,0,0,0,0,0,0,582.0
2,1.5,1.0,1.0,3,29,158,4.96,2035,24.0,4.952857142857142,2.0,474,1.0,5.174858438478972,t,f,1,1,0,0,0,0,0,0,0,0,0,0,123.0
7,2.0,3.0,5.0,3,1125,104,4.98,1337,7.0,4.9557142857142855,21.0,312,2.0,6.8577270268431185,t,f,1,1,0,0,0,0,0,0,0,0,0,0,293.0
2,1.0,1.0,1.0,4,730,118,4.97,2774,5.0,4.93,2.0,472,2.0,1.1506264450206227,t,f,1,1,0,0,0,0,0,0,0,0,0,0,274.0
4,2.0,2.0,2.0,90,1125,1,1.0,2363,1023.0,2.4285714285714284,8.0,90,3.0,1.0517017520251,f,f,1,0,0,0,0,0,0,0,0,0,0,0,178.0
4,1.0,2.0,2.0,2,15,71,4.92,5295,17.0,4.895714285714285,8.0,142,2.0,5.958133142948816,t,f,1,1,0,0,0,0,0,0,0,0,0,0,231.0
4,2.0,2.0,3.0,1,365,40,4.6,3001,7.0,4.72,8.0,40,2.0,7.658400756244687,f,f,1,1,0,0,0,0,0,0,0,0,0,0,169.0
4,1.0,1.0,3.0,1,365,222,4.73,1334,18.0,4.788571428571428,4.0,222,2.0,0.8016439542428732,f,t,0,1,0,0,0,0,0,0,0,0,0,0,246.0
2,1.0,1.0,2.0,2,1125,153,4.98,3317,5.0,4.9471428571428575,2.0,306,2.0,0.36193754908848264,t,f,1,1,0,0,0,0,0,0,0,0,0,0,381.0
2,1.0,1.0,1.0,90,365,0,4.89,3804,0.0,4.892857142857143,2.0,0,,0.3162717454173851,f,t,1,1,0,0,0,0,0,0,0,0,0,0,139.0
2,1.0,1.0,1.0,90,365,6,5.0,4166,686.0,4.975714285714285,2.0,540,2.0,4.232951116280643,t,f,1,1,0,0,0,0,0,0,0,0,0,0,325.0
2,1.0,0.0,1.0,90,730,15,5.0,3247,160.0,4.922857142857143,0.0,1350,0.0,0.4485641116020141,t,f,1,1,0,0,0,0,0,0,0,0,0,0,120.0
7,1.0,3.0,4.0,1,28,43,4.88,1331,4.0,4.92,21.0,43,2.0,6.4076687096710225,f,t,1,1,0,0,0,0,0,0,0,0,0,0,288.0
6,2.0,2.0,3.0,1,1125,48,4.98,4045,19.0,4.9399999999999995,12.0,48,2.0,2.1993996303052623,t,f,1,1,0,0,0,0,0,0,0,0,0,0,280.0
10,2.0,3.0,3.0,1,730,50,4.76,2621,29.0,4.72,30.0,50,1.0,7.908488341805981,t,t,1,1,0,0,0,0,0,0,0,0,0,0,237.0
5,2.0,2.0,2.0,90,1125,2,5.0,5782,278.0,5.0,10.0,180,3.0,1.5948879362461514,f,f,1,1,0,0,0,0,0,0,0,0,0,0,275.0
2,1.0,1.0,2.0,90,180,0,4.89,4801,0.0,4.892857142857143,2.0,0,,1.6609079584214415,t,f,1,1,0,0,0,0,0,0,0,0,0,0,108.0
2,1.0,1.0,1.0,90,365,12,4.92,2673,21.0,4.917142857142857,2.0,1080,2.0,1.0119289768308297,f,f,1,1,0,0,0,0,0,0,0,0,0,0,182.0
3,1.0,0.0,2.0,90,1125,18,4.94,2917,84.0,4.904285714285714,0.0,1620,1.0,0.4485641116020141,t,f,1,1,0,0,0,0,0,0,0,0,0,0,131.0
5,1.0,2.0,3.0,90,1125,273,4.85,1321,9.0,4.85,10.0,24570,2.0,2.225411700322127,t,f,1,1,0,0,0,0,0,0,0,0,0,0,186.0
3,1.0,2.0,2.0,90,200,11,4.91,4669,191.0,4.844285714285715,6.0,990,0.0,4.10259105742886,,f,1,1,0,0,0,0,0,0,0,0,0,0,94.0
6,2.5,3.0,3.0,2,15,26,4.88,4479,8.0,4.8999999999999995,18.0,52,2.0,2.1578653476916747,f,f,1,1,0,0,0,0,0,0,0,0,0,0,586.0
2,1.0,1.0,2.0,4,120,110,4.97,2556,10.0,4.938571428571429,2.0,440,2.0,2.2536937410463884,t,f,1,1,0,0,0,0,0,0,0,0,0,0,173.0
2,1.0,1.0,1.0,2,60,113,4.88,3979,94.0,4.855714285714285,2.0,226,1.0,1.2579396834864556,t,f,1,1,0,0,0,0,0,0,0,0,0,0,414.0
3,1.0,2.0,3.0,90,365,32,4.75,1546,27.0,4.848571428571428,6.0,2880,1.0,3.600212756813563,f,f,0,1,0,0,0,0,0,0,0,0,0,0,327.0
2,1.0,1.0,2.0,90,365,7,4.86,2469,334.0,4.880000000000001,2.0,630,2.0,8.408327162309241,t,f,1,1,0,0,0,0,0,0,0,0,0,0,108.0
5,2.0,2.0,2.0,90,1125,1,4.0,5782,1051.0,4.428571428571429,10.0,90,2.0,1.763888482112413,f,f,1,1,0,0,0,0,0,0,0,0,0,0,275.0
6,2.0,2.0,3.0,2,730,167,4.78,3931,21.0,4.797142857142858,12.0,334,2.0,1.0010909091073563,t,f,1,1,0,0,0,0,0,0,0,0,0,0,315.0
2,1.0,1.0,1.0,90,365,3,4.0,2202,227.0,4.2385714285714275,2.0,270,3.0,1.5647455099110636,t,t,1,1,0,0,0,0,0,0,0,0,0,0,200.0
1,1.0,1.0,1.0,4,90,2,5.0,2461,552.0,4.714285714285714,1.0,8,0.0,7.075510157184903,f,f,1,1,0,0,0,0,0,0,0,0,0,0,124.0
2,1.0,1.0,1.0,1,8,334,4.85,4247,20.0,4.857142857142857,2.0,334,2.0,6.6479731944928115,t,f,1,1,0,0,0,0,0,0,0,0,0,0,146.0
5,2.0,3.0,3.0,2,1125,106,4.94,4317,15.0,4.897142857142858,15.0,212,2.0,1.056034755297358,t,f,1,1,0,0,0,0,0,0,0,0,0,0,454.0
2,1.0,1.0,1.0,2,14,105,4.92,1311,8.0,4.9471428571428575,2.0,210,2.0,3.2596203331252926,t,f,1,1,0,0,0,0,0,0,0,0,0,0,200.0
4,2.0,2.0,2.0,90,365,53,4.77,1849,49.0,4.701428571428572,8.0,4770,1.0,1.1237553124195534,f,f,1,1,0,0,0,0,0,0,0,0,0,0,238.0
3,1.0,1.0,2.0,3,365,45,4.91,2580,25.0,4.897142857142858,3.0,135,1.0,0.7475223907009311,f,f,1,1,0,0,0,0,0,0,0,0,0,0,223.0
2,1.0,1.0,1.0,2,365,65,4.72,1308,22.0,4.7542857142857144,2.0,130,2.0,0.4074784887947975,f,f,1,0,0,0,0,0,0,0,0,0,0,0,327.0
4,1.0,2.0,2.0,90,365,25,4.92,2343,308.0,4.8914285714285715,8.0,2250,2.0,4.490107351158097,t,f,1,1,0,0,0,0,0,0,0,0,0,0,203.0
4,1.0,2.0,2.0,2,60,14,5.0,4210,174.0,4.97,8.0,28,0.0,2.416395942396319,f,f,1,1,0,0,0,0,0,0,0,0,0,0,546.0
4,1.0,2.0,3.0,90,1125,247,4.86,1305,19.0,4.841428571428572,8.0,22230,2.0,2.099349755695395,t,f,1,1,0,0,0,0,0,0,0,0,0,0,220.0
3,1.0,1.0,2.0,90,1125,243,4.84,1305,10.0,4.838571428571429,3.0,21870,2.0,1.98668858199325,t,f,1,1,0,0,0,0,0,0,0,0,0,0,198.0
5,1.0,2.0,3.0,90,365,277,4.85,1305,11.0,4.829999999999999,10.0,24930,2.0,2.0430345275111526,t,f,1,1,0,0,0,0,0,0,0,0,0,0,226.0
2,1.0,1.0,1.0,90,365,2,3.0,3959,296.0,3.7142857142857144,2.0,180,3.0,6.282021271466897,f,f,1,1,0,0,0,0,0,0,0,0,0,0,63.0
5,1.0,2.0,2.0,90,365,118,4.9,1299,31.0,4.8757142857142854,10.0,10620,1.0,7.3013546069450665,t,f,1,1,0,0,0,0,0,0,0,0,0,0,202.0
4,1.0,1.0,2.0,2,365,225,4.85,1299,20.0,4.827142857142857,4.0,450,2.0,0.8081900007091997,t,f,1,1,0,0,0,0,0,0,0,0,0,0,186.0
5,1.0,3.0,3.0,1,15,191,4.96,5335,16.0,4.909999999999999,15.0,191,2.0,5.928666626168994,t,f,1,1,0,0,0,0,0,0,0,0,0,0,223.0
2,2.0,1.0,1.0,90,365,3,4.67,3673,319.0,4.857142857142857,2.0,270,2.0,6.520367051636663,f,f,1,1,0,0,0,0,0,0,0,0,0,0,125.0
4,1.0,2.0,3.0,2,1125,67,4.87,2387,14.0,4.882857142857143,8.0,134,2.0,4.442877508182713,f,t,1,1,0,0,0,0,0,0,0,0,0,0,545.0
4,1.0,1.0,2.0,1,65,198,4.67,1295,18.0,4.744285714285715,4.0,198,2.0,6.202276859094477,f,f,1,1,0,0,0,0,0,0,0,0,0,0,143.0
3,1.0,1.0,1.0,2,14,145,4.93,1287,6.0,4.93,3.0,290,2.0,8.462637317487792,t,f,1,1,0,0,0,0,0,0,0,0,0,0,155.0
6,2.0,3.0,3.0,2,1125,126,4.9,3423,22.0,4.8985714285714295,18.0,252,2.0,3.4678761206633233,t,f,1,1,0,0,0,0,0,0,0,0,0,0,476.0
5,2.0,3.0,3.0,90,365,93,4.76,1782,10.0,4.765714285714286,15.0,8370,2.0,0.6671187978013755,f,f,1,1,0,0,0,0,0,0,0,0,0,0,332.0
4,2.0,2.0,2.0,90,180,21,4.81,1955,224.0,4.822857142857143,8.0,1890,3.0,6.604079877501688,t,t,1,1,0,0,0,0,0,0,0,0,0,0,194.0
2,1.0,0.0,1.0,7,89,143,4.99,2619,15.0,4.935714285714285,0.0,1001,2.0,1.199819849049555,t,f,1,1,0,0,0,0,0,0,0,0,0,0,343.0
2,1.0,1.0,1.0,90,120,206,4.97,3086,24.0,4.948571428571428,2.0,18540,1.0,0.48818938214698554,,f,1,1,0,0,0,0,0,0,0,0,0,0,130.0
1,1.0,1.0,2.0,90,365,3,5.0,1654,694.0,5.0,1.0,270,2.0,4.492046879440388,f,f,1,1,0,0,0,0,0,0,0,0,0,0,85.0
2,1.0,1.0,1.0,90,365,106,4.88,1274,116.0,4.890000000000001,2.0,9540,0.0,0.6229752251825247,,f,1,1,0,0,0,0,0,0,0,0,0,0,123.0
6,2.0,3.0,3.0,3,365,71,4.89,1274,16.0,4.904285714285715,18.0,213,2.0,9.008243323779086,t,f,1,1,0,0,0,0,0,0,0,0,0,0,241.0
4,1.0,1.0,2.0,1,27,227,4.95,1273,8.0,4.9399999999999995,4.0,227,2.0,7.747613410766845,t,f,1,1,0,0,0,0,0,0,0,0,0,0,118.0
2,1.0,1.0,1.0,90,365,113,4.98,1272,236.0,4.968571428571429,2.0,10170,3.0,0.6229752251825247,t,f,1,1,0,0,0,0,0,0,0,0,0,0,123.0
6,2.0,3.0,4.0,2,1125,149,4.79,2273,17.0,4.795714285714285,18.0,298,2.0,0.9432391574890437,f,t,1,1,0,0,0,0,0,0,0,0,0,0,424.0
9,3.5,5.0,5.0,7,1125,5,4.8,3703,539.0,4.857142857142857,45.0,35,0.0,5.5618152812008415,f,f,1,1,0,0,0,0,0,0,0,0,0,0,1141.0
1,1.0,1.0,1.0,4,75,22,4.73,1265,15.0,4.778571428571429,1.0,88,2.0,6.98592334638301,f,f,1,1,0,0,0,0,0,0,0,0,0,0,135.0
4,1.0,2.0,2.0,1,365,256,4.89,2797,11.0,4.904285714285714,8.0,256,2.0,3.5395872402780864,t,f,1,1,0,0,0,0,0,0,0,0,0,0,205.0
3,1.0,1.0,2.0,2,1125,62,4.85,2928,89.0,4.86,3.0,124,1.0,1.0560397888543862,f,f,1,1,0,0,0,0,0,0,0,0,0,0,369.0
5,2.0,3.0,3.0,10,365,12,5.0,1257,127.0,4.918571428571428,15.0,120,0.0,6.200800445658828,t,t,1,1,0,0,0,0,0,0,0,0,0,0,435.0
2,1.0,1.0,1.0,3,28,145,4.92,3433,22.0,4.917142857142857,2.0,435,2.0,7.519781068387607,t,f,1,1,0,0,0,0,0,0,0,0,0,0,123.0
2,1.0,1.0,1.0,2,29,88,4.89,3769,24.0,4.859999999999999,2.0,176,1.0,6.001732211884909,t,f,1,1,0,0,0,0,0,0,0,0,0,0,107.0
4,1.0,2.0,2.0,4,100,159,4.96,4439,14.0,4.945714285714287,8.0,636,2.0,3.8090249257715474,t,f,1,1,0,0,0,0,0,0,0,0,0,0,198.0
2,1.0,1.0,1.0,2,182,95,4.91,3151,24.0,4.801428571428572,2.0,190,1.0,1.5956829467663358,,f,1,1,0,0,0,0,0,0,0,0,0,0,218.0
2,1.0,1.0,1.0,90,90,6,5.0,3641,533.0,4.975714285714285,2.0,540,0.0,0.4450808656284421,f,f,1,1,0,0,0,0,0,0,0,0,0,0,125.0
2,1.5,1.0,1.0,3,29,157,4.97,2035,14.0,4.947142857142857,2.0,471,2.0,5.175042039450933,t,f,1,1,0,0,0,0,0,0,0,0,0,0,142.0
2,1.0,1.0,1.0,1,365,205,4.91,1376,22.0,4.912857142857142,2.0,205,2.0,7.176661215958174,t,f,1,1,0,0,0,0,0,0,0,0,0,0,121.0
4,2.0,2.0,2.0,90,300,13,4.92,5022,192.0,4.89,8.0,1170,0.0,2.3905762340913013,f,f,1,1,0,0,0,0,0,0,0,0,0,0,333.0
4,1.0,2.0,3.0,2,30,13,4.92,3012,253.0,4.924285714285714,8.0,26,3.0,4.745855970871765,f,f,1,1,0,0,0,0,0,0,0,0,0,0,156.0
5,1.0,3.0,4.0,2,30,123,4.77,3012,26.0,4.847142857142858,15.0,246,1.0,4.745855970871765,f,f,1,1,0,0,0,0,0,0,0,0,0,0,190.0
2,1.0,1.0,2.0,2,30,3,5.0,3012,1012.0,4.952857142857143,2.0,6,3.0,4.745855970871765,f,f,1,1,0,0,0,0,0,0,0,0,0,0,150.0
4,2.0,2.0,2.0,90,365,6,4.83,2731,69.0,4.902857142857143,8.0,540,1.0,0.394668085089403,f,f,1,1,0,0,0,0,0,0,0,0,0,0,211.0
2,1.0,0.0,1.0,90,1125,4,4.75,4758,645.0,4.785714285714286,0.0,360,3.0,0.9023169016073674,t,f,1,1,0,0,0,0,0,0,0,0,0,0,165.0
4,1.0,1.0,1.0,90,730,1,5.0,4758,638.0,4.571428571428571,4.0,90,3.0,0.9023169016073674,t,f,1,1,0,0,0,0,0,0,0,0,0,0,183.0
6,1.0,2.0,3.0,90,1125,2,5.0,4758,687.0,5.0,12.0,180,2.0,0.9023169016073674,t,f,1,1,0,0,0,0,0,0,0,0,0,0,247.0
6,2.0,3.0,3.0,90,365,16,4.94,1238,162.0,4.9471428571428575,18.0,1440,0.0,1.00718315038001,t,t,1,1,0,0,0,0,0,0,0,0,0,0,186.0
6,1.0,2.0,3.0,90,1125,0,4.89,4758,0.0,4.892857142857143,12.0,0,,0.9023169016073674,t,f,1,1,0,0,0,0,0,0,0,0,0,0,247.0
2,1.0,0.0,1.0,90,1125,2,5.0,4758,1011.0,5.0,0.0,180,3.0,0.9023169016073674,t,f,1,1,0,0,0,0,0,0,0,0,0,0,180.0
4,1.0,1.0,1.0,90,730,1,5.0,4758,640.0,5.0,4.0,90,3.0,0.9023169016073674,t,f,1,1,0,0,0,0,0,0,0,0,0,0,183.0
4,1.0,2.0,2.0,3,365,46,4.76,3257,30.0,4.779999999999999,8.0,138,1.0,3.3708171169258487,f,f,1,1,0,0,0,0,0,0,0,0,0,0,272.0
3,1.0,1.0,2.0,90,365,9,4.89,2202,196.0,4.8100000000000005,3.0,810,0.0,1.4886913429827857,t,f,1,1,0,0,0,0,0,0,0,0,0,0,200.0
2,1.0,1.0,1.0,6,20,83,4.98,3981,21.0,4.972857142857143,2.0,498,2.0,0.5498028431033866,t,f,1,1,0,0,0,0,0,0,0,0,0,0,307.0
3,1.5,2.0,2.0,90,365,76,4.93,4731,297.0,4.902857142857143,6.0,6840,2.0,5.717012092451327,f,f,1,1,0,0,0,0,0,0,0,0,0,0,372.0
5,3.0,3.0,4.0,4,90,16,5.0,3976,147.0,4.974285714285714,15.0,64,0.0,2.6099950270125047,f,f,1,1,0,0,0,0,0,0,0,0,0,0,693.0
9,2.0,3.0,5.0,2,29,116,4.75,1517,24.0,4.7542857142857144,27.0,232,1.0,1.1082829745256253,f,f,1,1,0,0,0,0,0,0,0,0,0,0,576.0
2,1.0,1.0,1.0,90,1125,16,4.88,1252,313.0,4.868571428571428,2.0,1440,2.0,1.5487551790081022,t,f,1,1,0,0,0,0,0,0,0,0,0,0,120.0
6,2.0,2.0,3.0,2,30,160,4.89,4266,8.0,4.880000000000001,12.0,320,2.0,4.441806784945645,t,f,1,1,0,0,0,0,0,0,0,0,0,0,388.0
4,2.0,2.0,2.0,90,365,0,4.89,4172,0.0,4.892857142857143,8.0,0,,2.562570185054547,f,f,1,1,0,0,0,0,0,0,0,0,0,0,175.0
4,1.0,1.0,2.0,3,180,32,4.69,3517,37.0,4.734285714285714,4.0,96,1.0,0.47148657762462653,f,f,1,1,0,0,0,0,0,0,0,0,0,0,280.0
4,1.0,2.0,2.0,90,365,56,4.63,1232,662.0,4.74,8.0,5040,3.0,5.754306280235,f,f,1,1,0,0,0,0,0,0,0,0,0,0,220.0
4,1.0,2.0,2.0,3,90,219,4.94,1230,17.0,4.948571428571428,8.0,657,2.0,3.9663143900690416,t,f,1,1,0,0,0,0,0,0,0,0,0,0,219.0
6,2.0,2.0,3.0,2,120,117,4.9,1230,10.0,4.874285714285714,12.0,234,2.0,1.0114158989576616,t,f,1,1,0,0,0,0,0,0,0,0,0,0,404.0
6,1.5,2.0,3.0,2,30,104,4.97,4701,20.0,4.9314285714285715,12.0,208,2.0,1.9232533305709616,t,f,1,1,0,0,0,0,0,0,0,0,0,0,299.0
6,1.0,3.0,3.0,2,365,126,4.98,3340,19.0,4.942857142857142,18.0,252,2.0,4.498477845454888,t,f,1,1,0,0,0,0,0,0,0,0,0,0,277.0
2,1.0,1.0,1.0,90,1125,17,5.0,3443,43.0,4.957142857142857,2.0,1530,1.0,1.0533468424330872,f,f,1,1,0,0,0,0,0,0,0,0,0,0,130.0
4,1.0,2.0,2.0,4,60,115,4.84,2364,21.0,4.878571428571428,8.0,460,2.0,6.885815085153225,t,f,1,1,0,0,0,0,0,0,0,0,0,0,243.0
3,1.0,0.0,1.0,2,365,83,4.96,2387,4.0,4.934285714285714,0.0,166,2.0,2.5833207996813927,f,t,1,1,0,0,0,0,0,0,0,0,0,0,203.0
4,1.0,1.0,2.0,1,365,284,4.77,3170,17.0,4.792857142857143,4.0,284,2.0,0.5079692748883075,t,f,1,0,0,0,0,0,0,0,0,0,0,0,345.0
5,2.0,3.0,3.0,90,365,5,5.0,1223,51.0,4.942857142857143,15.0,450,1.0,1.5432794683455313,t,f,1,1,0,0,0,0,0,0,0,0,0,0,286.0
4,2.0,2.0,2.0,90,365,43,5.0,2433,7.0,4.945714285714286,8.0,3870,2.0,0.3880446946850941,t,t,1,1,0,0,0,0,0,0,0,0,0,0,606.0
3,0.5,2.0,2.0,2,365,36,4.72,1419,29.0,4.7628571428571425,6.0,72,1.0,7.391315578589537,f,f,1,1,0,0,0,0,0,0,0,0,0,0,127.0
4,2.0,1.0,3.0,3,89,98,4.97,3303,46.0,4.972857142857143,4.0,294,1.0,1.2190253794990271,t,f,1,1,0,0,0,0,0,0,0,0,0,0,488.0
6,1.0,3.0,4.0,2,1125,149,4.91,3966,22.0,4.920000000000001,18.0,298,2.0,6.165074955763798,t,f,1,1,0,0,0,0,0,0,0,0,0,0,254.0
4,1.0,1.0,1.0,90,365,1,5.0,5782,236.0,4.857142857142857,4.0,90,3.0,1.5693503089606635,f,f,1,1,0,0,0,0,0,0,0,0,0,0,158.0
2,1.0,1.0,1.0,90,365,6,4.5,3223,1067.0,4.6657142857142855,2.0,540,2.0,1.051988456422476,f,f,1,1,0,0,0,0,0,0,0,0,0,0,250.0
7,3.0,3.0,3.0,7,180,8,4.88,4687,304.0,4.965714285714285,21.0,56,2.0,4.5026870690862415,t,f,1,1,0,0,0,0,0,0,0,0,0,0,370.0
4,1.0,2.0,2.0,2,30,102,4.81,1212,9.0,4.835714285714286,8.0,204,2.0,7.1814141049286615,f,t,1,1,0,0,0,0,0,0,0,0,0,0,195.0
4,2.0,2.0,2.0,90,500,3,5.0,1344,1039.0,4.905714285714287,8.0,270,2.0,1.1448786649994331,t,t,1,1,0,0,0,0,0,0,0,0,0,0,555.0
4,1.0,1.0,2.0,90,365,20,5.0,1210,24.0,4.921428571428572,4.0,1800,1.0,0.8646155986810728,t,f,1,1,0,0,0,0,0,0,0,0,0,0,152.0
4,1.0,1.0,2.0,3,1125,88,4.89,1210,9.0,4.825714285714286,4.0,264,2.0,0.8032126408605318,t,f,1,1,0,0,0,0,0,0,0,0,0,0,241.0
2,1.0,1.0,1.0,2,365,110,4.78,1410,18.0,4.7942857142857145,2.0,220,2.0,0.9299967875020089,t,f,1,1,0,0,0,0,0,0,0,0,0,0,229.0
6,3.0,3.0,3.0,4,90,38,4.87,2678,12.0,4.86,18.0,152,2.0,6.493859466190174,t,f,1,1,0,0,0,0,0,0,0,0,0,0,475.0
7,2.0,3.0,4.0,90,1125,3,4.33,3311,997.0,4.572857142857144,21.0,270,3.0,7.326598506088711,f,f,1,1,0,0,0,0,0,0,0,0,0,0,280.0
5,1.0,1.0,2.0,90,365,92,4.67,1225,331.0,4.6971428571428575,5.0,8280,2.0,0.653711714473136,f,t,1,0,0,0,0,0,0,0,0,0,0,0,4000.0
2,1.0,1.0,2.0,90,400,26,5.0,4224,37.0,4.961428571428572,2.0,2340,1.0,4.966444373628849,t,t,1,1,0,0,0,0,0,0,0,0,0,0,132.0
2,1.0,1.0,1.0,90,90,1,5.0,4291,920.0,5.0,2.0,90,0.0,1.0023095716520805,f,f,1,1,0,0,0,0,0,0,0,0,0,0,127.0
2,1.0,0.0,1.0,3,29,49,4.96,3235,197.0,4.951428571428572,0.0,147,0.0,6.917583863372109,t,f,1,1,0,0,0,0,0,0,0,0,0,0,207.0
2,1.0,1.0,1.0,30,150,9,4.67,4338,23.0,4.747142857142857,2.0,270,2.0,3.2771598336865337,t,f,1,1,0,0,0,0,0,0,0,0,0,0,131.0
3,1.0,1.0,2.0,1,29,153,4.95,1196,18.0,4.925714285714285,3.0,153,2.0,0.6821644744825209,t,f,1,1,0,0,0,0,0,0,0,0,0,0,340.0
1,1.5,1.0,1.0,1,135,78,5.0,3534,11.0,4.971428571428571,1.0,78,2.0,4.279008567944727,t,f,1,1,0,0,0,0,0,0,0,0,0,0,120.0
2,1.0,1.0,1.0,90,365,12,5.0,3879,408.0,4.977142857142858,2.0,1080,1.0,2.382917110125308,f,f,1,1,0,0,0,0,0,0,0,0,0,0,155.0
3,1.0,1.0,1.0,90,365,42,4.83,2471,173.0,4.848571428571428,3.0,3780,0.0,0.9114749489373138,,t,1,0,0,0,0,0,0,0,0,0,0,0,282.0
3,1.0,1.0,2.0,90,365,60,4.65,2387,206.0,4.711428571428571,3.0,5400,3.0,0.712755345545851,f,t,1,1,0,0,0,0,0,0,0,0,0,0,89.0
2,1.0,1.0,1.0,90,365,4,5.0,1193,661.0,4.964285714285714,2.0,360,3.0,7.292642394351202,t,f,1,1,0,0,0,0,0,0,0,0,0,0,85.0
3,1.0,1.0,1.0,90,365,5,4.2,4167,553.0,4.142857142857143,3.0,450,0.0,0.4872734421112776,,f,1,1,0,0,0,0,0,0,0,0,0,0,110.0
4,1.0,2.0,2.0,90,365,2,5.0,1193,406.0,4.928571428571429,8.0,180,1.0,7.285975402896038,t,f,1,1,0,0,0,0,0,0,0,0,0,0,121.0
4,1.0,2.0,2.0,90,500,8,4.75,3263,164.0,4.752857142857143,8.0,720,0.0,0.4188577635069431,t,f,1,1,0,0,0,0,0,0,0,0,0,0,295.0
10,3.5,5.0,5.0,1,1125,75,4.89,1188,63.0,4.855714285714286,50.0,75,1.0,2.465244368107053,f,t,1,1,0,0,0,0,0,0,0,0,0,0,1117.0
3,1.0,1.0,1.0,90,365,23,4.91,1354,300.0,4.851428571428571,3.0,2070,2.0,0.9424808048217616,,f,1,1,0,0,0,0,0,0,0,0,0,0,217.0
4,1.0,2.0,2.0,90,195,18,5.0,3856,72.0,4.92,8.0,1620,1.0,0.8630437525057736,t,f,1,1,0,0,0,0,0,0,0,0,0,0,155.0
2,1.0,1.0,1.0,3,30,20,5.0,3995,12.0,4.964285714285714,2.0,60,2.0,6.711370905722386,t,f,1,1,0,0,0,0,0,0,0,0,0,0,85.0
9,2.0,3.0,3.0,90,365,41,4.88,1469,79.0,4.777142857142857,27.0,3690,1.0,0.9708730796838487,t,f,1,1,0,0,0,0,0,0,0,0,0,0,321.0
8,2.0,3.0,4.0,2,61,63,4.71,1184,9.0,4.792857142857144,24.0,126,2.0,7.723529967221122,t,f,1,1,0,0,0,0,0,0,0,0,0,0,288.0
2,1.0,1.0,1.0,2,30,120,4.92,1182,3.0,4.885714285714285,2.0,240,2.0,0.38092736809875183,t,f,1,1,0,0,0,0,0,0,0,0,0,0,355.0
2,1.0,1.0,0.0,2,30,9,4.89,3104,31.0,4.827142857142857,2.0,18,1.0,5.362625901178154,f,t,1,1,0,0,0,0,0,0,0,0,0,0,113.0
5,1.0,2.0,3.0,90,365,73,4.88,1198,279.0,4.817142857142857,10.0,6570,3.0,1.9698511078995744,t,f,1,1,0,0,0,0,0,0,0,0,0,0,130.0
5,1.0,1.0,2.0,3,365,68,4.87,2403,36.0,4.86,5.0,204,1.0,0.7538212532918235,t,f,1,1,0,0,0,0,0,0,0,0,0,0,435.0
4,2.0,2.0,2.0,2,90,38,4.95,1666,6.0,4.905714285714285,8.0,76,2.0,0.9195824427409857,t,f,1,1,0,0,0,0,0,0,0,0,0,0,422.0
3,1.0,2.0,2.0,90,240,0,4.89,3372,0.0,4.892857142857143,6.0,0,,2.1176634520883093,f,f,1,1,0,0,0,0,0,0,0,0,0,0,329.0
2,1.0,1.0,1.0,2,28,163,4.94,2230,17.0,4.925714285714286,2.0,326,2.0,7.267366108049376,t,f,1,1,0,0,0,0,0,0,0,0,0,0,165.0
3,1.0,1.0,2.0,3,730,111,4.87,4053,5.0,4.822857142857144,3.0,333,2.0,0.9991477315957912,t,f,1,1,0,0,0,0,0,0,0,0,0,0,321.0
4,1.0,1.0,2.0,2,30,71,4.82,3435,13.0,4.7371428571428575,4.0,142,2.0,1.579028937129772,t,f,1,1,0,0,0,0,0,0,0,0,0,0,301.0
4,2.5,2.0,2.0,90,365,4,5.0,4771,269.0,4.964285714285714,8.0,360,3.0,1.005996292027201,t,f,1,1,0,0,0,0,0,0,0,0,0,0,280.0
4,1.0,2.0,2.0,1,365,70,4.99,3559,9.0,4.932857142857143,8.0,70,2.0,0.45110385395246766,t,t,1,1,0,0,0,0,0,0,0,0,0,0,324.0
2,1.0,1.0,1.0,90,365,9,4.56,3987,241.0,4.621428571428572,2.0,810,3.0,0.8115946609181008,f,f,1,0,0,0,0,0,0,0,0,0,0,0,150.0
6,1.0,2.0,2.0,2,90,3,4.33,4303,16.0,4.521428571428571,12.0,6,2.0,5.855087003982241,f,f,1,1,0,0,0,0,0,0,0,0,0,0,202.0
2,1.0,1.0,1.0,90,365,71,4.72,2387,268.0,4.722857142857142,2.0,6390,3.0,0.6483649634046693,f,t,1,1,0,0,0,0,0,0,0,0,0,0,137.0
2,1.0,1.0,1.0,90,365,3,5.0,1174,252.0,5.0,2.0,270,3.0,7.526204254527521,t,f,1,1,0,0,0,0,0,0,0,0,0,0,102.0
2,1.0,1.0,1.0,90,365,5,5.0,1174,315.0,4.971428571428571,2.0,450,2.0,7.556961288154162,t,f,1,1,0,0,0,0,0,0,0,0,0,0,92.0
7,2.5,3.0,4.0,2,29,87,4.9,2672,24.0,4.887142857142857,21.0,174,1.0,3.3563967546639963,t,f,1,1,0,0,0,0,0,0,0,0,0,0,353.0
2,1.0,1.0,1.0,1,30,62,4.9,2766,19.0,4.868571428571428,2.0,62,2.0,4.526358707928503,t,f,1,1,0,0,0,0,0,0,0,0,0,0,146.0
2,1.0,1.0,2.0,90,180,5,5.0,2598,442.0,5.0,2.0,450,1.0,6.5971740569332935,t,f,1,1,0,0,0,0,0,0,0,0,0,0,80.0
2,1.0,1.0,2.0,2,30,203,4.89,3954,18.0,4.881428571428572,2.0,406,2.0,0.9365971708368596,t,f,1,1,0,0,0,0,0,0,0,0,0,0,289.0
2,1.0,1.0,1.0,3,90,165,4.89,1254,6.0,4.895714285714286,2.0,495,2.0,3.6640903541834504,t,f,1,1,0,0,0,0,0,0,0,0,0,0,131.0
6,2.0,2.0,3.0,2,365,89,4.82,1836,28.0,4.832857142857143,12.0,178,1.0,1.1293247068571544,t,f,1,1,0,0,0,0,0,0,0,0,0,0,456.0
4,1.0,1.0,1.0,1,100,23,4.7,1166,198.0,4.621428571428572,4.0,23,0.0,1.1562494824818204,f,f,1,1,0,0,0,0,0,0,0,0,0,0,569.0
2,1.0,1.0,1.0,90,365,6,4.33,1174,91.0,4.501428571428572,2.0,540,1.0,7.392313564173614,t,f,1,1,0,0,0,0,0,0,0,0,0,0,48.0
4,1.5,1.0,2.0,2,1045,70,4.63,1165,3.0,4.7128571428571435,4.0,140,2.0,5.201039360617771,f,f,1,1,0,0,0,0,0,0,0,0,0,0,166.0
2,1.0,1.0,2.0,90,365,5,5.0,1174,846.0,4.857142857142857,2.0,450,1.0,7.5491205321888115,t,f,1,1,0,0,0,0,0,0,0,0,0,0,48.0
2,1.0,2.0,2.0,2,10,80,4.79,2252,27.0,4.767142857142858,4.0,160,1.0,6.070171819688913,t,f,1,1,0,0,0,0,0,0,0,0,0,0,163.0
9,3.0,4.0,5.0,3,30,61,4.95,3276,7.0,4.914285714285713,36.0,183,2.0,3.207428271818691,t,f,1,1,0,0,0,0,0,0,0,0,0,0,876.0
3,1.0,0.0,2.0,2,28,59,4.63,1811,39.0,4.694285714285714,0.0,118,1.0,0.520675160779789,f,t,1,1,0,0,0,0,0,0,0,0,0,0,284.0
7,2.0,3.0,4.0,3,365,172,4.91,2836,23.0,4.888571428571429,21.0,516,2.0,0.9155221592791238,t,f,1,1,0,0,0,0,0,0,0,0,0,0,701.0
4,1.0,1.0,2.0,3,60,102,4.73,2882,8.0,4.692857142857142,4.0,306,2.0,1.119740014928375,t,f,1,1,0,0,0,0,0,0,0,0,0,0,187.0
3,1.0,1.0,2.0,2,29,68,4.65,1811,30.0,4.651428571428572,3.0,136,1.0,0.802879453367872,f,t,1,1,0,0,0,0,0,0,0,0,0,0,275.0
2,1.0,1.0,1.0,1,365,83,4.65,1158,269.0,4.7700000000000005,2.0,83,3.0,4.8171768771657,f,t,0,1,0,0,0,0,0,0,0,0,0,0,99.0
4,1.0,1.0,2.0,30,1125,4,5.0,1210,129.0,4.928571428571429,4.0,120,0.0,0.8753124371305644,t,f,1,1,0,0,0,0,0,0,0,0,0,0,500.0
2,1.0,1.0,1.0,180,365,10,5.0,3969,203.0,4.957142857142856,2.0,1800,0.0,0.26186079707732823,t,f,1,1,0,0,0,0,0,0,0,0,0,0,171.0
4,1.0,2.0,2.0,2,365,153,4.85,1153,17.0,4.767142857142857,8.0,306,2.0,1.5670545371841735,f,t,1,1,0,0,0,0,0,0,0,0,0,0,298.0
2,1.0,0.0,1.0,1,7,119,4.95,3106,16.0,4.911428571428572,0.0,119,2.0,0.5292698548779882,t,f,1,1,0,0,0,0,0,0,0,0,0,0,278.0
2,1.0,1.0,0.0,14,20,6,5.0,3586,661.0,4.928571428571429,2.0,84,3.0,2.7817745203567665,f,f,1,1,0,0,0,0,0,0,0,0,0,0,219.0
2,1.0,1.0,1.0,1,29,168,4.84,2672,17.0,4.875714285714286,2.0,168,2.0,3.3195468370035064,t,f,1,1,0,0,0,0,0,0,0,0,0,0,147.0
2,1.0,1.0,1.0,2,89,134,4.81,1147,14.0,4.837142857142857,2.0,268,2.0,3.144788778409034,t,f,1,1,0,0,0,0,0,0,0,0,0,0,270.0
4,1.0,2.0,2.0,90,250,4,5.0,5246,359.0,4.964285714285714,8.0,360,2.0,5.863406599588849,t,t,1,1,0,0,0,0,0,0,0,0,0,0,126.0
2,1.0,1.0,1.0,90,365,9,5.0,5246,210.0,4.890000000000001,2.0,810,3.0,5.999107403998837,t,f,1,1,0,0,0,0,0,0,0,0,0,0,122.0
4,1.0,2.0,2.0,90,1125,93,4.76,1143,272.0,4.8100000000000005,8.0,8370,3.0,7.740317008933123,t,f,1,1,0,0,0,0,0,0,0,0,0,0,94.0
2,1.0,1.0,1.0,1,7,135,4.93,3943,14.0,4.93,2.0,135,2.0,8.114668176255144,t,f,1,1,0,0,0,0,0,0,0,0,0,0,223.0
2,1.0,1.0,1.0,2,60,85,4.76,1143,11.0,4.7542857142857144,2.0,170,2.0,6.170537858836041,t,f,1,1,0,0,0,0,0,0,0,0,0,0,79.0
4,1.0,1.0,1.0,90,365,0,4.89,1758,0.0,4.892857142857143,4.0,0,,2.52327672142683,f,f,0,1,0,0,0,0,0,0,0,0,0,0,250.0
2,1.0,1.0,1.0,90,1125,5,4.8,1154,750.0,4.714285714285714,2.0,450,2.0,1.7896966610834661,f,f,1,1,0,0,0,0,0,0,0,0,0,0,159.0
6,2.5,3.0,3.0,2,365,43,4.86,1140,327.0,4.802857142857143,18.0,86,2.0,7.061546008326207,f,f,1,1,0,0,0,0,0,0,0,0,0,0,578.0
2,1.0,1.0,2.0,4,30,79,4.97,1139,8.0,4.925714285714285,2.0,316,2.0,3.8136818306571607,t,f,1,1,0,0,0,0,0,0,0,0,0,0,140.0
4,1.0,2.0,2.0,2,90,77,4.91,3354,8.0,4.901428571428572,8.0,154,2.0,8.812621280466509,t,f,1,1,0,0,0,0,0,0,0,0,0,0,167.0
4,1.0,1.0,2.0,2,30,119,4.77,3173,24.0,4.771428571428571,4.0,238,1.0,0.34590865360533746,,f,1,1,0,0,0,0,0,0,0,0,0,0,207.0
2,1.0,1.0,1.0,1,29,78,4.81,3329,30.0,4.8185714285714285,2.0,78,1.0,4.5884480195669815,,f,1,1,0,0,0,0,0,0,0,0,0,0,222.0
5,1.0,2.0,4.0,6,35,78,4.82,2917,28.0,4.898571428571429,10.0,468,1.0,3.2386149807578026,t,f,1,1,0,0,0,0,0,0,0,0,0,0,252.0
4,2.5,2.0,3.0,4,21,11,5.0,2330,289.0,4.961428571428572,8.0,44,3.0,2.7976561166756895,f,f,1,1,0,0,0,0,0,0,0,0,0,0,603.0
4,3.5,3.0,3.0,90,365,5,4.8,4574,361.0,4.742857142857143,12.0,450,2.0,2.0797848980616847,,f,1,1,0,0,0,0,0,0,0,0,0,0,215.0
2,0.0,2.0,2.0,4,21,2,5.0,4340,738.0,4.857142857142857,4.0,8,2.0,1.001364585721539,f,f,1,1,0,0,0,0,0,0,0,0,0,0,242.0
3,1.0,1.0,2.0,2,89,173,4.95,1136,19.0,4.922857142857143,3.0,346,2.0,8.327813519263342,f,f,1,1,0,0,0,0,0,0,0,0,0,0,133.0
4,1.0,1.0,1.0,90,365,69,4.83,4029,286.0,4.8342857142857145,4.0,6210,3.0,1.1754099987274689,f,f,1,1,0,0,0,0,0,0,0,0,0,0,282.0
6,2.0,3.0,3.0,1,365,114,4.77,1135,9.0,4.768571428571428,18.0,114,2.0,0.9416885546266808,t,t,1,1,0,0,0,0,0,0,0,0,0,0,321.0
2,1.0,1.0,2.0,2,1125,159,4.82,2281,6.0,4.881428571428572,2.0,318,2.0,3.810485379825714,t,t,1,1,0,0,0,0,0,0,0,0,0,0,189.0
6,1.0,2.0,2.0,1,1125,193,4.86,3217,17.0,4.844285714285713,12.0,193,2.0,7.358512072121507,f,t,1,1,0,0,0,0,0,0,0,0,0,0,121.0
8,2.0,3.0,4.0,2,28,93,4.73,1147,23.0,4.747142857142856,24.0,186,2.0,6.802371963753138,t,f,1,1,0,0,0,0,0,0,0,0,0,0,341.0
4,1.0,2.0,2.0,90,180,9,4.89,3205,186.0,4.841428571428572,8.0,810,0.0,5.690251552950263,t,f,1,1,0,0,0,0,0,0,0,0,0,0,150.0
4,1.0,2.0,6.0,3,365,71,4.96,4032,9.0,4.957142857142857,8.0,213,2.0,2.670600467774052,t,t,1,1,0,0,0,0,0,0,0,0,0,0,320.0
5,2.0,2.0,2.0,90,1125,1,5.0,5782,1089.0,5.0,10.0,90,2.0,1.536448471265306,f,f,1,1,0,0,0,0,0,0,0,0,0,0,282.0
3,1.0,1.0,2.0,1,180,173,4.73,1131,16.0,4.792857142857143,3.0,173,2.0,6.133728718563487,f,t,1,1,0,0,0,0,0,0,0,0,0,0,225.0
2,1.0,0.0,2.0,90,180,9,4.89,3194,247.0,4.89,0.0,810,3.0,0.832786498439742,f,t,1,1,0,0,0,0,0,0,0,0,0,0,105.0
4,1.0,2.0,2.0,1,1125,107,4.53,1188,4.0,4.724285714285714,8.0,107,2.0,2.4272433001848475,f,t,1,1,0,0,0,0,0,0,0,0,0,0,368.0
8,2.0,3.0,4.0,2,365,22,4.77,1408,66.0,4.811428571428571,24.0,44,1.0,1.0428406550174345,f,f,1,1,0,0,0,0,0,0,0,0,0,0,1236.0
1,2.0,1.0,1.0,90,360,3,5.0,1450,619.0,4.905714285714287,1.0,270,3.0,7.118571618176604,f,f,1,1,0,0,0,0,0,0,0,0,0,0,89.0
2,1.0,0.0,1.0,4,365,61,4.89,4060,12.0,4.8342857142857145,0.0,244,2.0,5.521260123298007,t,t,1,1,0,0,0,0,0,0,0,0,0,0,124.0
2,1.0,1.0,1.0,90,365,14,5.0,3226,85.0,4.99,2.0,1260,1.0,0.3922114127110488,t,f,1,1,0,0,0,0,0,0,0,0,0,0,225.0
2,1.0,1.0,1.0,1,365,89,4.97,3414,4.0,4.945714285714286,2.0,89,2.0,6.6901786229574585,t,f,1,1,0,0,0,0,0,0,0,0,0,0,117.0
6,2.5,3.0,3.0,2,365,43,4.86,1140,268.0,4.735714285714286,18.0,86,3.0,7.271986901499478,f,f,1,1,0,0,0,0,0,0,0,0,0,0,513.0
4,2.0,2.0,2.0,1,365,177,4.69,3423,22.0,4.720000000000001,8.0,177,2.0,6.713359029952294,t,f,1,1,0,0,0,0,0,0,0,0,0,0,181.0
3,1.0,1.0,3.0,2,14,59,4.8,3929,11.0,4.8428571428571425,3.0,118,2.0,3.0553872048468076,t,f,1,1,0,0,0,0,0,0,0,0,0,0,204.0
2,1.0,1.0,2.0,3,60,114,4.88,4479,7.0,4.83,2.0,342,2.0,0.9299009882073392,f,f,1,1,0,0,0,0,0,0,0,0,0,0,222.0
2,1.0,1.0,1.0,2,21,49,4.94,3628,49.0,4.872857142857143,2.0,98,1.0,1.6372694250783983,t,f,1,1,0,0,0,0,0,0,0,0,0,0,317.0
4,1.0,1.0,1.0,1,90,168,4.91,2071,6.0,4.868571428571428,4.0,168,2.0,0.42233424210042403,t,t,1,1,0,0,0,0,0,0,0,0,0,0,199.0
12,4.0,6.0,6.0,3,10,58,4.98,2566,11.0,4.941428571428571,72.0,174,2.0,6.709577170554803,t,f,1,1,0,0,0,0,0,0,0,0,0,0,743.0
4,1.0,1.0,2.0,2,1125,133,4.74,1803,16.0,4.732857142857142,4.0,266,2.0,1.0470431690008362,,f,1,1,0,0,0,0,0,0,0,0,0,0,257.0
3,1.0,2.0,2.0,90,1125,0,4.89,1360,0.0,4.892857142857143,6.0,0,,7.372376316064953,f,f,1,1,0,0,0,0,0,0,0,0,0,0,178.0
2,1.0,1.0,1.0,7,365,16,5.0,2103,7.0,4.972857142857143,2.0,112,2.0,4.0031415220388356,t,f,1,1,0,0,0,0,0,0,0,0,0,0,120.0
2,1.0,1.0,2.0,90,365,17,4.82,4457,160.0,4.905714285714287,2.0,1530,0.0,0.6655052980808119,t,f,1,1,0,0,0,0,0,0,0,0,0,0,450.0
1,1.0,1.0,1.0,2,28,108,4.94,2151,17.0,4.905714285714287,1.0,216,2.0,6.98055196915551,t,f,1,1,0,0,0,0,0,0,0,0,0,0,60.0
6,2.0,3.0,3.0,90,1125,17,4.76,1117,975.0,4.771428571428571,18.0,1530,3.0,4.525127174365457,f,f,1,1,0,0,0,0,0,0,0,0,0,0,509.0
5,1.0,1.0,5.0,2,28,155,4.94,1129,24.0,4.905714285714287,5.0,310,1.0,1.0035586628848523,t,t,1,1,0,0,0,0,0,0,0,0,0,0,364.0
4,1.0,1.0,2.0,90,365,50,4.84,1118,79.0,4.851428571428571,4.0,4500,1.0,0.9194584332807865,f,f,1,1,0,0,0,0,0,0,0,0,0,0,186.0
6,1.0,2.0,3.0,1,125,79,4.89,2708,4.0,4.8828571428571435,12.0,79,2.0,6.320084154609834,t,f,1,1,0,0,0,0,0,0,0,0,0,0,278.0
4,1.0,2.0,3.0,1,365,97,4.9,1120,12.0,4.841428571428572,8.0,97,2.0,0.9718222744839012,t,t,1,0,0,0,0,0,0,0,0,0,0,0,307.0
2,1.0,1.0,1.0,2,30,66,4.95,4012,16.0,4.887142857142857,2.0,132,2.0,0.41768153751806636,t,t,1,1,0,0,0,0,0,0,0,0,0,0,377.0
4,1.0,1.0,2.0,2,60,91,4.95,3272,15.0,4.922857142857143,4.0,182,2.0,1.0433905810266608,t,f,1,1,0,0,0,0,0,0,0,0,0,0,342.0
3,1.0,1.0,1.0,2,45,182,4.8,1111,18.0,4.83,3.0,364,2.0,0.3354099105289553,t,f,1,1,0,0,0,0,0,0,0,0,0,0,207.0
3,1.0,1.0,1.0,90,365,5,5.0,3299,654.0,4.885714285714286,3.0,450,3.0,0.39052160178709333,t,f,1,1,0,0,0,0,0,0,0,0,0,0,155.0
2,1.0,1.0,1.0,90,365,5,5.0,4248,206.0,4.857142857142857,2.0,450,3.0,0.9620395938400823,t,f,1,1,0,0,0,0,0,0,0,0,0,0,200.0
4,1.0,2.0,3.0,4,365,62,4.92,3352,24.0,4.865714285714286,8.0,248,1.0,0.37948056161636723,f,f,1,1,0,0,0,0,0,0,0,0,0,0,562.0
4,1.0,2.0,2.0,90,99,52,4.98,3391,522.0,4.955714285714286,8.0,4680,0.0,4.981035502226457,f,f,1,1,0,0,0,0,0,0,0,0,0,0,99.0
2,1.0,0.0,1.0,3,30,80,4.91,4644,12.0,4.847142857142858,0.0,240,2.0,1.0243888841476314,t,f,1,1,0,0,0,0,0,0,0,0,0,0,198.0
8,3.0,3.0,3.0,1,1125,199,4.89,3739,81.0,4.844285714285713,24.0,199,1.0,1.7638692925239843,f,f,0,1,0,0,0,0,0,0,0,0,0,0,1034.0
2,1.0,1.0,1.0,1,365,5,2.0,1788,254.0,2.971428571428571,2.0,5,3.0,4.00073113935385,f,f,1,1,0,0,0,0,0,0,0,0,0,0,70.0
2,1.0,0.0,1.0,1,365,12,3.75,1788,65.0,3.798571428571428,0.0,12,1.0,4.1639279187520195,f,f,1,1,0,0,0,0,0,0,0,0,0,0,72.0
2,1.0,1.0,2.0,90,180,7,5.0,2598,85.0,4.938571428571429,2.0,630,1.0,4.73535091984348,t,f,1,1,0,0,0,0,0,0,0,0,0,0,90.0
2,1.0,1.0,1.0,90,365,7,4.71,2532,527.0,4.897142857142858,2.0,630,0.0,0.8453700897827751,f,f,1,1,0,0,0,0,0,0,0,0,0,0,115.0
6,1.5,3.0,4.0,3,1125,32,4.66,3806,24.0,4.717142857142856,18.0,96,1.0,4.791525480709853,f,f,1,1,0,0,0,0,0,0,0,0,0,0,577.0
5,1.0,1.0,3.0,3,365,52,4.81,2646,12.0,4.817142857142857,5.0,156,2.0,0.7784993755159052,f,f,1,1,0,0,0,0,0,0,0,0,0,0,289.0
4,1.0,0.0,2.0,90,1125,7,5.0,2988,231.0,4.96,0.0,630,3.0,2.914773145407113,t,f,1,1,0,0,0,0,0,0,0,0,0,0,87.0
3,1.0,2.0,2.0,6,45,5,5.0,4352,659.0,5.0,6.0,30,3.0,5.876354527709758,f,f,1,1,0,0,0,0,0,0,0,0,0,0,250.0
2,1.0,1.0,1.0,3,15,46,4.87,3937,25.0,4.845714285714286,2.0,138,1.0,2.054326808219774,t,f,1,1,0,0,0,0,0,0,0,0,0,0,254.0
2,1.0,1.0,1.0,1,1125,189,4.38,1101,22.0,4.521428571428572,2.0,189,2.0,6.6675841797341135,f,t,1,1,0,0,0,0,0,0,0,0,0,0,94.0
4,2.0,2.0,3.0,90,365,0,4.89,1101,0.0,4.892857142857143,8.0,0,,0.39079541814333696,f,f,0,1,0,0,0,0,0,0,0,0,0,0,450.0
3,1.0,0.0,2.0,1,1125,137,4.81,4799,9.0,4.845714285714286,0.0,137,2.0,4.51325640457426,f,f,1,1,0,0,0,0,0,0,0,0,0,0,285.0
6,2.0,2.0,3.0,2,20,103,4.61,3603,22.0,4.677142857142856,12.0,206,2.0,1.072354881552167,t,t,1,1,0,0,0,0,0,0,0,0,0,0,424.0
6,1.0,2.0,3.0,90,365,82,4.63,1104,29.0,4.707142857142857,12.0,7380,1.0,7.50655647803386,f,t,1,1,0,0,0,0,0,0,0,0,0,0,189.0
4,1.0,1.0,2.0,1,60,42,4.67,1099,10.0,4.725714285714285,4.0,42,2.0,0.6305056794718072,f,f,1,1,0,0,0,0,0,0,0,0,0,0,364.0
2,1.0,1.0,0.0,1,365,29,4.34,1297,212.0,4.417142857142857,2.0,29,3.0,1.10312366926838,f,f,1,1,0,0,0,0,0,0,0,0,0,0,128.0
4,1.0,2.0,2.0,2,30,143,4.94,4115,20.0,4.942857142857143,8.0,286,2.0,6.68241537691281,t,f,1,1,0,0,0,0,0,0,0,0,0,0,190.0
2,1.0,1.0,1.0,3,30,118,4.93,3175,9.0,4.938571428571429,2.0,354,2.0,4.874191309365061,t,f,1,1,0,0,0,0,0,0,0,0,0,0,101.0
4,1.0,2.0,2.0,1,1125,225,4.84,1108,17.0,4.861428571428571,8.0,225,2.0,7.743013612891423,t,t,1,1,0,0,0,0,0,0,0,0,0,0,172.0
3,1.0,1.0,1.0,90,1125,9,5.0,4478,296.0,4.905714285714287,3.0,810,3.0,1.1598445989678283,t,f,1,1,0,0,0,0,0,0,0,0,0,0,265.0
2,1.0,1.0,1.0,3,28,107,4.86,1094,14.0,4.868571428571428,2.0,321,2.0,5.988677515544306,t,t,1,1,0,0,0,0,0,0,0,0,0,0,105.0
4,1.0,2.0,2.0,1,30,123,4.6,1823,17.0,4.722857142857142,8.0,123,2.0,6.890725272666823,f,f,1,1,0,0,0,0,0,0,0,0,0,0,187.0
5,2.5,3.0,2.0,90,365,2,5.0,2640,66.0,5.0,15.0,180,1.0,1.5217942038208276,f,f,1,1,0,0,0,0,0,0,0,0,0,0,189.0
6,2.0,2.0,3.0,1,150,90,4.7,1092,7.0,4.685714285714285,12.0,90,2.0,1.126309353530438,f,f,1,1,0,0,0,0,0,0,0,0,0,0,368.0
4,1.0,2.0,3.0,2,14,102,4.97,1091,6.0,4.947142857142857,8.0,204,2.0,3.407073547465095,t,f,1,1,0,0,0,0,0,0,0,0,0,0,194.0
5,1.0,1.0,2.0,90,1125,9,5.0,1091,175.0,4.984285714285714,5.0,810,0.0,7.141382340528886,t,f,1,1,0,0,0,0,0,0,0,0,0,0,90.0
6,2.0,2.0,3.0,2,60,99,4.66,3918,16.0,4.687142857142858,12.0,198,2.0,0.6901951661165342,f,f,1,1,0,0,0,0,0,0,0,0,0,0,365.0
2,1.0,1.0,1.0,90,180,11,5.0,1090,193.0,4.961428571428572,2.0,990,0.0,10.43816234951259,t,f,1,1,0,0,0,0,0,0,0,0,0,0,89.0
2,1.0,1.0,2.0,90,365,28,4.86,2248,23.0,4.888571428571429,2.0,2520,2.0,4.859191564851158,t,f,1,1,0,0,0,0,0,0,0,0,0,0,191.0
7,2.0,3.0,4.0,2,20,165,4.95,2294,21.0,4.905714285714285,21.0,330,2.0,1.1291726654133027,,f,1,1,0,0,0,0,0,0,0,0,0,0,332.0
9,1.5,2.0,3.0,1,365,130,4.72,1193,31.0,4.748571428571428,18.0,130,1.0,6.1111694326588015,f,f,1,0,0,0,0,0,0,0,0,0,0,0,528.0
6,2.0,2.0,3.0,2,180,134,4.87,3327,9.0,4.857142857142857,12.0,268,2.0,0.9386275294411783,f,f,1,1,0,0,0,0,0,0,0,0,0,0,373.0
1,1.0,1.0,0.0,91,365,2,5.0,3349,328.0,5.0,1.0,182,2.0,6.983250116812537,t,f,1,1,0,0,0,0,0,0,0,0,0,0,55.0
2,1.0,1.0,1.0,90,1125,9,5.0,1751,190.0,4.842857142857143,2.0,810,0.0,0.6118394270589,f,f,1,1,0,0,0,0,0,0,0,0,0,0,284.0
4,1.0,2.0,3.0,1,60,94,4.94,4276,8.0,4.917142857142857,8.0,94,2.0,0.35212395018428694,t,f,1,1,0,0,0,0,0,0,0,0,0,0,393.0
2,1.0,1.0,2.0,3,90,58,4.84,1428,24.0,4.845714285714286,2.0,174,1.0,1.4375600242888333,t,t,1,1,0,0,0,0,0,0,0,0,0,0,296.0
2,1.0,1.0,2.0,3,15,32,4.88,2960,275.0,4.897142857142858,2.0,96,3.0,2.3398134702003652,f,f,1,1,0,0,0,0,0,0,0,0,0,0,326.0
1,1.0,1.0,1.0,90,364,0,4.89,3243,0.0,4.892857142857143,1.0,0,,6.887722822250306,f,f,1,0,0,0,0,0,0,0,0,0,0,0,48.0
6,1.0,2.0,2.0,1,30,134,4.99,1081,11.0,4.948571428571429,12.0,134,2.0,5.673395807999453,t,f,1,1,0,0,0,0,0,0,0,0,0,0,214.0
2,1.0,1.0,1.0,90,365,6,4.33,1081,1045.0,4.402857142857143,2.0,540,2.0,8.875643694206492,f,f,1,1,0,0,0,0,0,0,0,0,0,0,214.0
2,1.0,0.0,1.0,90,365,7,5.0,1081,1038.0,4.9799999999999995,0.0,630,2.0,8.86390954348044,f,f,1,1,0,0,0,0,0,0,0,0,0,0,214.0
8,2.0,4.0,4.0,2,30,55,4.75,2833,72.0,4.765714285714286,32.0,110,1.0,4.409718285441118,f,f,1,1,0,0,0,0,0,0,0,0,0,0,538.0
3,1.0,1.0,2.0,90,180,99,4.93,5131,190.0,4.861428571428571,3.0,8910,0.0,1.127439631662604,t,f,1,1,0,0,0,0,0,0,0,0,0,0,105.0
2,1.0,1.0,1.0,3,30,50,4.92,1079,35.0,4.92,2.0,150,1.0,4.085637930413056,t,f,1,1,0,0,0,0,0,0,0,0,0,0,134.0
8,3.0,5.0,5.0,1,365,9,4.78,1940,62.0,4.764285714285714,40.0,9,1.0,0.9035182320525291,f,t,1,0,0,0,0,0,0,0,0,0,0,0,849.0
5,1.0,2.0,3.0,2,32,81,4.89,4024,19.0,4.895714285714286,10.0,162,2.0,6.5787921356871575,t,f,1,1,0,0,0,0,0,0,0,0,0,0,175.0
2,1.0,1.0,1.0,1,180,131,4.64,4876,23.0,4.728571428571428,2.0,131,2.0,4.387917437768862,f,f,1,1,0,0,0,0,0,0,0,0,0,0,121.0
2,1.0,1.0,1.0,90,730,12,4.67,4180,272.0,4.727142857142858,2.0,1080,3.0,4.392389271456356,t,f,1,1,0,0,0,0,0,0,0,0,0,0,75.0
2,1.0,1.0,1.0,5,365,62,4.94,2168,208.0,4.917142857142857,2.0,310,3.0,1.0550932801240291,f,f,1,1,0,0,0,0,0,0,0,0,0,0,247.0
2,1.0,1.0,1.0,3,7,32,4.97,2936,266.0,4.951428571428571,2.0,96,3.0,5.11386763567286,t,f,1,1,0,0,0,0,0,0,0,0,0,0,282.0
4,1.0,2.0,2.0,3,1125,69,4.96,4027,11.0,4.941428571428572,8.0,207,2.0,5.523336100796959,t,f,1,1,0,0,0,0,0,0,0,0,0,0,265.0
3,1.0,1.0,2.0,2,1125,141,4.86,3271,10.0,4.83,3.0,282,2.0,0.7614733349094404,t,f,1,1,0,0,0,0,0,0,0,0,0,0,258.0
4,1.0,1.0,0.0,3,180,90,4.79,1210,10.0,4.781428571428571,4.0,270,2.0,0.8032126408605318,t,f,1,1,0,0,0,0,0,0,0,0,0,0,273.0
6,2.0,2.0,3.0,2,29,86,4.99,4062,4.0,4.985714285714286,12.0,172,2.0,4.205696021991119,t,f,1,1,0,0,0,0,0,0,0,0,0,0,469.0
4,1.0,1.0,2.0,2,120,121,4.83,2504,24.0,4.7,4.0,242,1.0,2.7396939077262523,t,t,1,1,0,0,0,0,0,0,0,0,0,0,160.0
4,1.0,2.0,2.0,90,365,83,4.67,1960,197.0,4.634285714285714,8.0,7470,0.0,0.9093209596801103,f,f,1,1,0,0,0,0,0,0,0,0,0,0,450.0
2,1.0,1.0,1.0,2,5,88,4.95,3283,8.0,4.8742857142857146,2.0,176,2.0,0.9842969155977911,t,f,1,1,0,0,0,0,0,0,0,0,0,0,232.0
3,1.0,1.0,2.0,2,30,27,4.96,3410,152.0,4.951428571428572,3.0,54,0.0,0.4623387280317422,t,f,1,1,0,0,0,0,0,0,0,0,0,0,427.0
7,1.0,3.0,3.0,2,29,98,4.69,1070,21.0,4.755714285714286,21.0,196,2.0,3.7516959460371027,f,f,1,1,0,0,0,0,0,0,0,0,0,0,299.0
2,1.0,1.0,1.0,7,80,176,4.99,3231,7.0,4.927142857142857,2.0,1232,2.0,1.2580928593524858,t,f,1,1,0,0,0,0,0,0,0,0,0,0,310.0
2,1.0,1.0,1.0,3,90,96,4.92,1069,24.0,4.851428571428571,2.0,288,1.0,0.5050859834121765,t,t,1,1,0,0,0,0,0,0,0,0,0,0,371.0
4,1.0,1.0,2.0,2,730,95,4.91,2252,11.0,4.887142857142857,4.0,190,2.0,0.46824078141700337,t,f,1,1,0,0,0,0,0,0,0,0,0,0,295.0
10,3.5,5.0,5.0,1,365,112,4.35,2456,40.0,4.484285714285713,50.0,112,1.0,6.527834135453439,f,t,1,1,0,0,0,0,0,0,0,0,0,0,415.0
4,2.0,2.0,2.0,5,365,114,4.92,2673,8.0,4.897142857142858,8.0,570,2.0,1.192482688091932,t,f,1,1,0,0,0,0,0,0,0,0,0,0,373.0
4,1.0,2.0,2.0,90,730,12,4.58,1121,328.0,4.6899999999999995,8.0,1080,2.0,4.572799500237931,f,f,1,1,0,0,0,0,0,0,0,0,0,0,115.0
6,3.0,3.0,3.0,3,7,6,5.0,3595,352.0,5.0,18.0,18,2.0,4.7232264765506065,f,f,1,1,0,0,0,0,0,0,0,0,0,0,900.0
5,1.0,1.0,3.0,1,60,146,4.64,1067,197.0,4.661428571428571,5.0,146,0.0,0.47979423977800134,f,f,1,1,0,0,0,0,0,0,0,0,0,0,274.0
4,1.0,2.0,2.0,2,1125,49,4.92,2500,15.0,4.945714285714287,8.0,98,2.0,5.05983754291703,t,f,1,1,0,0,0,0,0,0,0,0,0,0,221.0
1,1.0,1.0,1.0,91,365,3,4.67,3349,208.0,4.761428571428572,1.0,273,3.0,6.919558372338999,t,f,1,1,0,0,0,0,0,0,0,0,0,0,60.0
4,1.5,1.0,1.0,90,365,7,5.0,1257,329.0,4.9799999999999995,4.0,630,2.0,5.894169292781081,f,f,0,1,0,0,0,0,0,0,0,0,0,0,155.0
3,1.0,1.0,2.0,3,1125,96,4.93,3669,23.0,4.9071428571428575,3.0,288,2.0,6.83325020871716,t,f,1,1,0,0,0,0,0,0,0,0,0,0,152.0
3,1.0,2.0,2.0,90,180,12,5.0,3697,77.0,4.964285714285714,6.0,1080,1.0,4.325470802753967,t,f,1,1,0,0,0,0,0,0,0,0,0,0,90.0
7,2.0,2.0,4.0,2,365,0,4.89,3695,0.0,4.892857142857143,14.0,0,,0.9227274880852822,f,f,1,1,0,0,0,0,0,0,0,0,0,0,530.0
2,1.0,1.0,1.0,90,365,6,5.0,3718,144.0,4.951428571428571,2.0,540,0.0,0.27800527743829334,f,f,1,1,0,0,0,0,0,0,0,0,0,0,205.0
2,1.0,1.0,1.0,90,180,1,3.0,1161,967.0,2.857142857142857,2.0,90,3.0,2.717145005992831,f,t,1,1,0,0,0,0,0,0,0,0,0,0,72.0
2,1.0,1.0,1.0,90,180,1,1.0,1161,1053.0,1.4285714285714286,2.0,90,2.0,2.666166585972442,f,t,1,1,0,0,0,0,0,0,0,0,0,0,63.0
4,1.0,2.0,2.0,90,365,7,5.0,1068,58.0,4.918571428571428,8.0,630,1.0,7.791371067753131,t,f,1,1,0,0,0,0,0,0,0,0,0,0,223.0
4,1.0,2.0,2.0,2,120,56,5.0,3359,6.0,4.974285714285714,8.0,112,2.0,9.223954120213467,t,f,1,1,0,0,0,0,0,0,0,0,0,0,147.0
4,2.0,2.0,2.0,2,365,62,4.94,1062,36.0,4.854285714285715,8.0,124,1.0,1.149191868031761,,t,1,1,0,0,0,0,0,0,0,0,0,0,473.0
4,2.5,2.0,2.0,2,30,158,4.96,1061,5.0,4.960000000000001,8.0,316,2.0,4.187815422617131,t,t,1,1,0,0,0,0,0,0,0,0,0,0,488.0
2,1.0,1.0,1.0,3,90,68,4.88,3347,10.0,4.821428571428571,2.0,204,2.0,2.7168602273625346,,f,1,1,0,0,0,0,0,0,0,0,0,0,342.0
2,1.0,1.0,0.0,90,180,3,3.67,1161,869.0,4.238571428571428,2.0,270,0.0,2.5693761425850714,f,t,1,1,0,0,0,0,0,0,0,0,0,0,82.0
2,1.0,1.0,1.0,1,30,86,4.81,2342,24.0,4.714285714285714,2.0,86,1.0,1.2321869083408843,f,t,1,1,0,0,0,0,0,0,0,0,0,0,257.0
6,2.0,3.0,4.0,2,365,195,4.93,4611,25.0,4.888571428571429,18.0,390,1.0,1.013395872108738,t,f,1,1,0,0,0,0,0,0,0,0,0,0,794.0
4,1.0,1.0,2.0,1,1125,184,4.88,1060,29.0,4.872857142857143,4.0,184,1.0,0.28631322451371316,t,t,1,1,0,0,0,0,0,0,0,0,0,0,338.0
3,1.0,1.0,2.0,2,20,165,4.88,1156,23.0,4.818571428571429,3.0,330,2.0,1.710946267523473,t,f,1,1,0,0,0,0,0,0,0,0,0,0,233.0
4,1.0,1.0,2.0,2,28,178,4.9,1060,8.0,4.857142857142857,4.0,356,2.0,0.9941276820119651,t,t,1,1,0,0,0,0,0,0,0,0,0,0,204.0
8,2.0,3.0,4.0,1,90,121,4.87,1742,8.0,4.840000000000001,24.0,121,2.0,7.551670857178293,t,f,1,1,0,0,0,0,0,0,0,0,0,0,240.0
4,1.0,2.0,2.0,90,365,0,4.89,2363,0.0,4.892857142857143,8.0,0,,0.5385891656126499,f,f,1,0,0,0,0,0,0,0,0,0,0,0,122.0
3,1.0,2.0,2.0,90,365,76,4.78,1957,13.0,4.711428571428572,6.0,6840,2.0,3.0972158780100103,f,t,1,1,0,0,0,0,0,0,0,0,0,0,192.0
2,1.0,1.0,1.0,90,365,13,5.0,1056,156.0,4.977142857142858,2.0,1170,0.0,0.7068697425526437,t,t,1,1,0,0,0,0,0,0,0,0,0,0,157.0
2,1.0,1.0,1.0,2,16,82,4.93,3670,15.0,4.911428571428572,2.0,164,2.0,5.917633322031322,f,f,1,1,0,0,0,0,0,0,0,0,0,0,180.0
2,1.0,1.0,1.0,90,1125,10,4.8,3443,56.0,4.871428571428571,2.0,900,1.0,1.1370837781156646,f,f,1,1,0,0,0,0,0,0,0,0,0,0,234.0
2,1.0,1.0,2.0,30,1125,12,4.92,1450,151.0,4.905714285714287,2.0,360,0.0,1.653639118079054,t,f,1,1,0,0,0,0,0,0,0,0,0,0,139.0
2,1.0,1.0,1.0,150,1000,11,5.0,4756,188.0,4.974285714285714,2.0,1650,0.0,1.1919260626220172,t,f,1,1,0,0,0,0,0,0,0,0,0,0,315.0
2,1.0,0.0,1.0,90,365,12,4.67,2387,171.0,4.714285714285714,0.0,1080,0.0,4.454865342974346,f,t,1,1,0,0,0,0,0,0,0,0,0,0,106.0
7,1.5,3.0,1.0,2,1125,63,4.89,3268,18.0,4.902857142857143,21.0,126,2.0,4.028711705318513,t,f,1,0,0,0,0,0,0,0,0,0,0,0,357.0
2,1.0,1.0,1.0,2,1125,128,4.85,1055,8.0,4.882857142857143,2.0,256,2.0,0.3919782787313048,,f,1,1,0,0,0,0,0,0,0,0,0,0,299.0
1,1.0,1.0,1.0,1,20,117,4.93,3370,18.0,4.902857142857143,1.0,117,2.0,5.991620756146417,t,f,1,1,0,0,0,0,0,0,0,0,0,0,90.0
1,1.0,1.0,1.0,90,365,0,4.89,1654,0.0,4.892857142857143,1.0,0,,6.428104450935049,f,f,1,1,0,0,0,0,0,0,0,0,0,0,65.0
8,2.0,4.0,4.0,90,365,63,4.79,2099,12.0,4.765714285714286,32.0,5670,2.0,1.0287445622345353,f,t,1,1,0,0,0,0,0,0,0,0,0,0,628.0
1,1.0,0.0,1.0,90,365,7,5.0,4887,88.0,5.0,0.0,630,1.0,3.652922726536051,t,f,1,1,0,0,0,0,0,0,0,0,0,0,85.0
1,1.0,1.0,1.0,90,365,0,4.89,1654,0.0,4.892857142857143,1.0,0,,6.879479185017523,f,t,1,1,0,0,0,0,0,0,0,0,0,0,72.0
2,1.0,1.0,2.0,90,1125,11,4.82,1050,129.0,4.832857142857143,2.0,990,0.0,0.35212395018428694,t,f,1,1,0,0,0,0,0,0,0,0,0,0,130.0
2,1.0,1.0,1.0,3,1125,112,4.88,3401,8.0,4.865714285714286,2.0,336,2.0,4.4375010209454455,t,f,1,1,0,0,0,0,0,0,0,0,0,0,154.0
4,1.0,1.0,1.0,90,365,1,5.0,1049,1052.0,4.571428571428571,4.0,90,2.0,1.0947228915089071,f,f,1,1,0,0,0,0,0,0,0,0,0,0,249.0
5,1.0,2.0,3.0,1,365,0,4.89,2298,0.0,4.892857142857143,10.0,0,,6.9043696532060554,f,f,1,1,0,0,0,0,0,0,0,0,0,0,170.0
2,1.0,1.0,1.0,2,30,65,4.69,1048,25.0,4.7128571428571435,2.0,130,1.0,2.460412484345571,t,f,1,1,0,0,0,0,0,0,0,0,0,0,169.0
2,1.0,1.0,1.0,3,365,54,4.8,1449,8.0,4.840000000000001,2.0,162,2.0,7.119691661857439,t,f,1,1,0,0,0,0,0,0,0,0,0,0,172.0
2,1.0,1.0,1.0,2,365,130,4.72,1048,18.0,4.722857142857143,2.0,260,2.0,0.6084386295722543,t,f,1,1,0,0,0,0,0,0,0,0,0,0,298.0
6,1.0,3.0,3.0,90,365,23,4.87,1582,52.0,4.86,18.0,2070,1.0,3.8986622841224334,t,f,1,1,0,0,0,0,0,0,0,0,0,0,494.0
4,1.0,2.0,2.0,91,240,10,4.6,3205,206.0,4.628571428571428,8.0,910,3.0,5.69027948327625,t,f,1,1,0,0,0,0,0,0,0,0,0,0,165.0
2,1.0,1.0,1.0,3,35,61,4.85,3459,17.0,4.854285714285715,2.0,183,2.0,2.412553398126622,t,f,1,1,0,0,0,0,0,0,0,0,0,0,289.0
2,1.0,1.0,1.0,90,365,90,4.89,1582,25.0,4.880000000000001,2.0,8100,1.0,3.9843588282047784,t,f,1,1,0,0,0,0,0,0,0,0,0,0,103.0
2,1.0,1.0,1.0,90,365,101,4.91,1582,11.0,4.888571428571429,2.0,9090,2.0,3.850575092366659,t,f,1,1,0,0,0,0,0,0,0,0,0,0,109.0
6,1.5,3.0,3.0,3,730,67,4.64,1053,14.0,4.7057142857142855,18.0,201,2.0,7.8197435951184096,f,f,1,1,0,0,0,0,0,0,0,0,0,0,204.0
6,2.5,3.0,3.0,2,365,13,4.54,1140,125.0,4.551428571428572,18.0,26,0.0,7.226249253856674,f,f,1,1,0,0,0,0,0,0,0,0,0,0,513.0
3,1.0,1.0,1.0,90,365,13,4.38,2387,25.0,4.461428571428571,3.0,1170,1.0,2.486903310976938,f,t,1,1,0,0,0,0,0,0,0,0,0,0,117.0
2,1.0,1.0,1.0,90,730,7,5.0,5073,118.0,4.9399999999999995,2.0,630,0.0,4.858697595428283,t,f,1,1,0,0,0,0,0,0,0,0,0,0,93.0
2,1.0,2.0,0.0,90,360,1,5.0,3472,420.0,5.0,4.0,90,1.0,2.651681204966609,,f,1,1,0,0,0,0,0,0,0,0,0,0,145.0
7,2.0,3.0,3.0,90,365,0,4.89,2498,0.0,4.892857142857143,21.0,0,,8.513964385878792,f,f,1,1,0,0,0,0,0,0,0,0,0,0,276.0
6,3.5,3.0,3.0,3,25,17,5.0,5267,266.0,4.982857142857143,18.0,51,3.0,3.316907965075978,,f,1,1,0,0,0,0,0,0,0,0,0,0,695.0
3,1.0,1.0,2.0,1,120,162,4.83,4807,6.0,4.775714285714286,3.0,162,2.0,1.1617114682176162,t,f,1,1,0,0,0,0,0,0,0,0,0,0,258.0
8,3.5,4.0,5.0,3,730,10,5.0,5073,178.0,4.957142857142857,32.0,30,0.0,4.895487049563559,t,f,1,1,0,0,0,0,0,0,0,0,0,0,605.0
2,1.0,0.0,1.0,90,365,10,4.9,3859,481.0,4.785714285714285,0.0,900,0.0,0.768351983480886,t,f,1,1,0,0,0,0,0,0,0,0,0,0,99.0
4,2.0,2.0,3.0,1,30,211,4.91,1039,17.0,4.8742857142857146,8.0,211,2.0,0.9639909820967555,t,f,1,1,0,0,0,0,0,0,0,0,0,0,512.0
4,1.0,1.0,2.0,2,365,112,4.92,2560,8.0,4.890000000000001,4.0,224,2.0,0.9302906193554696,t,f,1,1,0,0,0,0,0,0,0,0,0,0,300.0
4,2.0,2.0,2.0,3,365,75,4.91,3854,21.0,4.911428571428571,8.0,225,2.0,0.7210299078015393,t,f,1,1,0,0,0,0,0,0,0,0,0,0,642.0
7,2.0,3.0,4.0,2,365,109,4.93,1037,23.0,4.887142857142857,21.0,218,2.0,1.1008576366075542,t,f,1,1,0,0,0,0,0,0,0,0,0,0,533.0
2,1.0,1.0,1.0,90,150,24,4.96,2374,195.0,4.954285714285715,2.0,2160,0.0,3.2023503951396597,f,t,1,1,0,0,0,0,0,0,0,0,0,0,110.0
2,1.0,1.0,1.0,1,365,8,4.88,2298,16.0,4.897142857142858,2.0,8,2.0,6.900056158607563,f,f,1,1,0,0,0,0,0,0,0,0,0,0,86.0
2,1.0,1.0,1.0,3,365,93,4.95,3398,22.0,4.937142857142858,2.0,279,2.0,2.573795073928231,f,f,1,1,0,0,0,0,0,0,0,0,0,0,197.0
5,2.0,2.0,3.0,2,7,32,4.66,4705,198.0,4.692857142857143,10.0,64,0.0,5.637887184142385,f,t,1,1,0,0,0,0,0,0,0,0,0,0,300.0
4,1.0,1.0,2.0,2,21,94,4.84,1078,22.0,4.862857142857143,4.0,188,2.0,5.2713261192012215,t,f,1,1,0,0,0,0,0,0,0,0,0,0,199.0
2,1.0,1.0,1.0,1,29,86,5.0,3432,5.0,4.9628571428571435,2.0,86,2.0,2.887243070375555,t,f,1,1,0,0,0,0,0,0,0,0,0,0,155.0
3,1.0,1.0,1.0,365,365,0,4.89,3623,0.0,4.892857142857143,3.0,0,,2.9775957633240324,f,t,0,1,0,0,0,0,0,0,0,0,0,0,160.0
6,2.0,2.0,3.0,2,1125,70,4.83,2698,15.0,4.807142857142858,12.0,140,2.0,1.0076747104888502,t,f,1,1,0,0,0,0,0,0,0,0,0,0,558.0
4,1.0,1.0,1.0,91,365,0,4.89,3569,0.0,4.892857142857143,4.0,0,,0.9275855109393508,f,f,1,0,0,0,0,0,0,0,0,0,0,0,308.0
2,1.0,1.0,1.0,90,180,14,5.0,3301,206.0,4.96,2.0,1260,3.0,4.623547718976459,t,f,1,1,0,0,0,0,0,0,0,0,0,0,92.0
2,1.0,1.0,1.0,90,270,14,5.0,1033,38.0,4.96,2.0,1260,1.0,2.747511396022944,f,f,1,1,0,0,0,0,0,0,0,0,0,0,175.0
3,1.0,1.0,2.0,90,365,11,4.55,1033,205.0,4.598571428571428,3.0,990,0.0,2.6773535699508755,f,f,1,1,0,0,0,0,0,0,0,0,0,0,270.0
2,1.0,1.0,1.0,1,365,11,5.0,2298,4.0,5.0,2.0,11,2.0,6.903878122921734,f,t,1,1,0,0,0,0,0,0,0,0,0,0,65.0
2,2.0,1.0,1.0,1,365,19,4.84,2298,5.0,4.788571428571428,2.0,19,2.0,6.8825053060031856,f,f,1,1,0,0,0,0,0,0,0,0,0,0,65.0
5,1.0,2.0,4.0,2,10,108,4.94,3275,9.0,4.932857142857143,10.0,216,2.0,7.395466435166293,t,f,1,1,0,0,0,0,0,0,0,0,0,0,209.0
2,1.0,0.0,1.0,90,600,5,4.8,1198,346.0,4.771428571428571,0.0,450,2.0,1.0309624550112764,t,f,1,1,0,0,0,0,0,0,0,0,0,0,128.0
2,1.0,1.0,1.0,90,365,6,5.0,1429,676.0,4.951428571428571,2.0,540,2.0,0.3867910317509513,t,f,1,1,0,0,0,0,0,0,0,0,0,0,160.0
4,1.5,2.0,2.0,90,365,5,5.0,2289,540.0,5.0,8.0,450,0.0,3.2493845594861903,t,f,1,1,0,0,0,0,0,0,0,0,0,0,175.0
2,1.0,0.0,1.0,90,365,9,4.33,3955,158.0,4.362857142857143,0.0,810,0.0,1.0330176573548915,,f,1,1,0,0,0,0,0,0,0,0,0,0,80.0
3,1.0,1.0,2.0,1,365,5,3.0,2462,374.0,3.0285714285714285,3.0,5,2.0,3.8132022667743755,f,f,1,1,0,0,0,0,0,0,0,0,0,0,86.0
2,1.0,1.0,1.0,2,28,34,4.97,1034,10.0,4.961428571428572,2.0,68,2.0,5.819060051913841,f,f,1,1,0,0,0,0,0,0,0,0,0,0,131.0
4,1.0,2.0,2.0,2,730,119,4.97,3228,5.0,4.952857142857143,8.0,238,2.0,5.923163243805749,t,f,1,1,0,0,0,0,0,0,0,0,0,0,222.0
2,1.0,0.0,1.0,2,365,19,4.47,1118,30.0,4.541428571428571,0.0,38,1.0,6.229384553321844,f,f,1,1,0,0,0,0,0,0,0,0,0,0,126.0
4,1.0,1.0,2.0,1,90,229,4.91,1046,6.0,4.898571428571429,4.0,229,2.0,7.758494226004663,t,f,1,1,0,0,0,0,0,0,0,0,0,0,130.0
4,1.0,1.0,2.0,90,365,22,4.18,1027,45.0,4.331428571428572,4.0,1980,1.0,1.0493310190361353,f,f,1,1,0,0,0,0,0,0,0,0,0,0,142.0
11,1.0,2.0,3.0,2,365,100,4.86,4085,17.0,4.857142857142857,22.0,200,2.0,8.976207808295424,,f,1,1,0,0,0,0,0,0,0,0,0,0,108.0
3,1.0,1.0,1.0,2,180,19,4.89,1509,30.0,4.9071428571428575,3.0,38,1.0,1.0393088465661857,t,f,1,1,0,0,0,0,0,0,0,0,0,0,241.0
2,2.0,1.0,1.0,1,1125,137,4.95,1024,6.0,4.942857142857143,2.0,137,2.0,6.494053726521472,t,f,1,1,0,0,0,0,0,0,0,0,0,0,90.0
2,1.0,1.0,1.0,90,365,2,5.0,5626,291.0,4.714285714285714,2.0,180,3.0,0.7565244823232787,t,f,1,1,0,0,0,0,0,0,0,0,0,0,75.0
2,1.0,1.0,1.0,7,90,37,4.86,2106,9.0,4.87,2.0,259,2.0,3.5330951661999253,t,f,0,1,0,0,0,0,0,0,0,0,0,0,172.0
4,1.0,1.0,2.0,90,365,193,4.92,3718,176.0,4.862857142857144,4.0,17370,0.0,1.064686050683666,t,f,1,1,0,0,0,0,0,0,0,0,0,0,171.0
4,1.0,2.0,3.0,1,15,71,4.77,1021,58.0,4.8914285714285715,8.0,71,1.0,5.339405315536943,f,t,1,1,0,0,0,0,0,0,0,0,0,0,229.0
3,1.0,2.0,2.0,90,270,7,4.71,1033,233.0,4.694285714285714,6.0,630,3.0,2.739832892082413,f,f,1,1,0,0,0,0,0,0,0,0,0,0,200.0
3,1.0,1.0,1.0,3,29,62,4.95,4312,17.0,4.925714285714285,3.0,186,2.0,7.230845992962814,t,f,1,1,0,0,0,0,0,0,0,0,0,0,132.0
2,1.0,0.0,1.0,2,14,5,5.0,3418,7.0,4.971428571428571,0.0,10,2.0,5.040588042513221,t,f,1,1,0,0,0,0,0,0,0,0,0,0,125.0
4,1.0,2.0,2.0,90,365,5,4.6,2387,571.0,4.3999999999999995,8.0,450,0.0,0.8490287824709021,f,t,1,1,0,0,0,0,0,0,0,0,0,0,280.0
6,1.0,2.0,3.0,1,365,35,4.86,4118,18.0,4.841428571428572,12.0,35,2.0,6.887229219498363,t,f,1,1,0,0,0,0,0,0,0,0,0,0,172.0
14,6.0,5.0,8.0,2,89,3,5.0,3303,163.0,5.0,70.0,6,0.0,1.2059138184540097,t,f,1,1,0,0,0,0,0,0,0,0,0,0,2231.0
4,2.0,2.0,2.0,1,1125,36,4.97,1018,215.0,4.927142857142857,8.0,36,3.0,7.355416101776011,t,f,1,1,0,0,0,0,0,0,0,0,0,0,294.0
4,1.0,2.0,2.0,3,1125,116,4.97,3430,4.0,4.958571428571429,8.0,348,2.0,4.108160875396843,t,f,1,1,0,0,0,0,0,0,0,0,0,0,475.0
2,1.0,1.0,1.0,90,270,10,4.8,1033,256.0,4.699999999999998,2.0,900,3.0,2.561093812327514,f,f,1,1,0,0,0,0,0,0,0,0,0,0,260.0
4,1.5,3.0,4.0,3,28,99,4.9,3303,17.0,4.872857142857143,12.0,297,2.0,6.177348548230057,t,f,1,1,0,0,0,0,0,0,0,0,0,0,297.0
4,1.0,2.0,2.0,90,270,9,4.56,1033,256.0,4.65142857142857,8.0,810,3.0,2.6662361539007717,f,f,1,1,0,0,0,0,0,0,0,0,0,0,302.0
2,1.0,1.0,1.0,90,270,14,4.79,1033,242.0,4.808571428571428,2.0,1260,3.0,2.5772585290042205,f,f,1,1,0,0,0,0,0,0,0,0,0,0,175.0
6,2.0,2.0,2.0,91,300,7,5.0,4329,389.0,5.0,12.0,637,1.0,0.42980552807010863,f,t,1,1,0,0,0,0,0,0,0,0,0,0,227.0
5,1.0,3.0,3.0,90,270,10,5.0,1033,205.0,4.9142857142857155,15.0,900,0.0,2.685506486075306,f,f,1,1,0,0,0,0,0,0,0,0,0,0,350.0
2,1.0,1.0,1.0,90,270,6,5.0,1033,205.0,4.904285714285714,2.0,540,0.0,2.7070462119851455,f,f,1,1,0,0,0,0,0,0,0,0,0,0,160.0
4,1.0,1.0,2.0,2,1125,218,4.83,3444,5.0,4.8357142857142845,4.0,436,2.0,0.2987509198707265,f,f,1,1,0,0,0,0,0,0,0,0,0,0,251.0
4,1.0,2.0,2.0,2,365,55,4.93,2996,65.0,4.768571428571429,8.0,110,1.0,2.756296489747029,f,f,1,1,0,0,0,0,0,0,0,0,0,0,189.0
2,1.0,1.0,1.0,2,15,163,4.95,1014,8.0,4.958571428571429,2.0,326,2.0,4.051503638205165,t,f,1,1,0,0,0,0,0,0,0,0,0,0,196.0
2,1.0,1.0,1.0,90,90,1,5.0,5559,960.0,4.714285714285714,2.0,90,3.0,4.679268575635831,t,f,1,1,0,0,0,0,0,0,0,0,0,0,96.0
3,1.0,1.0,1.0,90,365,5,5.0,3299,159.0,4.885714285714286,3.0,450,0.0,0.39079541814333696,t,f,1,1,0,0,0,0,0,0,0,0,0,0,176.0
4,2.0,2.0,2.0,90,365,2,5.0,1389,45.0,5.0,8.0,180,1.0,3.542597772709601,t,f,1,1,0,0,0,0,0,0,0,0,0,0,132.0
6,1.0,2.0,3.0,90,365,63,4.78,1021,100.0,4.767142857142857,12.0,5670,1.0,0.6583061288403447,t,f,1,1,0,0,0,0,0,0,0,0,0,0,538.0
2,1.0,1.0,1.0,2,90,148,4.83,1185,5.0,4.861428571428571,2.0,296,2.0,5.108887087074561,f,f,1,1,0,0,0,0,0,0,0,0,0,0,129.0
6,2.0,2.0,3.0,2,1125,44,4.98,1775,8.0,4.894285714285714,12.0,88,2.0,1.0899661845426478,,f,1,1,0,0,0,0,0,0,0,0,0,0,601.0
2,1.0,1.0,1.0,4,35,13,4.85,1050,17.0,4.781428571428571,2.0,52,2.0,2.7571999365708852,f,f,1,1,0,0,0,0,0,0,0,0,0,0,150.0
4,1.0,2.0,3.0,2,30,97,4.95,1797,4.0,4.948571428571428,8.0,194,2.0,7.76599440291045,t,f,1,1,0,0,0,0,0,0,0,0,0,0,179.0
3,1.0,1.0,1.0,90,180,4,5.0,2890,359.0,5.0,3.0,360,2.0,2.619836613169357,f,f,1,1,0,0,0,0,0,0,0,0,0,0,145.0
2,1.0,1.0,1.0,90,90,0,4.89,1106,0.0,4.892857142857143,2.0,0,,1.6301408956013521,f,f,1,1,0,0,0,0,0,0,0,0,0,0,179.0
2,1.0,1.0,1.0,1,365,128,4.84,4836,23.0,4.872857142857143,2.0,128,2.0,3.1109774244155526,f,f,1,1,0,0,0,0,0,0,0,0,0,0,126.0
4,1.5,2.0,2.0,2,28,53,4.85,4698,15.0,4.821428571428571,8.0,106,2.0,4.343862878846432,t,f,1,1,0,0,0,0,0,0,0,0,0,0,233.0
4,1.0,1.0,2.0,2,31,201,4.92,3135,18.0,4.914285714285714,4.0,402,2.0,4.41400501245845,t,f,1,1,0,0,0,0,0,0,0,0,0,0,186.0
6,1.0,2.0,2.0,90,1125,6,5.0,1000,187.0,5.0,12.0,540,0.0,1.6369112721304704,t,t,1,1,0,0,0,0,0,0,0,0,0,0,164.0
2,1.0,1.0,1.0,2,100,93,4.91,1073,9.0,4.862857142857143,2.0,186,2.0,7.446383427818412,t,f,1,1,0,0,0,0,0,0,0,0,0,0,148.0
6,3.0,3.0,3.0,1,30,85,4.89,1018,6.0,4.89,18.0,85,2.0,7.5606069230489465,t,f,1,1,0,0,0,0,0,0,0,0,0,0,412.0
2,2.0,1.0,1.0,90,1125,0,4.89,3923,0.0,4.892857142857143,2.0,0,,5.690367747837513,f,f,1,1,0,0,0,0,0,0,0,0,0,0,187.0
2,2.0,1.0,1.0,1,365,58,4.62,3294,11.0,4.6571428571428575,2.0,58,2.0,6.308536804414896,f,t,1,1,0,0,0,0,0,0,0,0,0,0,106.0
1,1.0,1.0,1.0,3,14,79,4.96,1925,9.0,4.95,1.0,237,2.0,3.7328225609687884,f,f,1,1,0,0,0,0,0,0,0,0,0,0,128.0
4,1.0,0.0,2.0,2,365,112,4.75,997,7.0,4.772857142857143,0.0,224,2.0,3.170715083631613,t,f,1,1,0,0,0,0,0,0,0,0,0,0,174.0
6,1.0,2.0,3.0,2,1125,160,4.91,3250,4.0,4.907142857142857,12.0,320,2.0,4.01395628654404,t,f,1,1,0,0,0,0,0,0,0,0,0,0,204.0
2,1.0,1.0,0.0,4,30,50,4.9,3193,4.0,4.917142857142857,2.0,200,2.0,3.2680191792365596,f,f,1,1,0,0,0,0,0,0,0,0,0,0,321.0
4,1.0,2.0,2.0,2,365,127,4.98,2798,6.0,4.954285714285715,8.0,254,2.0,5.512923350926641,t,f,1,1,0,0,0,0,0,0,0,0,0,0,224.0
3,1.0,1.0,1.0,1,28,159,4.66,1342,23.0,4.6899999999999995,3.0,159,2.0,6.366653587867861,f,t,1,1,0,0,0,0,0,0,0,0,0,0,76.0
3,1.0,1.0,2.0,2,30,167,4.98,3582,4.0,4.952857142857143,3.0,334,2.0,0.841961675226956,t,f,1,1,0,0,0,0,0,0,0,0,0,0,239.0
2,1.0,1.0,1.0,90,186,7,5.0,993,24.0,5.0,2.0,630,1.0,1.5748721651656776,t,f,1,1,0,0,0,0,0,0,0,0,0,0,159.0
2,1.0,1.0,1.0,1,6,341,4.82,4795,9.0,4.8,2.0,341,2.0,9.667008412890612,t,t,1,1,0,0,0,0,0,0,0,0,0,0,124.0
4,2.0,2.0,2.0,90,365,1,5.0,4711,818.0,4.857142857142857,8.0,90,1.0,1.5880748477092277,f,f,1,0,0,0,0,0,0,0,0,0,0,0,192.0
3,1.0,2.0,3.0,90,1125,3,5.0,2505,324.0,4.8100000000000005,6.0,270,2.0,0.8577529921435626,t,f,1,1,0,0,0,0,0,0,0,0,0,0,175.0
2,1.0,1.0,1.0,1,1125,350,4.92,999,4.0,4.934285714285714,2.0,350,2.0,4.205247301534541,t,t,1,1,0,0,0,0,0,0,0,0,0,0,129.0
6,2.0,2.0,2.0,2,29,78,4.88,3803,14.0,4.875714285714286,12.0,156,2.0,2.4662132362790787,t,t,1,1,0,0,0,0,0,0,0,0,0,0,348.0
2,1.0,1.0,1.0,3,21,45,4.91,2412,6.0,4.852857142857142,2.0,135,2.0,6.235295862835474,t,f,1,1,0,0,0,0,0,0,0,0,0,0,71.0
6,1.5,2.0,3.0,1,1125,105,4.86,989,10.0,4.781428571428571,12.0,105,2.0,3.8896226990810754,t,f,1,1,0,0,0,0,0,0,0,0,0,0,242.0
2,1.0,1.0,1.0,90,180,0,4.89,2598,0.0,4.892857142857143,2.0,0,,4.417002662599433,t,f,1,1,0,0,0,0,0,0,0,0,0,0,80.0
4,1.0,2.0,2.0,2,29,196,4.91,3584,6.0,4.922857142857143,8.0,392,2.0,4.135661731709745,t,t,1,1,0,0,0,0,0,0,0,0,0,0,184.0
4,1.0,2.0,2.0,3,365,104,4.93,3489,19.0,4.942857142857143,8.0,312,2.0,4.639853799142137,t,f,1,1,0,0,0,0,0,0,0,0,0,0,265.0
5,1.0,1.0,3.0,90,365,23,4.96,986,52.0,4.934285714285714,5.0,2070,1.0,0.23592730265417633,f,t,1,1,0,0,0,0,0,0,0,0,0,0,97.0
8,2.0,4.0,4.0,2,30,85,4.76,1013,16.0,4.728571428571429,32.0,170,2.0,7.067307261916835,t,t,1,1,0,0,0,0,0,0,0,0,0,0,540.0
10,3.0,4.0,6.0,1,999,147,4.89,982,13.0,4.881428571428572,40.0,147,2.0,4.788415447217685,t,f,1,1,0,0,0,0,0,0,0,0,0,0,537.0
4,1.0,2.0,4.0,3,60,94,4.82,1207,8.0,4.841428571428572,8.0,282,2.0,9.049608493059994,t,f,1,1,0,0,0,0,0,0,0,0,0,0,128.0
3,1.5,1.0,2.0,1,365,27,5.0,1281,23.0,4.904285714285714,3.0,27,2.0,0.4605191255968418,t,f,1,1,0,0,0,0,0,0,0,0,0,0,351.0
2,1.0,1.0,0.0,90,365,2,5.0,1722,93.0,5.0,2.0,180,1.0,0.9578891266510753,t,f,1,1,0,0,0,0,0,0,0,0,0,0,115.0
2,1.0,1.0,1.0,90,365,8,4.63,2387,129.0,4.752857142857143,2.0,720,0.0,2.3992418804230486,f,t,1,1,0,0,0,0,0,0,0,0,0,0,131.0
4,1.0,2.0,3.0,3,365,93,4.94,3353,9.0,4.945714285714287,8.0,279,2.0,6.390440715288784,t,f,1,1,0,0,0,0,0,0,0,0,0,0,241.0
2,1.0,1.0,1.0,90,365,12,4.83,2387,129.0,4.832857142857143,2.0,1080,0.0,2.826460084210605,f,t,1,1,0,0,0,0,0,0,0,0,0,0,138.0
4,1.0,1.0,2.0,2,365,97,4.91,1055,25.0,4.862857142857144,4.0,194,1.0,1.0947228915089071,,f,1,1,0,0,0,0,0,0,0,0,0,0,287.0
2,1.0,1.0,1.0,2,365,43,4.93,1836,15.0,4.881428571428572,2.0,86,2.0,0.9976142966303105,t,f,1,1,0,0,0,0,0,0,0,0,0,0,267.0
4,1.0,1.0,2.0,2,30,39,4.87,3594,44.0,4.78,4.0,78,1.0,1.1939058580742092,f,t,1,1,0,0,0,0,0,0,0,0,0,0,239.0
3,1.0,0.0,2.0,2,25,139,4.96,1845,11.0,4.928571428571429,0.0,278,2.0,3.7794215374752262,t,f,1,1,0,0,0,0,0,0,0,0,0,0,157.0
2,1.0,1.0,1.0,1,365,60,4.82,3226,23.0,4.82,2.0,60,2.0,6.324281892873377,t,t,1,1,0,0,0,0,0,0,0,0,0,0,134.0
3,1.0,1.0,2.0,2,21,84,4.81,3398,11.0,4.855714285714285,3.0,168,2.0,1.7911341040471318,t,f,1,1,0,0,0,0,0,0,0,0,0,0,230.0
2,1.0,1.0,1.0,90,365,6,5.0,2611,262.0,5.0,2.0,540,3.0,0.24900138986428375,t,f,1,1,0,0,0,0,0,0,0,0,0,0,135.0
4,2.5,2.0,3.0,90,1125,2,5.0,4250,890.0,4.785714285714286,8.0,180,0.0,4.611027889746909,f,f,1,1,0,0,0,0,0,0,0,0,0,0,231.0
4,1.0,2.0,2.0,2,1125,127,4.69,1305,9.0,4.6899999999999995,8.0,254,2.0,6.705449612149862,t,f,1,1,0,0,0,0,0,0,0,0,0,0,138.0
6,2.0,2.0,3.0,2,90,132,4.89,3106,30.0,4.855714285714285,12.0,264,1.0,0.9237923298012403,t,t,1,1,0,0,0,0,0,0,0,0,0,0,316.0
7,2.5,4.0,4.0,7,30,12,5.0,4121,10.0,4.977142857142858,28.0,84,2.0,4.0018647821168525,f,f,1,1,0,0,0,0,0,0,0,0,0,0,736.0
3,1.0,1.0,1.0,1,1125,57,4.65,3200,30.0,4.741428571428571,3.0,57,1.0,6.837094590830109,f,f,1,1,0,0,0,0,0,0,0,0,0,0,170.0
4,2.0,2.0,2.0,3,90,80,4.81,971,9.0,4.79142857142857,8.0,240,2.0,0.9226958336481936,t,f,1,1,0,0,0,0,0,0,0,0,0,0,306.0
4,1.0,1.0,1.0,2,365,75,4.85,2500,6.0,4.797142857142857,4.0,150,2.0,1.0620705847169587,f,t,1,1,0,0,0,0,0,0,0,0,0,0,263.0
5,2.0,2.0,2.0,90,1125,63,4.78,3212,8.0,4.82,10.0,5670,2.0,0.7988638173106767,t,f,1,1,0,0,0,0,0,0,0,0,0,0,286.0
4,1.0,2.0,2.0,2,90,53,4.96,3144,9.0,4.908571428571429,8.0,106,2.0,1.0356633156862205,t,f,1,1,0,0,0,0,0,0,0,0,0,0,333.0
2,1.0,1.0,4.0,3,365,11,4.73,2135,26.0,4.807142857142857,2.0,33,1.0,6.063762070806926,f,t,1,1,0,0,0,0,0,0,0,0,0,0,186.0
2,1.0,1.0,1.0,2,365,62,4.82,4218,22.0,4.868571428571428,2.0,124,2.0,4.398030297660809,f,t,1,1,0,0,0,0,0,0,0,0,0,0,138.0
4,1.0,1.0,1.0,90,300,44,4.95,2920,143.0,4.911428571428571,4.0,3960,0.0,0.3919782787313048,t,f,1,1,0,0,0,0,0,0,0,0,0,0,166.0
5,1.0,2.0,3.0,90,365,10,4.4,3725,95.0,4.5,10.0,900,1.0,0.9245245305551125,t,f,1,1,0,0,0,0,0,0,0,0,0,0,390.0
6,3.0,3.0,3.0,5,60,20,5.0,3849,22.0,4.957142857142856,18.0,100,2.0,1.9526426993686905,t,f,1,1,0,0,0,0,0,0,0,0,0,0,1020.0
6,2.0,2.0,3.0,2,30,113,4.93,1141,24.0,4.881428571428572,12.0,226,1.0,0.9240052431816764,t,t,1,1,0,0,0,0,0,0,0,0,0,0,344.0
10,2.0,4.0,6.0,1,365,188,4.88,3810,23.0,4.882857142857143,40.0,188,2.0,5.423458994611259,t,f,1,1,0,0,0,0,0,0,0,0,0,0,874.0
5,2.0,2.0,2.0,5,180,16,4.94,2673,13.0,4.868571428571429,10.0,80,2.0,1.0559584190398241,t,f,1,1,0,0,0,0,0,0,0,0,0,0,371.0
2,1.0,1.0,1.0,2,30,88,4.95,2995,4.0,4.942857142857142,2.0,176,2.0,3.1668853661950056,t,t,1,1,0,0,0,0,0,0,0,0,0,0,233.0
7,2.0,3.0,4.0,90,365,9,5.0,3310,129.0,4.984285714285714,21.0,810,0.0,4.278339921697905,t,f,1,1,0,0,0,0,0,0,0,0,0,0,215.0
5,1.0,2.0,2.0,1,1125,29,4.9,3590,15.0,4.804285714285714,10.0,29,2.0,0.9679123440682759,t,f,1,1,0,0,0,0,0,0,0,0,0,0,306.0
2,1.0,1.0,1.0,90,730,15,4.93,3372,73.0,4.8742857142857146,2.0,1350,1.0,0.3919782787313048,t,f,1,1,0,0,0,0,0,0,0,0,0,0,250.0
2,1.0,1.0,1.0,2,14,67,4.96,3191,8.0,4.905714285714287,2.0,134,2.0,5.121316617396724,f,f,1,1,0,0,0,0,0,0,0,0,0,0,163.0
2,1.0,1.0,1.0,90,365,40,4.9,2387,137.0,4.84857142857143,2.0,3600,0.0,2.0501246606060923,f,t,1,1,0,0,0,0,0,0,0,0,0,0,164.0
4,1.0,1.0,2.0,1,28,27,4.81,4792,190.0,4.851428571428571,4.0,27,0.0,1.1440169897498076,f,f,1,1,0,0,0,0,0,0,0,0,0,0,274.0
1,1.0,1.0,2.0,90,365,3,3.33,1654,209.0,3.4271428571428566,1.0,270,3.0,4.607768557362408,f,f,1,1,0,0,0,0,0,0,0,0,0,0,55.0
6,2.0,2.0,2.0,90,365,94,4.86,2387,9.0,4.802857142857143,12.0,8460,2.0,1.1106438647337307,f,t,1,1,0,0,0,0,0,0,0,0,0,0,122.0
3,1.0,1.0,2.0,90,365,0,4.89,3628,0.0,4.892857142857143,3.0,0,,1.7436630519633485,f,f,1,1,0,0,0,0,0,0,0,0,0,0,385.0
2,1.0,1.0,1.0,90,365,8,4.88,963,115.0,4.912857142857143,2.0,720,1.0,6.763953889204546,t,f,0,1,0,0,0,0,0,0,0,0,0,0,90.0
2,2.0,1.0,1.0,1,1125,158,4.89,1024,6.0,4.8999999999999995,2.0,158,2.0,6.469509223309335,t,f,1,1,0,0,0,0,0,0,0,0,0,0,84.0
2,1.0,1.0,1.0,90,180,7,5.0,1061,205.0,4.96,2.0,630,0.0,0.2552435715221173,t,f,1,1,0,0,0,0,0,0,0,0,0,0,211.0
4,1.0,1.0,1.0,90,365,5,5.0,2202,24.0,4.914285714285714,4.0,450,1.0,1.6220543862740118,t,t,1,1,0,0,0,0,0,0,0,0,0,0,200.0
3,1.0,1.0,2.0,90,365,6,4.83,2202,169.0,4.808571428571429,3.0,540,0.0,1.4757185445662575,t,f,1,1,0,0,0,0,0,0,0,0,0,0,148.0
2,2.0,1.0,1.0,1,1125,160,4.94,1024,5.0,4.914285714285714,2.0,160,2.0,6.28270805449046,t,f,1,1,0,0,0,0,0,0,0,0,0,0,93.0
2,1.0,1.0,1.0,10,20,17,5.0,1925,45.0,4.948571428571428,2.0,170,1.0,3.766786962013547,f,f,1,1,0,0,0,0,0,0,0,0,0,0,120.0
5,1.0,2.0,3.0,2,30,24,4.88,2707,32.0,4.901428571428572,10.0,48,1.0,7.756553187496604,t,f,1,1,0,0,0,0,0,0,0,0,0,0,217.0
3,1.0,1.0,1.0,3,1125,97,4.85,4179,8.0,4.8514285714285705,3.0,291,2.0,5.0918256838032345,t,f,1,1,0,0,0,0,0,0,0,0,0,0,138.0
8,2.0,2.0,4.0,1,999,125,4.78,976,11.0,4.707142857142856,16.0,125,2.0,2.2318235033217144,f,f,1,1,0,0,0,0,0,0,0,0,0,0,196.0
3,1.0,1.0,2.0,90,365,69,4.86,4056,10.0,4.921428571428572,3.0,6210,2.0,2.3232003572396924,,f,1,1,0,0,0,0,0,0,0,0,0,0,250.0
3,1.0,1.0,1.0,90,365,54,4.91,2387,41.0,4.872857142857143,3.0,4860,1.0,1.9981842071055171,f,t,1,1,0,0,0,0,0,0,0,0,0,0,58.0
4,1.0,1.0,2.0,2,27,52,4.94,948,8.0,4.9628571428571435,4.0,104,2.0,4.394469846604995,t,f,1,1,0,0,0,0,0,0,0,0,0,0,180.0
2,1.0,1.0,1.0,2,30,86,4.91,948,93.0,4.88,2.0,172,1.0,0.9434447193279686,t,f,1,1,0,0,0,0,0,0,0,0,0,0,339.0
2,1.0,1.0,1.0,90,365,4,5.0,2444,55.0,4.928571428571429,2.0,360,1.0,1.0592321056980905,f,f,1,1,0,0,0,0,0,0,0,0,0,0,134.0
6,2.0,2.0,3.0,1,365,127,4.78,4106,25.0,4.795714285714285,12.0,127,1.0,1.0491164286833399,f,f,1,1,0,0,0,0,0,0,0,0,0,0,556.0
2,1.0,1.0,1.0,2,29,132,4.79,946,10.0,4.785714285714286,2.0,264,2.0,7.622042771585534,t,f,0,1,0,0,0,0,0,0,0,0,0,0,94.0
2,1.0,1.0,1.0,90,180,1,1.0,1161,865.0,1.8571428571428572,2.0,90,0.0,2.734881440238896,f,t,1,1,0,0,0,0,0,0,0,0,0,0,86.0
2,1.0,1.0,1.0,90,180,1,5.0,1161,814.0,4.571428571428571,2.0,90,1.0,2.5091653687047244,f,t,1,1,0,0,0,0,0,0,0,0,0,0,60.0
3,1.0,1.0,1.0,30,120,11,4.55,1823,170.0,4.585714285714286,3.0,330,0.0,2.7568682460942813,f,f,1,1,0,0,0,0,0,0,0,0,0,0,122.0
2,1.0,1.0,1.0,2,30,149,4.89,945,18.0,4.895714285714285,2.0,298,2.0,1.5986591646798414,t,t,1,1,0,0,0,0,0,0,0,0,0,0,226.0
5,2.0,3.0,3.0,90,180,1,5.0,3514,323.0,5.0,15.0,90,2.0,1.1507181995539704,f,f,1,1,0,0,0,0,0,0,0,0,0,0,399.0
2,2.0,1.0,1.0,1,1125,132,4.95,1024,7.0,4.935714285714285,2.0,132,2.0,6.522053988259721,t,t,1,1,0,0,0,0,0,0,0,0,0,0,88.0
2,1.0,1.0,1.0,3,14,140,4.91,3415,21.0,4.927142857142857,2.0,420,2.0,4.17229149291522,t,f,1,1,0,0,0,0,0,0,0,0,0,0,113.0
2,1.0,1.0,1.0,2,365,60,4.62,2387,26.0,4.667142857142856,2.0,120,1.0,2.522507388234155,f,t,1,1,0,0,0,0,0,0,0,0,0,0,343.0
3,1.0,1.0,2.0,3,60,78,4.82,3147,61.0,4.869999999999999,3.0,234,1.0,2.304089014013747,t,f,1,1,0,0,0,0,0,0,0,0,0,0,202.0
6,2.0,2.0,3.0,2,90,85,4.76,3170,27.0,4.797142857142857,12.0,170,1.0,1.0130538379409788,t,t,1,1,0,0,0,0,0,0,0,0,0,0,302.0
6,2.0,2.0,3.0,2,90,86,4.79,2082,37.0,4.721428571428572,12.0,172,1.0,1.0130538379409788,f,t,1,1,0,0,0,0,0,0,0,0,0,0,257.0
2,1.0,1.0,2.0,90,180,0,4.89,1161,0.0,4.892857142857143,2.0,0,,2.7510902786732565,f,t,1,1,0,0,0,0,0,0,0,0,0,0,99.0
2,1.0,1.0,1.0,90,180,1,5.0,1161,884.0,5.0,2.0,90,0.0,2.5150627627369024,f,t,1,1,0,0,0,0,0,0,0,0,0,0,72.0
2,1.0,1.0,2.0,90,180,0,4.89,1161,0.0,4.892857142857143,2.0,0,,2.5295208471198802,f,t,1,1,0,0,0,0,0,0,0,0,0,0,61.0
5,2.0,2.0,3.0,1,28,62,4.65,1963,23.0,4.644285714285715,10.0,62,2.0,1.5306291150640603,f,t,1,1,0,0,0,0,0,0,0,0,0,0,217.0
2,1.0,1.0,1.0,90,90,3,4.67,939,657.0,4.715714285714285,2.0,270,3.0,8.231723795901768,f,f,0,1,0,0,0,0,0,0,0,0,0,0,300.0
3,1.0,1.0,2.0,2,29,46,4.93,1926,23.0,4.881428571428572,3.0,92,2.0,0.9766641220382751,t,t,1,1,0,0,0,0,0,0,0,0,0,0,340.0
4,1.0,1.0,2.0,90,1125,8,4.63,937,128.0,4.555714285714286,4.0,720,0.0,1.6477991042520517,f,f,1,1,0,0,0,0,0,0,0,0,0,0,90.0
4,1.0,1.0,2.0,90,90,100,4.8,3360,145.0,4.771428571428571,4.0,9000,0.0,1.0582651358710675,f,f,1,1,0,0,0,0,0,0,0,0,0,0,519.0
4,1.0,2.0,3.0,90,180,0,4.89,4167,0.0,4.892857142857143,8.0,0,,0.38245806883040623,,f,1,1,0,0,0,0,0,0,0,0,0,0,100.0
8,1.0,2.0,5.0,1,365,3,2.67,931,674.0,2.7142857142857144,16.0,3,2.0,6.68223224815816,f,f,1,1,0,0,0,0,0,0,0,0,0,0,308.0
4,2.0,2.0,2.0,14,365,11,4.82,3949,719.0,4.768571428571429,8.0,154,2.0,1.0977836203193787,f,f,1,0,0,0,0,0,0,0,0,0,0,0,240.0
5,1.0,2.0,2.0,90,365,15,4.67,1408,323.0,4.7057142857142855,10.0,1350,2.0,1.692041108298929,f,t,1,1,0,0,0,0,0,0,0,0,0,0,326.0
4,1.0,2.0,2.0,3,60,98,4.99,931,28.0,4.975714285714287,8.0,294,1.0,0.2502311617627764,t,f,1,1,0,0,0,0,0,0,0,0,0,0,469.0
6,1.0,2.0,4.0,2,730,93,4.85,1421,23.0,4.884285714285714,12.0,186,2.0,4.75138254082907,t,t,1,1,0,0,0,0,0,0,0,0,0,0,150.0
5,1.0,2.0,2.0,1,365,9,4.67,2921,299.0,4.651428571428572,10.0,9,2.0,5.667837807956352,f,f,1,1,0,0,0,0,0,0,0,0,0,0,242.0
3,1.0,1.0,3.0,2,365,49,4.73,3635,21.0,4.799999999999999,3.0,98,2.0,0.39203520524042473,f,f,1,1,0,0,0,0,0,0,0,0,0,0,251.0
3,1.0,2.0,2.0,90,1125,241,4.85,949,11.0,4.7628571428571425,6.0,21690,2.0,0.8845370730923933,t,f,1,1,0,0,0,0,0,0,0,0,0,0,343.0
5,2.0,3.0,3.0,29,90,1,5.0,4048,328.0,5.0,15.0,29,2.0,4.924740432102429,f,f,1,0,0,0,0,0,0,0,0,0,0,0,272.0
2,1.0,1.0,1.0,3,365,97,4.84,4495,15.0,4.904285714285714,2.0,291,2.0,3.3122847344155013,t,f,1,1,0,0,0,0,0,0,0,0,0,0,166.0
10,4.5,5.0,5.0,2,365,49,4.78,3001,8.0,4.772857142857143,50.0,98,2.0,5.583286775482963,f,t,1,1,0,0,0,0,0,0,0,0,0,0,715.0
3,1.0,1.0,1.0,4,90,48,4.9,3681,8.0,4.837142857142857,3.0,192,2.0,1.6137607282723931,t,f,1,1,0,0,0,0,0,0,0,0,0,0,211.0
2,1.0,1.0,0.0,90,365,2,5.0,1992,667.0,4.857142857142857,2.0,180,2.0,3.035703505124447,f,f,1,1,0,0,0,0,0,0,0,0,0,0,300.0
13,4.0,5.0,7.0,2,1125,17,4.24,924,199.0,4.421428571428572,65.0,34,0.0,6.939731971891056,f,f,1,1,0,0,0,0,0,0,0,0,0,0,786.0
2,1.0,1.0,1.0,2,60,104,4.79,4479,8.0,4.791428571428571,2.0,208,2.0,2.4888849468700482,f,f,1,1,0,0,0,0,0,0,0,0,0,0,200.0
3,1.0,1.0,3.0,2,30,81,4.91,3841,8.0,4.957142857142857,3.0,162,2.0,5.283702628454022,t,f,1,1,0,0,0,0,0,0,0,0,0,0,200.0
4,1.0,2.0,2.0,1,180,168,4.85,921,16.0,4.837142857142857,8.0,168,2.0,6.988160795034378,t,t,1,1,0,0,0,0,0,0,0,0,0,0,227.0
2,1.0,1.0,1.0,1,365,39,4.9,2532,4.0,4.922857142857143,2.0,39,2.0,7.1121710161438285,t,f,1,1,0,0,0,0,0,0,0,0,0,0,125.0
4,1.0,1.0,2.0,90,700,5,5.0,921,235.0,4.971428571428571,4.0,450,3.0,1.7677853979881033,t,f,1,1,0,0,0,0,0,0,0,0,0,0,129.0
6,2.5,3.0,3.0,90,365,10,4.4,2387,65.0,4.414285714285714,18.0,900,1.0,8.175479547962658,f,t,1,1,0,0,0,0,0,0,0,0,0,0,204.0
4,2.0,2.0,2.0,90,500,9,4.89,2835,199.0,4.921428571428572,8.0,810,0.0,0.5416215553863196,t,f,1,1,0,0,0,0,0,0,0,0,0,0,160.0
4,1.0,1.0,2.0,2,6,25,4.88,5695,11.0,4.845714285714286,4.0,50,2.0,3.429925837350969,t,f,1,1,0,0,0,0,0,0,0,0,0,0,155.0
6,2.0,3.0,3.0,1,365,113,4.83,919,17.0,4.864285714285714,18.0,113,2.0,7.536995519901544,f,f,1,1,0,0,0,0,0,0,0,0,0,0,260.0
10,1.5,4.0,4.0,1,365,61,4.54,1022,9.0,4.5928571428571425,40.0,61,2.0,5.611902897359001,f,t,1,1,0,0,0,0,0,0,0,0,0,0,250.0
1,1.0,0.0,1.0,3,1125,57,4.91,3298,18.0,4.922857142857143,0.0,171,2.0,4.3880318448468465,t,f,1,1,0,0,0,0,0,0,0,0,0,0,146.0
3,1.0,1.0,1.0,1,14,97,4.91,3415,25.0,4.905714285714287,3.0,97,1.0,2.7575744294954743,t,f,1,1,0,0,0,0,0,0,0,0,0,0,250.0
6,1.0,2.0,5.0,90,1125,216,4.86,2015,16.0,4.837142857142857,12.0,19440,2.0,2.0771347158967393,t,f,1,1,0,0,0,0,0,0,0,0,0,0,210.0
2,2.0,2.0,2.0,90,180,4,5.0,4057,226.0,5.0,4.0,360,3.0,1.4635046744869162,t,f,1,1,0,0,0,0,0,0,0,0,0,0,154.0
3,1.0,1.0,1.0,1,1125,126,4.88,3590,13.0,4.822857142857144,3.0,126,2.0,0.9679123440682759,t,f,1,1,0,0,0,0,0,0,0,0,0,0,181.0
2,1.0,1.0,1.0,90,120,113,4.93,1015,175.0,4.912857142857143,2.0,10170,0.0,2.006726790658661,t,f,1,1,0,0,0,0,0,0,0,0,0,0,200.0
8,1.5,4.0,4.0,90,365,134,4.81,3437,182.0,4.79,32.0,12060,0.0,4.306045233015829,t,f,1,1,0,0,0,0,0,0,0,0,0,0,236.0
2,1.0,0.0,1.0,90,1125,2,5.0,996,681.0,5.0,0.0,180,2.0,3.3064988992622513,f,f,1,1,0,0,0,0,0,0,0,0,0,0,84.0
3,1.0,1.0,1.0,2,90,92,4.98,1444,5.0,4.954285714285715,3.0,184,2.0,4.952437165451924,t,f,1,1,0,0,0,0,0,0,0,0,0,0,176.0
6,2.0,2.0,3.0,2,365,129,4.97,2294,6.0,4.952857142857142,12.0,258,2.0,0.3225174978378255,,f,1,1,0,0,0,0,0,0,0,0,0,0,344.0
4,1.0,1.0,2.0,2,70,69,4.88,955,19.0,4.7942857142857145,4.0,138,2.0,0.4661751144856812,t,t,1,1,0,0,0,0,0,0,0,0,0,0,199.0
2,1.0,1.0,1.0,3,365,63,4.97,915,8.0,4.964285714285714,2.0,189,2.0,0.5665513537507917,t,f,1,1,0,0,0,0,0,0,0,0,0,0,338.0
2,1.0,1.0,1.0,90,365,0,4.89,3387,0.0,4.892857142857143,2.0,0,,1.162704525114968,f,f,1,1,0,0,0,0,0,0,0,0,0,0,90.0
4,1.0,3.0,3.0,3,500,2,3.5,924,353.0,3.857142857142857,12.0,6,2.0,6.939897457215056,f,t,1,1,0,0,0,0,0,0,0,0,0,0,283.0
4,2.5,2.0,2.0,90,365,2,5.0,3089,749.0,4.785714285714286,8.0,180,2.0,5.655242434515624,f,f,1,1,0,0,0,0,0,0,0,0,0,0,250.0
4,1.0,0.0,1.0,2,730,98,4.88,3287,5.0,4.881428571428572,0.0,196,2.0,4.958140172736946,t,f,1,1,0,0,0,0,0,0,0,0,0,0,84.0
7,2.0,3.0,3.0,2,180,67,4.81,911,18.0,4.791428571428571,21.0,134,2.0,6.567711776220699,t,f,1,1,0,0,0,0,0,0,0,0,0,0,291.0
4,1.0,1.0,2.0,1,1125,163,4.79,3344,13.0,4.808571428571428,4.0,163,2.0,7.3113405673944705,f,f,1,1,0,0,0,0,0,0,0,0,0,0,175.0
3,1.0,1.0,1.0,2,28,137,4.85,910,7.0,4.84857142857143,3.0,274,2.0,3.2310273799339075,t,t,1,1,0,0,0,0,0,0,0,0,0,0,143.0
2,1.0,1.0,2.0,3,31,129,4.95,1383,5.0,4.935714285714286,2.0,387,2.0,0.373715431205484,t,t,1,1,0,0,0,0,0,0,0,0,0,0,320.0
4,1.0,1.0,2.0,30,1125,2,5.0,4758,638.0,4.928571428571429,4.0,60,3.0,0.6587047412701075,t,f,1,1,0,0,0,0,0,0,0,0,0,0,178.0
6,2.0,2.0,2.0,30,1125,1,5.0,4758,700.0,4.714285714285714,12.0,30,2.0,0.4893653684976067,t,f,1,1,0,0,0,0,0,0,0,0,0,0,247.0
4,1.0,1.0,2.0,90,1125,0,4.89,4758,0.0,4.892857142857143,4.0,0,,0.9551494987473027,t,f,1,1,0,0,0,0,0,0,0,0,0,0,251.0
4,1.0,1.0,2.0,90,1125,1,5.0,4758,760.0,5.0,4.0,90,1.0,1.0708556217730467,t,f,1,1,0,0,0,0,0,0,0,0,0,0,251.0
6,2.0,2.0,3.0,90,1125,1,5.0,4758,859.0,4.857142857142857,12.0,90,0.0,1.0708556217730467,t,f,1,1,0,0,0,0,0,0,0,0,0,0,361.0
6,2.0,2.0,3.0,90,1125,1,5.0,4758,706.0,5.0,12.0,90,2.0,1.1079038350204713,t,f,1,1,0,0,0,0,0,0,0,0,0,0,361.0
6,2.0,2.0,3.0,90,1125,3,5.0,4758,618.0,4.905714285714287,12.0,270,3.0,1.0708556217730467,t,f,1,1,0,0,0,0,0,0,0,0,0,0,361.0
6,1.0,2.0,3.0,90,1125,1,4.0,4758,679.0,3.7142857142857144,12.0,90,2.0,0.9449152030413256,t,f,1,1,0,0,0,0,0,0,0,0,0,0,247.0
6,1.0,2.0,3.0,90,1125,2,4.5,4758,692.0,4.785714285714286,12.0,180,2.0,0.9449152030413256,t,f,1,1,0,0,0,0,0,0,0,0,0,0,247.0
4,1.0,1.0,1.0,90,730,1,5.0,4758,744.0,4.857142857142857,4.0,90,2.0,0.9449152030413256,t,f,1,1,0,0,0,0,0,0,0,0,0,0,183.0
3,1.0,1.0,2.0,90,365,10,5.0,2545,19.0,4.8428571428571425,3.0,900,2.0,3.097813518293258,f,f,1,1,0,0,0,0,0,0,0,0,0,0,130.0
4,1.0,1.0,1.0,90,730,1,5.0,4758,701.0,5.0,4.0,90,2.0,0.8313629871973746,t,f,1,1,0,0,0,0,0,0,0,0,0,0,183.0
2,1.0,0.0,1.0,90,1125,2,5.0,4758,643.0,4.857142857142857,0.0,180,3.0,0.9449152030413256,t,f,1,1,0,0,0,0,0,0,0,0,0,0,165.0
2,1.0,0.0,1.0,90,1125,3,5.0,4758,624.0,5.0,0.0,270,3.0,0.9449152030413256,t,f,1,1,0,0,0,0,0,0,0,0,0,0,165.0
3,1.0,1.0,2.0,2,365,87,4.85,3931,39.0,4.835714285714286,3.0,174,1.0,5.613113760458047,t,f,1,1,0,0,0,0,0,0,0,0,0,0,135.0
4,1.0,2.0,2.0,1,30,114,4.75,907,23.0,4.802857142857143,8.0,114,2.0,3.210115989542594,t,f,1,1,0,0,0,0,0,0,0,0,0,0,241.0
2,1.0,1.0,1.0,1,30,48,4.63,907,34.0,4.7542857142857144,2.0,48,1.0,3.25744455860986,t,t,1,1,0,0,0,0,0,0,0,0,0,0,188.0
2,1.0,1.0,1.0,90,365,7,4.86,2387,246.0,4.797142857142857,2.0,630,3.0,2.9491083080913443,f,t,1,1,0,0,0,0,0,0,0,0,0,0,143.0
4,2.0,2.0,2.0,90,365,1,3.0,3189,693.0,3.142857142857143,8.0,90,2.0,0.7813802750032762,t,f,1,1,0,0,0,0,0,0,0,0,0,0,199.0
7,2.0,3.0,4.0,2,28,31,5.0,901,4.0,4.908571428571428,21.0,62,2.0,0.5665513537507917,t,f,1,1,0,0,0,0,0,0,0,0,0,0,847.0
2,1.0,1.0,1.0,90,365,6,4.67,1224,139.0,4.335714285714286,2.0,540,0.0,8.249798664266102,f,f,1,1,0,0,0,0,0,0,0,0,0,0,254.0
2,1.0,1.0,1.0,90,365,3,4.67,3189,571.0,4.7628571428571425,2.0,270,0.0,0.9578891266510753,t,f,1,1,0,0,0,0,0,0,0,0,0,0,139.0
2,1.0,1.0,1.0,90,180,2,3.0,1161,777.0,3.5714285714285716,2.0,180,1.0,2.7685989671182516,f,t,1,1,0,0,0,0,0,0,0,0,0,0,58.0
6,3.0,3.0,3.0,3,30,4,5.0,3281,198.0,4.892857142857143,18.0,12,0.0,2.073271922321306,t,f,1,1,0,0,0,0,0,0,0,0,0,0,764.0
5,2.0,2.0,3.0,2,365,76,5.0,895,9.0,4.975714285714285,10.0,152,2.0,0.4083426511567831,t,f,1,1,0,0,0,0,0,0,0,0,0,0,538.0
2,1.0,1.0,1.0,1,4,68,4.88,405,8.0,4.901428571428572,2.0,68,2.0,5.869310989610907,f,t,1,1,0,0,0,0,0,0,0,0,0,0,178.0
3,1.0,1.0,0.0,2,63,73,4.81,1091,6.0,4.717142857142856,3.0,146,2.0,2.753293739850777,t,f,1,1,0,0,0,0,0,0,0,0,0,0,197.0
4,1.0,1.0,2.0,1,30,90,4.86,1041,31.0,4.854285714285715,4.0,90,1.0,7.7401045734461205,t,t,1,1,0,0,0,0,0,0,0,0,0,0,142.0
4,1.0,1.0,2.0,2,1125,41,4.83,2854,152.0,4.841428571428572,4.0,82,0.0,0.33995517535040204,f,t,1,1,0,0,0,0,0,0,0,0,0,0,172.0
3,1.0,1.0,2.0,90,365,9,4.67,885,229.0,4.715714285714285,3.0,810,3.0,1.7706659716430495,f,f,1,1,0,0,0,0,0,0,0,0,0,0,110.0
2,1.0,1.0,1.0,90,180,0,4.89,1161,0.0,4.892857142857143,2.0,0,,2.58457880485918,f,t,1,1,0,0,0,0,0,0,0,0,0,0,60.0
5,1.0,2.0,3.0,1,365,146,4.81,2776,18.0,4.76,10.0,146,2.0,0.8012413769923907,t,f,1,1,0,0,0,0,0,0,0,0,0,0,292.0
2,1.0,1.0,1.0,90,180,3,3.33,1161,754.0,3.7600000000000002,2.0,270,2.0,2.700150295964368,f,t,1,1,0,0,0,0,0,0,0,0,0,0,79.0
2,1.0,1.0,2.0,2,90,45,5.0,3228,60.0,4.944285714285714,2.0,90,1.0,6.3853039169841255,t,f,1,1,0,0,0,0,0,0,0,0,0,0,135.0
4,1.0,2.0,2.0,1,30,100,4.71,4118,9.0,4.765714285714286,8.0,100,2.0,5.774385662152543,t,t,1,1,0,0,0,0,0,0,0,0,0,0,256.0
1,1.0,1.0,1.0,5,99,61,4.95,920,154.0,4.917142857142857,1.0,305,0.0,6.87906856530728,t,f,1,1,0,0,0,0,0,0,0,0,0,0,65.0
5,2.0,2.0,3.0,3,89,13,5.0,3303,19.0,4.957142857142857,10.0,39,2.0,1.2280002809964987,t,f,1,1,0,0,0,0,0,0,0,0,0,0,610.0
2,1.0,1.0,1.0,90,180,0,4.89,1161,0.0,4.892857142857143,2.0,0,,2.7437094431664066,f,t,1,1,0,0,0,0,0,0,0,0,0,0,63.0
2,1.0,1.0,2.0,90,365,7,5.0,1836,542.0,4.9799999999999995,2.0,630,0.0,0.7496611081886252,t,f,1,1,0,0,0,0,0,0,0,0,0,0,209.0
2,1.0,1.0,1.0,2,1125,118,4.97,3596,19.0,4.8985714285714295,2.0,236,2.0,2.393652293105131,t,f,1,1,0,0,0,0,0,0,0,0,0,0,282.0
2,1.0,1.0,1.0,90,180,0,4.89,1161,0.0,4.892857142857143,2.0,0,,2.6835861058268504,f,t,1,1,0,0,0,0,0,0,0,0,0,0,51.0
6,2.0,2.0,3.0,90,365,62,4.48,997,17.0,4.555714285714286,12.0,5580,2.0,0.9158297013919077,t,f,1,1,0,0,0,0,0,0,0,0,0,0,359.0
6,2.0,2.0,3.0,2,90,74,4.84,1909,24.0,4.824285714285714,12.0,148,1.0,0.9237923298012403,t,t,1,1,0,0,0,0,0,0,0,0,0,0,300.0
4,1.0,2.0,2.0,2,90,109,4.93,1995,24.0,4.869999999999999,8.0,218,1.0,1.0440558364795296,t,t,1,1,0,0,0,0,0,0,0,0,0,0,334.0
2,1.0,1.0,1.0,90,120,67,4.76,3065,456.0,4.782857142857144,2.0,6030,1.0,4.051103405201487,f,f,1,1,0,0,0,0,0,0,0,0,0,0,125.0
2,1.0,1.0,2.0,91,365,2,5.0,883,662.0,4.714285714285714,2.0,182,3.0,0.6618429168627864,f,f,1,1,0,0,0,0,0,0,0,0,0,0,136.0
2,1.0,1.0,1.0,90,365,27,4.78,2387,54.0,4.835714285714286,2.0,2430,1.0,3.1953426658904456,f,t,1,1,0,0,0,0,0,0,0,0,0,0,111.0
6,2.5,3.0,3.0,90,365,30,4.43,2387,116.0,4.448571428571428,18.0,2700,0.0,8.338777392917658,f,t,1,1,0,0,0,0,0,0,0,0,0,0,197.0
14,3.0,6.0,7.0,2,31,31,5.0,2705,8.0,4.944285714285714,84.0,62,2.0,5.48114041472314,t,f,1,1,0,0,0,0,0,0,0,0,0,0,513.0
7,2.0,2.0,4.0,2,60,44,4.86,3344,141.0,4.811428571428571,14.0,88,0.0,1.0307902724716627,t,f,1,1,0,0,0,0,0,0,0,0,0,0,631.0
4,1.0,2.0,2.0,2,7,51,4.96,3709,72.0,4.8914285714285715,8.0,102,1.0,4.645535423602053,t,f,1,1,0,0,0,0,0,0,0,0,0,0,428.0
4,1.0,2.0,3.0,3,14,22,5.0,3915,9.0,4.9799999999999995,8.0,66,2.0,6.688533717251044,t,f,1,1,0,0,0,0,0,0,0,0,0,0,438.0
9,3.0,5.0,6.0,3,365,17,4.94,1596,197.0,4.9399999999999995,45.0,51,0.0,5.3738067648126036,f,f,1,1,0,0,0,0,0,0,0,0,0,0,1018.0
4,1.0,2.0,2.0,1,21,51,4.78,2700,16.0,4.858571428571429,8.0,51,2.0,3.944338683209452,f,f,1,1,0,0,0,0,0,0,0,0,0,0,199.0
4,1.0,2.0,2.0,1,365,149,4.83,878,23.0,4.852857142857142,8.0,149,2.0,2.4715350074888542,t,f,1,1,0,0,0,0,0,0,0,0,0,0,306.0
6,1.0,3.0,2.0,2,365,28,4.79,4071,30.0,4.788571428571429,18.0,56,1.0,3.5540901467832597,f,f,1,1,0,0,0,0,0,0,0,0,0,0,400.0
2,1.0,1.0,1.0,90,270,7,5.0,1033,515.0,4.877142857142857,2.0,630,0.0,2.4491301943627817,f,f,1,1,0,0,0,0,0,0,0,0,0,0,187.0
2,2.0,1.0,1.0,90,730,1,5.0,4348,265.0,4.857142857142857,2.0,90,3.0,4.187874088621592,f,f,1,1,0,0,0,0,0,0,0,0,0,0,243.0
3,1.0,1.0,1.0,4,37,31,4.81,1484,20.0,4.741428571428571,3.0,124,2.0,2.918905947551781,t,f,1,1,0,0,0,0,0,0,0,0,0,0,101.0
8,2.0,4.0,4.0,2,120,2,5.0,1604,331.0,4.642857142857143,32.0,4,2.0,6.411795973950584,,f,1,1,0,0,0,0,0,0,0,0,0,0,792.0
6,1.0,3.0,4.0,3,330,17,4.82,4632,43.0,4.888571428571429,18.0,51,1.0,4.297381765222174,f,f,1,1,0,0,0,0,0,0,0,0,0,0,283.0
2,1.0,1.0,1.0,2,365,60,4.85,699,196.0,4.792857142857143,2.0,120,0.0,1.1314554175680542,,f,1,1,0,0,0,0,0,0,0,0,0,0,446.0
2,1.0,1.0,1.0,90,1125,10,5.0,1740,25.0,4.957142857142857,2.0,900,1.0,0.9824177298056327,t,f,1,1,0,0,0,0,0,0,0,0,0,0,155.0
2,1.0,1.0,1.0,2,45,47,4.96,4377,13.0,4.918571428571428,2.0,94,2.0,4.558408017233742,t,f,1,1,0,0,0,0,0,0,0,0,0,0,306.0
6,2.0,2.0,3.0,3,60,65,4.63,868,22.0,4.687142857142858,12.0,195,2.0,0.5665513537507917,f,t,0,1,0,0,0,0,0,0,0,0,0,0,263.0
2,1.0,1.0,0.0,90,120,3,5.0,4302,224.0,5.0,2.0,270,3.0,4.828496120024767,f,f,1,1,0,0,0,0,0,0,0,0,0,0,98.0
1,1.0,1.0,1.0,4,99,79,4.9,920,21.0,4.918571428571428,1.0,316,2.0,6.913303000988675,t,f,1,1,0,0,0,0,0,0,0,0,0,0,64.0
2,1.0,1.0,1.0,2,365,185,4.86,990,17.0,4.857142857142857,2.0,370,2.0,7.465173948898578,t,f,1,1,0,0,0,0,0,0,0,0,0,0,131.0
8,2.0,3.0,6.0,1,365,75,4.76,867,4.0,4.771428571428571,24.0,75,2.0,5.206594685875618,t,f,1,1,0,0,0,0,0,0,0,0,0,0,293.0
2,1.0,1.0,1.0,90,1125,5,5.0,3412,182.0,4.942857142857143,2.0,450,0.0,3.7416632778920023,,f,1,1,0,0,0,0,0,0,0,0,0,0,120.0
6,2.0,3.0,3.0,1,365,122,4.85,3185,10.0,4.781428571428571,18.0,122,2.0,1.6137607282723931,t,f,1,1,0,0,0,0,0,0,0,0,0,0,490.0
8,2.0,3.0,4.0,2,365,73,4.85,875,32.0,4.8428571428571425,24.0,146,1.0,6.940460602816907,t,f,1,0,0,0,0,0,0,0,0,0,0,0,385.0
1,1.0,1.0,1.0,90,180,1,5.0,3158,778.0,5.0,1.0,90,1.0,1.13926268862845,f,f,1,1,0,0,0,0,0,0,0,0,0,0,65.0
8,3.5,4.0,4.0,2,28,35,4.69,3299,268.0,4.702857142857143,32.0,70,3.0,8.072854861814335,f,t,1,1,0,0,0,0,0,0,0,0,0,0,449.0
5,2.0,3.0,3.0,2,1125,141,4.91,3341,7.0,4.88,15.0,282,2.0,1.0389415663985615,t,t,1,1,0,0,0,0,0,0,0,0,0,0,585.0
2,1.0,1.0,2.0,90,365,1,5.0,4557,195.0,5.0,2.0,90,0.0,5.04180321671867,f,f,1,1,0,0,0,0,0,0,0,0,0,0,100.0
4,1.0,1.0,3.0,2,21,76,4.89,3776,134.0,4.831428571428572,4.0,152,0.0,1.0947228915089071,t,f,1,1,0,0,0,0,0,0,0,0,0,0,193.0
4,1.0,2.0,2.0,90,365,6,5.0,2387,161.0,4.855714285714285,8.0,540,0.0,4.1723594585329264,f,t,1,1,0,0,0,0,0,0,0,0,0,0,273.0
2,1.0,2.0,0.0,1,365,26,4.35,2303,45.0,4.551428571428572,4.0,26,1.0,7.970835642758451,f,f,1,1,0,0,0,0,0,0,0,0,0,0,71.0
2,1.0,1.0,1.0,2,5,65,4.78,3557,26.0,4.818571428571429,2.0,130,1.0,3.1882296354595754,f,f,1,1,0,0,0,0,0,0,0,0,0,0,200.0
2,1.0,1.0,1.0,90,365,12,5.0,3898,45.0,5.0,2.0,1080,1.0,4.309229796293586,t,f,1,1,0,0,0,0,0,0,0,0,0,0,72.0
4,1.0,1.0,1.0,90,365,0,4.89,928,0.0,4.892857142857143,4.0,0,,8.505700835335059,f,f,1,1,0,0,0,0,0,0,0,0,0,0,136.0
2,1.0,1.0,1.0,90,365,0,4.89,2363,0.0,4.892857142857143,2.0,0,,0.8939905879392204,f,f,1,0,0,0,0,0,0,0,0,0,0,0,95.0
5,2.0,2.0,2.0,1,30,138,4.59,1823,28.0,4.605714285714286,10.0,138,1.0,1.0626442107929672,f,t,1,1,0,0,0,0,0,0,0,0,0,0,250.0
4,2.0,2.0,2.0,90,365,1,5.0,3389,678.0,5.0,8.0,90,2.0,1.0210886352532418,f,f,1,1,0,0,0,0,0,0,0,0,0,0,250.0
2,1.0,1.0,1.0,2,1125,29,5.0,3478,197.0,4.972857142857142,2.0,58,0.0,2.4599997586806173,t,f,1,1,0,0,0,0,0,0,0,0,0,0,224.0
6,2.0,3.0,3.0,90,365,6,4.67,1222,316.0,4.571428571428571,18.0,540,2.0,0.9300592861496598,f,f,1,1,0,0,0,0,0,0,0,0,0,0,186.0
6,2.0,2.0,3.0,90,200,65,4.97,3204,533.0,4.924285714285714,12.0,5850,0.0,0.7630692836130297,f,f,1,1,0,0,0,0,0,0,0,0,0,0,179.0
4,1.0,2.0,2.0,2,365,31,4.74,2412,23.0,4.8,8.0,62,2.0,4.5816557322539815,f,f,1,1,0,0,0,0,0,0,0,0,0,0,205.0
2,1.0,1.0,1.0,2,7,88,4.92,4835,3.0,4.915714285714286,2.0,176,2.0,4.140934480347376,t,f,1,1,0,0,0,0,0,0,0,0,0,0,158.0
4,1.0,1.0,3.0,1,360,115,4.74,2932,18.0,4.734285714285714,4.0,115,2.0,1.0947228915089071,f,t,1,1,0,0,0,0,0,0,0,0,0,0,388.0
4,2.0,2.0,2.0,2,60,70,4.96,1443,16.0,4.952857142857143,8.0,140,2.0,3.83553476472966,t,f,1,1,0,0,0,0,0,0,0,0,0,0,384.0
6,2.5,3.0,3.0,90,365,28,4.86,2387,313.0,4.861428571428571,18.0,2520,2.0,3.014966038916258,f,t,1,1,0,0,0,0,0,0,0,0,0,0,398.0
4,1.0,2.0,2.0,90,365,72,4.85,851,43.0,4.825714285714286,8.0,6480,1.0,2.1263019628684052,t,t,1,1,0,0,0,0,0,0,0,0,0,0,282.0
4,1.0,2.0,2.0,4,28,81,5.0,3273,16.0,4.941428571428572,8.0,324,2.0,4.743985783375809,t,f,1,1,0,0,0,0,0,0,0,0,0,0,280.0
2,1.0,1.0,1.0,5,30,35,4.91,2829,17.0,4.827142857142857,2.0,175,2.0,1.1663630344448093,t,f,1,1,0,0,0,0,0,0,0,0,0,0,222.0
5,1.0,2.0,2.0,4,1125,89,4.73,3204,23.0,4.768571428571429,10.0,356,2.0,0.508039950074575,f,f,1,1,0,0,0,0,0,0,0,0,0,0,468.0
2,1.0,1.0,1.0,1,1125,50,4.94,880,275.0,4.908571428571428,2.0,50,3.0,3.17755920557242,t,t,0,1,0,0,0,0,0,0,0,0,0,0,271.0
6,2.0,3.0,4.0,1,365,112,4.8,845,9.0,4.79,18.0,112,2.0,0.9428487155580472,f,t,1,1,0,0,0,0,0,0,0,0,0,0,316.0
4,1.0,2.0,3.0,2,1125,118,4.94,845,28.0,4.92857142857143,8.0,236,1.0,4.414333604784205,t,f,1,1,0,0,0,0,0,0,0,0,0,0,261.0
5,2.0,2.0,4.0,2,28,28,4.89,844,38.0,4.854285714285715,10.0,56,1.0,0.933539221474374,t,f,0,1,0,0,0,0,0,0,0,0,0,0,624.0
4,1.0,1.0,2.0,90,365,3,5.0,1364,34.0,4.952857142857143,4.0,270,1.0,0.4386289876986446,t,t,1,1,0,0,0,0,0,0,0,0,0,0,122.0
2,1.0,0.0,1.0,1,365,2,2.5,2462,18.0,2.642857142857143,0.0,2,2.0,3.9087002099996555,f,f,1,1,0,0,0,0,0,0,0,0,0,0,88.0
2,1.0,1.0,1.0,3,120,23,5.0,4059,29.0,4.938571428571429,2.0,69,1.0,5.723561037398326,t,f,1,1,0,0,0,0,0,0,0,0,0,0,125.0
4,2.0,2.0,2.0,2,180,107,4.96,590,9.0,4.93,8.0,214,2.0,6.936697412869139,t,f,1,1,0,0,0,0,0,0,0,0,0,0,241.0
4,1.0,1.0,2.0,2,90,74,4.96,842,8.0,4.954285714285713,4.0,148,2.0,5.439568158304673,t,f,1,1,0,0,0,0,0,0,0,0,0,0,217.0
6,1.5,3.0,3.0,3,16,16,5.0,3534,197.0,4.965714285714286,18.0,48,0.0,4.168398242940582,t,f,1,1,0,0,0,0,0,0,0,0,0,0,300.0
4,1.0,2.0,2.0,1,4,120,4.84,5080,11.0,4.862857142857143,8.0,120,2.0,6.277856990345426,f,f,1,1,0,0,0,0,0,0,0,0,0,0,158.0
6,2.0,2.0,4.0,1,30,105,4.9,1390,16.0,4.901428571428572,12.0,105,2.0,6.116887663008132,,f,1,1,0,0,0,0,0,0,0,0,0,0,203.0
2,1.0,1.0,1.0,90,365,4,5.0,2387,597.0,4.892857142857143,2.0,360,3.0,5.162751082306324,f,t,1,1,0,0,0,0,0,0,0,0,0,0,136.0
3,1.0,1.0,2.0,1,365,1,1.0,2462,461.0,1.5714285714285714,3.0,1,1.0,3.72872821627182,f,f,1,1,0,0,0,0,0,0,0,0,0,0,200.0
2,1.0,1.0,1.0,90,365,8,4.75,2387,136.0,4.734285714285714,2.0,720,0.0,3.6354905388734906,f,t,1,1,0,0,0,0,0,0,0,0,0,0,175.0
6,2.0,2.0,3.0,1,1125,52,4.83,4123,22.0,4.78,12.0,52,2.0,1.6137607282723931,t,f,1,1,0,0,0,0,0,0,0,0,0,0,445.0
1,1.0,1.0,1.0,90,120,0,4.89,3394,0.0,4.892857142857143,1.0,0,,6.985950913158782,f,f,1,1,0,0,0,0,0,0,0,0,0,0,69.0
4,1.0,2.0,2.0,3,365,74,4.99,838,30.0,4.957142857142856,8.0,222,1.0,0.38109116661887,t,f,1,1,0,0,0,0,0,0,0,0,0,0,627.0
4,1.0,2.0,2.0,90,365,0,4.89,3394,0.0,4.892857142857143,8.0,0,,7.095970394885379,f,t,1,1,0,0,0,0,0,0,0,0,0,0,170.0
10,3.0,4.0,5.0,1,365,2,5.0,2338,9.0,5.0,40.0,2,2.0,6.370870006873353,t,t,1,1,0,0,0,0,0,0,0,0,0,0,367.0
4,2.0,2.0,2.0,1,30,2,5.0,2338,50.0,5.0,8.0,2,1.0,6.479366711501128,t,f,1,1,0,0,0,0,0,0,0,0,0,0,179.0
6,2.0,2.0,3.0,1,30,2,4.5,2338,38.0,4.928571428571429,12.0,2,1.0,6.5793856747879875,t,f,1,1,0,0,0,0,0,0,0,0,0,0,189.0
2,1.0,1.0,1.0,1,60,63,4.89,2934,7.0,4.855714285714286,2.0,63,2.0,6.39561218152269,t,t,1,1,0,0,0,0,0,0,0,0,0,0,107.0
2,1.0,1.0,1.0,1,60,55,4.87,2934,5.0,4.882857142857143,2.0,55,2.0,6.346340433281721,t,f,1,1,0,0,0,0,0,0,0,0,0,0,101.0
2,1.0,0.0,1.0,2,28,81,4.8,3287,34.0,4.791428571428571,0.0,162,1.0,0.36790953491205364,f,f,1,1,0,0,0,0,0,0,0,0,0,0,265.0
1,1.0,1.0,1.0,90,365,0,4.89,1654,0.0,4.892857142857143,1.0,0,,6.4055385743817315,f,f,1,1,0,0,0,0,0,0,0,0,0,0,69.0
1,1.0,1.0,1.0,90,364,0,4.89,834,0.0,4.892857142857143,1.0,0,,7.641125314395825,f,f,1,1,0,0,0,0,0,0,0,0,0,0,99.0
1,1.0,1.0,4.0,91,365,1,5.0,834,368.0,4.571428571428571,1.0,91,2.0,4.545102255787098,f,f,1,1,0,0,0,0,0,0,0,0,0,0,75.0
1,1.0,1.0,1.0,90,365,5,4.6,834,405.0,4.771428571428571,1.0,450,1.0,4.556479951470191,f,f,1,1,0,0,0,0,0,0,0,0,0,0,66.0
2,1.0,1.0,1.0,90,365,8,5.0,2387,162.0,4.982857142857143,2.0,720,0.0,2.685114672991306,f,t,1,1,0,0,0,0,0,0,0,0,0,0,112.0
2,1.0,1.0,1.0,90,365,8,4.88,2387,23.0,4.931428571428571,2.0,720,2.0,3.2276549373560153,f,t,1,1,0,0,0,0,0,0,0,0,0,0,169.0
4,1.0,1.0,2.0,2,365,48,4.67,2119,16.0,4.618571428571428,4.0,96,2.0,1.276135550606102,f,f,1,1,0,0,0,0,0,0,0,0,0,0,233.0
2,1.0,0.0,1.0,90,365,11,4.73,2387,166.0,4.741428571428571,0.0,990,0.0,3.2677876504076164,f,t,1,1,0,0,0,0,0,0,0,0,0,0,133.0
2,1.0,1.0,1.0,1,365,16,5.0,3044,297.0,4.9471428571428575,2.0,16,2.0,6.58585809203075,t,f,1,1,0,0,0,0,0,0,0,0,0,0,148.0
6,2.0,3.0,3.0,1,1125,136,4.9,832,5.0,4.9071428571428575,18.0,136,2.0,4.678746779997915,t,f,1,1,0,0,0,0,0,0,0,0,0,0,257.0
2,1.0,0.0,1.0,90,365,6,4.83,2387,126.0,4.57,0.0,540,0.0,2.839260936500787,f,t,1,1,0,0,0,0,0,0,0,0,0,0,127.0
2,1.0,0.0,1.0,90,365,12,4.75,2387,60.0,4.762857142857143,0.0,1080,1.0,2.639141285527475,f,t,1,1,0,0,0,0,0,0,0,0,0,0,113.0
4,1.0,2.0,2.0,90,365,5,5.0,2387,97.0,4.942857142857143,8.0,450,1.0,2.6735680103438573,f,t,1,1,0,0,0,0,0,0,0,0,0,0,227.0
6,2.0,2.0,3.0,2,1125,62,4.89,829,14.0,4.847142857142858,12.0,124,2.0,1.0057520154659985,t,f,1,1,0,0,0,0,0,0,0,0,0,0,543.0
6,2.5,2.0,2.0,2,60,73,4.59,3357,44.0,4.5285714285714285,12.0,146,1.0,0.9300592861496598,f,f,1,1,0,0,0,0,0,0,0,0,0,0,345.0
4,1.0,1.0,2.0,1,60,50,4.96,854,23.0,4.951428571428572,4.0,50,2.0,7.7862832157339685,t,f,1,1,0,0,0,0,0,0,0,0,0,0,153.0
6,1.0,3.0,4.0,1,60,120,4.93,827,10.0,4.932857142857143,18.0,120,2.0,6.048440670188824,t,f,1,1,0,0,0,0,0,0,0,0,0,0,234.0
2,1.0,1.0,1.0,90,365,1,5.0,1083,186.0,5.0,2.0,90,0.0,1.0589786546870301,t,f,1,1,0,0,0,0,0,0,0,0,0,0,132.0
3,1.0,1.0,2.0,1,1125,108,4.94,2345,13.0,4.914285714285714,3.0,108,2.0,0.8791017670367778,t,t,1,1,0,0,0,0,0,0,0,0,0,0,346.0
2,1.0,1.0,1.0,90,730,3,5.0,2227,65.0,4.905714285714287,2.0,270,1.0,0.8457980357222243,t,f,1,1,0,0,0,0,0,0,0,0,0,0,103.0
2,1.0,0.0,1.0,2,90,77,4.81,4343,12.0,4.840000000000001,0.0,154,2.0,1.2191235201489168,t,t,1,1,0,0,0,0,0,0,0,0,0,0,186.0
5,1.0,2.0,3.0,2,1125,171,4.8,955,15.0,4.788571428571428,10.0,342,2.0,0.7065451065863857,t,f,1,1,0,0,0,0,0,0,0,0,0,0,332.0
4,1.0,2.0,2.0,5,90,39,4.97,2877,6.0,4.9071428571428575,8.0,195,2.0,4.752919581985691,t,f,1,1,0,0,0,0,0,0,0,0,0,0,249.0
4,1.0,2.0,2.0,2,90,65,5.0,4124,15.0,4.978571428571429,8.0,130,2.0,3.4510092221073934,t,f,1,1,0,0,0,0,0,0,0,0,0,0,309.0
6,1.0,3.0,4.0,90,365,0,4.89,1932,0.0,4.892857142857143,18.0,0,,1.0534452323758625,f,t,0,1,0,0,0,0,0,0,0,0,0,0,314.0
4,1.0,2.0,3.0,1,1125,13,4.85,3044,332.0,4.902857142857143,8.0,13,2.0,6.789164736370981,t,f,1,1,0,0,0,0,0,0,0,0,0,0,230.0
5,1.0,2.0,3.0,90,180,53,4.89,2364,240.0,4.88,10.0,4770,3.0,7.238060053404653,f,f,1,1,0,0,0,0,0,0,0,0,0,0,105.0
4,2.0,1.0,2.0,4,60,80,4.88,819,16.0,4.8500000000000005,4.0,320,2.0,5.501713365542445,t,t,1,1,0,0,0,0,0,0,0,0,0,0,242.0
2,1.0,1.0,1.0,90,365,1,4.0,1198,652.0,4.428571428571429,2.0,90,3.0,0.5554864545154985,t,f,1,1,0,0,0,0,0,0,0,0,0,0,149.0
6,2.0,2.0,3.0,2,365,105,4.87,819,23.0,4.841428571428572,12.0,210,2.0,0.9311989423707985,t,t,1,1,0,0,0,0,0,0,0,0,0,0,443.0
6,2.0,3.0,3.0,90,365,0,4.89,4145,0.0,4.892857142857143,18.0,0,,0.7225770451738743,f,f,0,1,0,0,0,0,0,0,0,0,0,0,340.0
3,1.0,1.0,1.0,1,90,95,4.88,2364,13.0,4.877142857142857,3.0,95,2.0,7.0592400312712265,f,f,1,1,0,0,0,0,0,0,0,0,0,0,121.0
5,2.0,2.0,3.0,1,180,90,4.9,2435,17.0,4.901428571428572,10.0,90,2.0,8.404850718496602,t,f,1,1,0,0,0,0,0,0,0,0,0,0,159.0
1,1.0,1.0,1.0,90,365,2,5.0,3405,449.0,5.0,1.0,180,1.0,8.188364334667455,t,f,1,1,0,0,0,0,0,0,0,0,0,0,20.0
1,1.0,1.0,1.0,90,365,7,4.86,3405,179.0,4.9,1.0,630,0.0,8.188369663837422,t,f,1,1,0,0,0,0,0,0,0,0,0,0,120.0
4,1.0,2.0,2.0,2,180,38,4.76,911,128.0,4.822857142857144,8.0,76,0.0,6.448707722442035,t,f,1,1,0,0,0,0,0,0,0,0,0,0,235.0
2,1.0,0.0,2.0,2,1125,88,4.98,1680,16.0,4.97,0.0,176,2.0,2.4475162531864387,t,f,1,1,0,0,0,0,0,0,0,0,0,0,178.0
2,1.0,1.0,1.0,5,60,14,5.0,1818,10.0,4.9799999999999995,2.0,70,2.0,1.2190253794990271,f,f,1,1,0,0,0,0,0,0,0,0,0,0,185.0
4,2.0,1.0,2.0,2,30,47,5.0,1408,22.0,4.967142857142858,4.0,94,2.0,4.810415591828255,t,f,1,1,0,0,0,0,0,0,0,0,0,0,349.0
4,1.0,1.0,2.0,90,180,86,4.81,3404,204.0,4.838571428571428,4.0,7740,0.0,1.0559584190398241,f,f,1,1,0,0,0,0,0,0,0,0,0,0,110.0
4,1.0,1.0,2.0,3,29,61,4.85,813,57.0,4.898571428571429,4.0,183,1.0,4.969788389337014,t,t,1,1,0,0,0,0,0,0,0,0,0,0,137.0
4,2.0,2.0,2.0,90,365,43,4.95,1559,178.0,4.904285714285714,8.0,3870,0.0,7.715338176672771,t,f,1,1,0,0,0,0,0,0,0,0,0,0,165.0
4,2.0,2.0,2.0,90,365,41,4.9,1559,263.0,4.8514285714285705,8.0,3690,3.0,7.4855268008811215,t,f,1,1,0,0,0,0,0,0,0,0,0,0,165.0
4,1.0,1.0,2.0,2,1125,142,4.94,2246,18.0,4.867142857142857,4.0,284,2.0,2.6171371776111005,t,f,1,1,0,0,0,0,0,0,0,0,0,0,190.0
2,1.0,1.0,1.0,90,365,47,4.83,2721,175.0,4.8,2.0,4230,0.0,5.595904237930238,f,f,1,1,0,0,0,0,0,0,0,0,0,0,114.0
2,1.0,1.0,1.0,3,90,9,4.78,2145,32.0,4.748571428571429,2.0,27,1.0,6.015482248954355,t,f,1,1,0,0,0,0,0,0,0,0,0,0,135.0
2,1.0,1.0,1.0,2,365,52,4.96,4094,14.0,4.935714285714285,2.0,104,2.0,5.947081618853944,t,f,1,1,0,0,0,0,0,0,0,0,0,0,122.0
4,1.0,2.0,2.0,3,120,59,4.58,21,28.0,4.6657142857142855,8.0,177,1.0,7.585088434489716,f,f,1,1,0,0,0,0,0,0,0,0,0,0,148.0
3,2.0,1.0,3.0,90,90,0,4.89,2045,0.0,4.892857142857143,3.0,0,,2.8926292553520194,t,f,1,1,0,0,0,0,0,0,0,0,0,0,164.0
3,1.0,1.0,1.0,1,365,53,4.68,3794,17.0,4.727142857142857,3.0,53,2.0,5.435852329413195,f,t,1,1,0,0,0,0,0,0,0,0,0,0,145.0
8,2.5,3.0,4.0,2,120,53,4.92,2889,29.0,4.921428571428572,24.0,106,1.0,6.332007302369128,t,f,1,1,0,0,0,0,0,0,0,0,0,0,529.0
4,2.0,1.0,2.0,2,365,58,5.0,809,25.0,4.93,4.0,116,1.0,1.2030549335495513,t,f,1,1,0,0,0,0,0,0,0,0,0,0,400.0
3,1.0,0.0,2.0,2,90,20,4.85,3580,13.0,4.935714285714285,0.0,40,2.0,4.489187042664156,f,t,1,1,0,0,0,0,0,0,0,0,0,0,211.0
2,1.0,1.0,1.0,3,27,81,5.0,807,25.0,4.987142857142857,2.0,243,1.0,0.3481891805734232,t,f,1,1,0,0,0,0,0,0,0,0,0,0,392.0
2,1.0,0.0,1.0,2,27,101,4.82,807,6.0,4.791428571428571,0.0,202,2.0,6.756366985476013,t,f,1,1,0,0,0,0,0,0,0,0,0,0,121.0
2,1.0,1.0,1.0,90,365,1,5.0,1565,82.0,5.0,2.0,90,1.0,7.057115952897501,f,f,1,1,0,0,0,0,0,0,0,0,0,0,209.0
6,2.0,2.0,3.0,2,60,100,4.73,806,23.0,4.787142857142858,12.0,200,2.0,0.5665513537507917,f,t,1,1,0,0,0,0,0,0,0,0,0,0,483.0
4,1.0,1.0,2.0,90,365,7,5.0,3380,24.0,5.0,4.0,630,1.0,0.6436566523963945,f,f,1,1,0,0,0,0,0,0,0,0,0,0,164.0
2,1.0,1.0,2.0,1,30,23,5.0,3044,7.0,4.975714285714285,2.0,23,2.0,6.800604342280016,t,f,1,1,0,0,0,0,0,0,0,0,0,0,119.0
6,1.0,2.0,3.0,2,1125,103,4.73,1999,13.0,4.757142857142857,12.0,206,2.0,0.5866115877601797,t,f,1,0,0,0,0,0,0,0,0,0,0,0,362.0
2,1.0,1.0,1.0,2,29,148,4.81,2645,20.0,4.821428571428571,2.0,296,2.0,5.973226124259424,t,f,1,1,0,0,0,0,0,0,0,0,0,0,90.0
8,2.0,3.0,4.0,2,365,51,4.94,4187,15.0,4.881428571428572,24.0,102,2.0,1.0041203417424227,,f,1,1,0,0,0,0,0,0,0,0,0,0,471.0
10,3.5,5.0,5.0,3,1125,74,4.88,2861,16.0,4.905714285714287,50.0,222,2.0,5.993278899512438,t,t,1,1,0,0,0,0,0,0,0,0,0,0,839.0
3,1.0,2.0,2.0,5,180,39,4.92,2794,31.0,4.92,6.0,195,1.0,5.164227917624993,t,f,1,1,0,0,0,0,0,0,0,0,0,0,128.0
2,1.0,1.0,1.0,90,365,2,2.5,3285,704.0,2.642857142857143,2.0,180,2.0,0.8351721329406575,f,f,1,1,0,0,0,0,0,0,0,0,0,0,999.0
6,2.5,3.0,4.0,2,1125,19,4.95,798,10.0,4.925714285714286,18.0,38,2.0,4.155295214398889,t,f,1,1,0,0,0,0,0,0,0,0,0,0,463.0
2,1.5,1.0,2.0,1,365,38,4.84,2596,37.0,4.852857142857142,2.0,38,1.0,3.884878492559467,f,t,1,1,0,0,0,0,0,0,0,0,0,0,138.0
8,2.0,4.0,4.0,90,365,1,5.0,1194,715.0,4.428571428571429,32.0,90,2.0,6.514545311294319,,f,1,1,0,0,0,0,0,0,0,0,0,0,652.0
3,1.0,1.0,2.0,1,360,126,4.51,2272,24.0,4.645714285714286,3.0,126,1.0,7.7477358755663,f,f,1,1,0,0,0,0,0,0,0,0,0,0,117.0
6,1.0,2.0,4.0,1,200,30,5.0,4177,10.0,4.971428571428571,12.0,30,2.0,5.238686238056979,t,f,1,1,0,0,0,0,0,0,0,0,0,0,348.0
2,1.0,1.0,1.0,2,180,71,4.9,3716,4.0,4.902857142857143,2.0,142,2.0,4.603265228759905,t,f,1,1,0,0,0,0,0,0,0,0,0,0,179.0
2,1.0,1.0,1.0,90,365,2,5.0,3402,481.0,4.428571428571429,2.0,180,0.0,7.808174699526264,f,f,1,1,0,0,0,0,0,0,0,0,0,0,116.0
6,2.0,2.0,3.0,1,365,55,4.76,795,7.0,4.69,12.0,55,2.0,1.159335381057757,f,f,1,1,0,0,0,0,0,0,0,0,0,0,278.0
1,1.5,1.0,1.0,5,90,18,4.61,3204,314.0,4.644285714285714,1.0,90,2.0,6.0254357610818605,t,f,1,1,0,0,0,0,0,0,0,0,0,0,57.0
6,2.5,3.0,3.0,2,365,4,5.0,1140,353.0,4.821428571428571,18.0,8,2.0,7.049161829964717,f,f,1,1,0,0,0,0,0,0,0,0,0,0,513.0
4,1.0,1.0,2.0,2,60,61,4.97,792,25.0,4.93,4.0,122,1.0,0.39595987596956944,t,f,1,1,0,0,0,0,0,0,0,0,0,0,318.0
6,2.5,3.0,3.0,7,365,38,4.71,804,386.0,4.7542857142857144,18.0,266,2.0,7.738384997575677,,f,1,1,0,0,0,0,0,0,0,0,0,0,543.0
5,2.0,3.0,3.0,90,1000,3,5.0,3312,141.0,4.8100000000000005,15.0,270,0.0,0.9960802572129605,f,f,1,1,0,0,0,0,0,0,0,0,0,0,370.0
4,1.0,2.0,2.0,2,365,31,4.48,3989,19.0,4.594285714285713,8.0,62,2.0,3.4674394341298758,f,f,1,1,0,0,0,0,0,0,0,0,0,0,270.0
6,2.0,2.0,3.0,2,30,29,4.55,2022,30.0,4.675714285714286,12.0,58,1.0,4.548752026090343,f,t,1,1,0,0,0,0,0,0,0,0,0,0,213.0
2,1.0,1.0,1.0,1,15,65,4.98,4059,7.0,4.954285714285715,2.0,65,2.0,0.3073008902401056,f,f,1,1,0,0,0,0,0,0,0,0,0,0,200.0
2,1.0,1.0,2.0,1,60,49,4.71,791,84.0,4.701428571428572,2.0,49,1.0,1.0559584190398241,t,f,1,1,0,0,0,0,0,0,0,0,0,0,339.0
6,2.0,3.0,3.0,90,365,16,4.69,2387,21.0,4.688571428571429,18.0,1440,2.0,3.1137353405500603,f,t,1,1,0,0,0,0,0,0,0,0,0,0,265.0
6,2.0,3.0,3.0,90,365,16,4.75,2387,115.0,4.822857142857144,18.0,1440,1.0,2.9822062409701617,f,t,1,1,0,0,0,0,0,0,0,0,0,0,208.0
6,1.0,2.0,2.0,2,300,74,4.84,1054,10.0,4.817142857142857,12.0,148,2.0,1.0483909181143922,f,f,1,1,0,0,0,0,0,0,0,0,0,0,414.0
14,2.0,5.0,8.0,3,365,67,4.85,3926,8.0,4.8671428571428565,70.0,201,2.0,5.655253160397914,,f,1,1,0,0,0,0,0,0,0,0,0,0,645.0
3,1.0,1.0,1.0,1,60,8,4.75,4104,12.0,4.841428571428572,3.0,8,2.0,5.232140250453607,f,f,1,1,0,0,0,0,0,0,0,0,0,0,110.0
1,1.0,1.0,1.0,3,30,97,4.89,3241,14.0,4.868571428571428,1.0,291,2.0,0.7650840397229183,t,f,1,1,0,0,0,0,0,0,0,0,0,0,164.0
1,1.0,1.0,1.0,4,60,18,4.56,3204,13.0,4.588571428571429,1.0,72,2.0,6.0254357610818605,t,f,1,1,0,0,0,0,0,0,0,0,0,0,63.0
14,4.5,6.0,7.0,2,90,1,5.0,3708,15.0,4.857142857142857,84.0,2,2.0,5.898656291514855,f,f,1,1,0,0,0,0,0,0,0,0,0,0,1124.0
3,1.5,1.0,2.0,2,365,66,4.62,2387,8.0,4.694285714285714,3.0,132,2.0,7.079134962692225,f,t,1,1,0,0,0,0,0,0,0,0,0,0,153.0
6,2.0,3.0,3.0,2,1125,138,4.99,1350,9.0,4.967142857142856,18.0,276,2.0,4.179447622473468,t,f,1,1,0,0,0,0,0,0,0,0,0,0,445.0
7,2.5,3.0,4.0,2,30,56,4.98,2707,27.0,4.9399999999999995,21.0,112,1.0,7.692095957581247,t,f,1,1,0,0,0,0,0,0,0,0,0,0,585.0
2,1.0,1.0,1.0,1,365,92,4.76,3945,30.0,4.8100000000000005,2.0,92,1.0,4.0608282215404055,t,t,1,1,0,0,0,0,0,0,0,0,0,0,138.0
2,1.0,1.0,1.0,2,30,125,4.9,3195,9.0,4.912857142857143,2.0,250,2.0,5.109141597498815,t,f,1,1,0,0,0,0,0,0,0,0,0,0,135.0
2,1.0,1.0,1.0,1,30,178,4.71,787,5.0,4.708571428571429,2.0,178,2.0,0.5493035620525334,f,f,1,1,0,0,0,0,0,0,0,0,0,0,283.0
5,1.0,2.0,1.0,1,365,12,5.0,3212,295.0,4.941428571428572,10.0,12,3.0,3.7928866242769237,f,f,1,1,0,0,0,0,0,0,0,0,0,0,200.0
1,1.0,1.0,1.0,3,90,16,4.88,3204,57.0,4.8585714285714285,1.0,48,1.0,5.894364954237531,t,f,1,1,0,0,0,0,0,0,0,0,0,0,67.0
3,1.0,1.0,2.0,7,365,12,4.92,3212,7.0,4.905714285714287,3.0,84,2.0,3.862161196732289,f,f,1,1,0,0,0,0,0,0,0,0,0,0,185.0
4,2.0,2.0,2.0,2,90,13,5.0,2512,29.0,4.912857142857143,8.0,26,1.0,4.300830312295265,t,f,1,1,0,0,0,0,0,0,0,0,0,0,582.0
4,1.0,1.0,2.0,5,730,80,4.88,840,22.0,4.864285714285715,4.0,400,2.0,0.48006775545471847,t,t,1,1,0,0,0,0,0,0,0,0,0,0,383.0
2,1.0,1.0,1.0,3,365,109,4.9,3896,7.0,4.852857142857142,2.0,327,2.0,0.46754713032052464,f,f,1,1,0,0,0,0,0,0,0,0,0,0,272.0
4,1.0,2.0,2.0,2,730,76,4.88,3185,22.0,4.891428571428571,8.0,152,2.0,6.941424825012333,t,f,1,1,0,0,0,0,0,0,0,0,0,0,221.0
6,2.0,3.0,3.0,3,1125,22,4.77,3975,37.0,4.675714285714286,18.0,66,1.0,2.2412782868378875,f,f,1,1,0,0,0,0,0,0,0,0,0,0,427.0
2,1.0,1.0,4.0,90,365,2,4.0,834,372.0,4.071428571428571,2.0,180,2.0,4.4966576014468185,f,f,1,1,0,0,0,0,0,0,0,0,0,0,49.0
7,2.0,3.0,4.0,2,31,116,4.97,2705,6.0,4.938571428571429,21.0,232,2.0,5.284264391125053,t,f,1,1,0,0,0,0,0,0,0,0,0,0,360.0
4,1.0,2.0,2.0,2,29,44,4.61,783,30.0,4.732857142857142,8.0,88,1.0,6.328182097088531,f,f,1,1,0,0,0,0,0,0,0,0,0,0,200.0
4,5.0,3.0,3.0,90,365,34,4.76,3190,178.0,4.762857142857143,12.0,3060,0.0,6.6027176185365235,f,f,1,1,0,0,0,0,0,0,0,0,0,0,144.0
1,1.0,0.0,1.0,91,365,1,5.0,1346,730.0,5.0,0.0,91,2.0,1.1110508725161312,f,f,1,1,0,0,0,0,0,0,0,0,0,0,86.0
2,1.0,1.0,0.0,90,730,6,5.0,2978,507.0,4.928571428571429,2.0,540,0.0,2.587329830960595,t,f,1,1,0,0,0,0,0,0,0,0,0,0,91.0
1,1.0,1.0,1.0,90,365,2,5.0,3300,389.0,5.0,1.0,180,1.0,1.0667740476157064,t,f,1,1,0,0,0,0,0,0,0,0,0,0,74.0
4,1.0,1.0,2.0,90,365,118,4.92,949,11.0,4.885714285714286,4.0,10620,2.0,0.4396444724140912,t,f,1,1,0,0,0,0,0,0,0,0,0,0,215.0
6,1.0,2.0,4.0,3,28,131,4.91,3078,23.0,4.8914285714285715,12.0,393,2.0,5.661145309641279,t,f,1,1,0,0,0,0,0,0,0,0,0,0,165.0
1,1.0,1.0,1.0,90,365,4,5.0,3405,114.0,4.892857142857143,1.0,360,1.0,8.188364389040212,t,f,1,1,0,0,0,0,0,0,0,0,0,0,120.0
4,1.0,1.0,3.0,1,1125,68,4.94,780,9.0,4.9071428571428575,4.0,68,2.0,6.9508213736667415,t,f,1,1,0,0,0,0,0,0,0,0,0,0,177.0
4,1.5,2.0,2.0,2,365,27,4.89,1185,13.0,4.910000000000001,8.0,54,2.0,5.047699910966932,f,f,1,1,0,0,0,0,0,0,0,0,0,0,360.0
4,2.0,2.0,3.0,30,60,50,4.9,2576,28.0,4.862857142857143,8.0,1500,1.0,0.3734229425824486,t,f,1,1,0,0,0,0,0,0,0,0,0,0,316.0
7,4.5,4.0,4.0,4,9,4,5.0,778,82.0,5.0,28.0,16,1.0,4.234940955132548,t,f,1,1,0,0,0,0,0,0,0,0,0,0,867.0
7,3.0,4.0,5.0,6,15,7,4.86,4625,309.0,4.857142857142857,28.0,42,2.0,3.8245205313610096,f,f,1,1,0,0,0,0,0,0,0,0,0,0,414.0
1,1.0,1.0,1.0,30,180,2,5.0,3644,258.0,5.0,1.0,60,3.0,5.4390359139682065,t,f,1,1,0,0,0,0,0,0,0,0,0,0,129.0
3,1.0,1.0,0.0,2,1125,60,4.73,2346,4.0,4.71,3.0,120,2.0,0.2956397277721544,t,t,1,1,0,0,0,0,0,0,0,0,0,0,231.0
3,1.0,1.0,2.0,2,365,93,4.76,3981,8.0,4.724285714285713,3.0,186,2.0,1.6374134122239248,t,f,1,1,0,0,0,0,0,0,0,0,0,0,121.0
4,1.5,2.0,3.0,2,28,88,4.78,775,9.0,4.7700000000000005,8.0,176,2.0,6.096701709679579,t,f,1,1,0,0,0,0,0,0,0,0,0,0,144.0
4,1.0,1.0,2.0,1,1125,287,4.89,774,20.0,4.897142857142858,4.0,287,2.0,6.055258253447342,t,f,1,0,0,0,0,0,0,0,0,0,0,0,175.0
2,1.0,1.0,1.0,90,365,4,5.0,3609,121.0,4.928571428571429,2.0,360,0.0,1.6610572719641294,t,f,1,1,0,0,0,0,0,0,0,0,0,0,220.0
4,1.0,2.0,2.0,1,365,44,4.91,1960,21.0,4.784285714285714,8.0,44,2.0,1.0296684007583794,t,t,1,1,0,0,0,0,0,0,0,0,0,0,306.0
2,1.0,1.0,1.0,1,365,309,4.91,794,7.0,4.911428571428572,2.0,309,2.0,9.049955795981285,t,t,0,1,0,0,0,0,0,0,0,0,0,0,137.0
4,2.0,2.0,2.0,3,28,3,5.0,1194,197.0,5.0,8.0,9,0.0,5.920176267743133,f,f,1,1,0,0,0,0,0,0,0,0,0,0,529.0
4,1.0,2.0,3.0,30,180,9,5.0,1713,26.0,4.952857142857143,8.0,270,1.0,0.8390831374778235,t,f,1,1,0,0,0,0,0,0,0,0,0,0,255.0
2,1.0,1.0,1.0,4,30,44,4.86,3992,8.0,4.902857142857143,2.0,176,2.0,4.2921858162682875,f,f,1,1,0,0,0,0,0,0,0,0,0,0,193.0
3,2.0,2.0,2.0,91,180,9,4.89,2230,63.0,4.921428571428572,6.0,819,1.0,7.152485367080186,t,f,1,1,0,0,0,0,0,0,0,0,0,0,135.0
6,2.0,2.0,3.0,2,90,76,4.8,874,29.0,4.798571428571429,12.0,152,1.0,0.9237923298012403,f,t,1,1,0,0,0,0,0,0,0,0,0,0,302.0
2,1.0,1.0,1.0,3,1125,104,4.79,4506,27.0,4.838571428571429,2.0,312,1.0,4.172171874346743,t,t,1,1,0,0,0,0,0,0,0,0,0,0,132.0
2,1.0,1.0,1.0,90,180,7,5.0,4732,249.0,5.0,2.0,630,3.0,0.5698117694287905,t,f,1,1,0,0,0,0,0,0,0,0,0,0,228.0
2,1.0,1.0,1.0,2,29,81,4.69,783,10.0,4.775714285714286,2.0,162,2.0,6.311266694393972,f,f,1,1,0,0,0,0,0,0,0,0,0,0,137.0
2,1.0,1.0,1.0,90,700,6,5.0,1664,72.0,4.928571428571429,2.0,540,1.0,0.2621436357132573,t,t,1,1,0,0,0,0,0,0,0,0,0,0,149.0
1,1.0,1.0,1.0,2,365,4,4.25,2636,29.0,4.25,1.0,8,1.0,4.980610905855598,t,f,1,1,0,0,0,0,0,0,0,0,0,0,103.0
2,1.0,1.0,1.0,2,365,10,4.8,2636,24.0,4.785714285714286,2.0,20,1.0,4.90656358054806,t,t,1,1,0,0,0,0,0,0,0,0,0,0,127.0
4,1.0,1.0,2.0,2,365,89,5.0,4394,4.0,4.964285714285714,4.0,178,2.0,0.9193414923211081,t,f,1,1,0,0,0,0,0,0,0,0,0,0,308.0
2,1.0,1.0,1.0,90,365,0,4.89,767,0.0,4.892857142857143,2.0,0,,0.41151844338714366,f,f,1,1,0,0,0,0,0,0,0,0,0,0,178.0
6,3.0,3.0,3.0,5,60,19,4.95,767,242.0,4.934285714285714,18.0,95,3.0,4.759803634910929,t,f,1,1,0,0,0,0,0,0,0,0,0,0,421.0
4,1.5,1.0,2.0,90,365,36,4.58,2387,73.0,4.638571428571429,4.0,3240,1.0,2.0177698483062376,f,t,1,1,0,0,0,0,0,0,0,0,0,0,179.0
3,2.0,1.0,2.0,1,365,125,4.96,2909,18.0,4.938571428571429,3.0,125,2.0,7.380819749359435,t,f,1,1,0,0,0,0,0,0,0,0,0,0,185.0
2,1.0,1.0,1.0,3,365,4,5.0,2820,30.0,5.0,2.0,12,1.0,1.043299417712024,f,f,1,1,0,0,0,0,0,0,0,0,0,0,315.0
2,1.0,1.0,1.0,3,60,38,4.92,3850,14.0,4.767142857142857,2.0,114,2.0,2.7168602273625346,f,f,1,0,0,0,0,0,0,0,0,0,0,0,186.0
4,1.0,2.0,2.0,2,365,43,5.0,2532,9.0,4.958571428571429,8.0,86,2.0,3.3799366009614884,t,f,1,1,0,0,0,0,0,0,0,0,0,0,228.0
2,1.0,1.0,1.0,2,15,66,4.86,4558,15.0,4.852857142857142,2.0,132,2.0,7.445376110514875,t,f,1,1,0,0,0,0,0,0,0,0,0,0,95.0
5,2.0,3.0,3.0,5,30,30,4.97,763,39.0,4.885714285714286,15.0,150,1.0,5.634924348609361,t,f,1,1,0,0,0,0,0,0,0,0,0,0,333.0
2,0.5,2.0,2.0,4,30,0,4.89,4340,0.0,4.892857142857143,4.0,0,,0.9692305054742805,f,t,1,1,0,0,0,0,0,0,0,0,0,0,242.0
6,2.0,3.0,3.0,90,365,8,5.0,2553,73.0,4.947142857142857,18.0,720,1.0,0.3422988928144515,f,f,1,1,0,0,0,0,0,0,0,0,0,0,380.0
4,1.0,1.0,2.0,1,28,147,4.97,2449,4.0,4.95,4.0,147,2.0,4.500866692792097,t,f,1,1,0,0,0,0,0,0,0,0,0,0,156.0
6,2.5,3.0,4.0,2,365,16,5.0,3355,310.0,4.982857142857143,18.0,32,2.0,4.311375291533409,t,f,1,1,0,0,0,0,0,0,0,0,0,0,352.0
7,1.0,2.0,5.0,3,365,26,4.85,4977,197.0,4.862857142857143,14.0,78,0.0,2.416157443490287,t,f,1,1,0,0,0,0,0,0,0,0,0,0,610.0
2,1.0,1.0,1.0,90,365,7,4.86,2387,170.0,4.7542857142857144,2.0,630,0.0,3.092872792796727,f,t,1,1,0,0,0,0,0,0,0,0,0,0,142.0
3,1.0,1.0,2.0,2,28,66,4.92,3331,4.0,4.897142857142856,3.0,132,2.0,5.777300560363048,t,f,1,1,0,0,0,0,0,0,0,0,0,0,126.0
4,1.0,1.0,2.0,90,180,69,5.0,1299,19.0,4.948571428571428,4.0,6210,2.0,7.301336526171351,t,f,1,1,0,0,0,0,0,0,0,0,0,0,142.0
2,1.0,0.0,1.0,90,365,10,4.8,2387,23.0,4.771428571428572,0.0,900,2.0,2.3488638106833255,f,t,1,1,0,0,0,0,0,0,0,0,0,0,115.0
2,1.0,0.0,1.0,90,365,3,5.0,1198,134.0,4.905714285714287,0.0,270,0.0,0.7455552711330127,t,f,1,1,0,0,0,0,0,0,0,0,0,0,120.0
2,1.0,1.0,1.0,1,29,19,4.53,2591,51.0,4.751428571428571,2.0,19,1.0,5.7309972013212045,f,t,1,1,0,0,0,0,0,0,0,0,0,0,97.0
2,1.0,1.0,1.0,90,365,0,4.89,3189,0.0,4.892857142857143,2.0,0,,0.456264878391736,t,f,1,1,0,0,0,0,0,0,0,0,0,0,154.0
2,1.0,1.0,1.0,90,365,4,4.75,2647,50.0,4.857142857142857,2.0,360,1.0,0.7167114342475434,t,t,1,1,0,0,0,0,0,0,0,0,0,0,222.0
3,1.0,1.0,1.0,90,120,1,5.0,3865,116.0,5.0,3.0,90,0.0,1.1336068033846733,f,f,1,1,0,0,0,0,0,0,0,0,0,0,152.0
10,4.0,4.0,4.0,4,31,29,4.79,3597,19.0,4.784285714285714,40.0,116,2.0,7.003979376083371,f,f,1,1,0,0,0,0,0,0,0,0,0,0,589.0
5,2.0,3.0,3.0,2,14,73,5.0,3317,6.0,4.921428571428571,15.0,146,2.0,1.0106220269242887,t,f,1,1,0,0,0,0,0,0,0,0,0,0,519.0
4,1.0,2.0,2.0,3,1125,48,4.98,3396,10.0,4.921428571428572,8.0,144,2.0,5.375849927926874,f,f,1,1,0,0,0,0,0,0,0,0,0,0,264.0
4,1.0,2.0,2.0,90,365,0,4.89,4828,0.0,4.892857142857143,8.0,0,,4.784589915291381,f,f,1,1,0,0,0,0,0,0,0,0,0,0,165.0
2,1.0,1.0,1.0,2,365,13,4.77,2636,30.0,4.67,2.0,26,1.0,5.0308388086328195,t,f,1,1,0,0,0,0,0,0,0,0,0,0,68.0
4,1.0,2.0,2.0,90,365,1,3.0,2363,663.0,3.857142857142857,8.0,90,2.0,0.9234643511650081,f,f,1,0,0,0,0,0,0,0,0,0,0,0,140.0
2,1.0,0.0,2.0,2,365,125,4.91,3190,14.0,4.86,0.0,250,2.0,1.2404350886361983,t,f,1,1,0,0,0,0,0,0,0,0,0,0,184.0
6,1.0,2.0,3.0,1,650,60,4.82,3109,7.0,4.815714285714286,12.0,60,2.0,3.6742449103314616,f,f,1,1,0,0,0,0,0,0,0,0,0,0,333.0
9,2.5,4.0,5.0,90,1125,87,4.82,1147,11.0,4.798571428571429,36.0,7830,2.0,0.5145943676530644,t,f,1,1,0,0,0,0,0,0,0,0,0,0,520.0
2,1.5,1.0,1.0,1,20,25,5.0,3318,25.0,4.965714285714285,2.0,25,1.0,5.808574097753291,t,f,1,1,0,0,0,0,0,0,0,0,0,0,129.0
4,1.0,2.0,2.0,2,30,76,4.83,3406,31.0,4.867142857142857,8.0,152,1.0,3.67596350741999,f,t,1,1,0,0,0,0,0,0,0,0,0,0,514.0
8,3.5,5.0,6.0,1,89,1,1.0,755,670.0,1.8571428571428572,40.0,1,2.0,5.346768487905645,f,f,1,1,0,0,0,0,0,0,0,0,0,0,640.0
5,1.5,2.0,4.0,1,30,49,4.98,2554,12.0,4.937142857142858,10.0,49,2.0,6.709352131853403,t,f,1,1,0,0,0,0,0,0,0,0,0,0,181.0
3,1.0,1.0,2.0,90,365,53,4.89,755,308.0,4.9,3.0,4770,2.0,2.138558847627344,f,f,1,1,0,0,0,0,0,0,0,0,0,0,118.0
1,1.0,1.0,1.0,1,60,33,4.94,3359,51.0,4.922857142857143,1.0,33,1.0,8.180703615697759,t,f,1,1,0,0,0,0,0,0,0,0,0,0,108.0
2,1.0,1.0,1.0,1,365,9,4.44,1952,21.0,4.572857142857143,2.0,9,2.0,6.233660703482089,f,t,1,1,0,0,0,0,0,0,0,0,0,0,74.0
4,2.0,2.0,2.0,90,365,3,5.0,1033,199.0,4.858571428571429,8.0,270,0.0,1.0008346667526342,t,f,1,1,0,0,0,0,0,0,0,0,0,0,160.0
3,1.0,0.0,2.0,90,365,110,4.59,3823,22.0,4.635714285714285,0.0,9900,2.0,0.6660208526221588,f,t,1,1,0,0,0,0,0,0,0,0,0,0,251.0
2,1.0,1.0,0.0,90,90,0,4.89,4277,0.0,4.892857142857143,2.0,0,,1.15719001021237,f,f,1,1,0,0,0,0,0,0,0,0,0,0,200.0
4,1.0,1.0,1.0,90,365,0,4.89,2363,0.0,4.892857142857143,4.0,0,,0.7845651990069589,f,f,1,0,0,0,0,0,0,0,0,0,0,0,92.0
2,1.0,1.0,1.0,90,365,12,4.83,2387,378.0,4.905714285714287,2.0,1080,2.0,2.8916208671004577,f,t,1,1,0,0,0,0,0,0,0,0,0,0,126.0
4,1.0,1.0,1.0,90,365,0,4.89,3448,0.0,4.892857142857143,4.0,0,,0.8412033162317776,f,f,1,1,0,0,0,0,0,0,0,0,0,0,165.0
2,1.0,1.0,1.0,360,730,96,4.7,2272,325.0,4.715714285714285,2.0,34560,2.0,7.658017361825424,f,f,1,1,0,0,0,0,0,0,0,0,0,0,105.0
6,1.5,3.0,3.0,1,365,55,4.98,3396,5.0,4.937142857142858,18.0,55,2.0,4.142466695576734,t,f,1,0,0,0,0,0,0,0,0,0,0,0,340.0
4,1.0,1.0,2.0,90,365,32,4.88,1134,87.0,4.807142857142857,4.0,2880,1.0,2.641142629007821,f,t,1,1,0,0,0,0,0,0,0,0,0,0,331.0
4,1.0,2.0,2.0,3,60,6,4.83,5172,49.0,4.902857142857143,8.0,18,1.0,4.898219286598041,f,f,1,1,0,0,0,0,0,0,0,0,0,0,433.0
4,2.0,2.0,2.0,30,700,11,4.91,3908,37.0,4.805714285714286,8.0,330,1.0,1.0328274980046157,t,f,1,1,0,0,0,0,0,0,0,0,0,0,305.0
3,1.0,1.0,2.0,1,365,1,2.0,2462,756.0,2.857142857142857,3.0,1,1.0,4.004700879515656,f,f,1,1,0,0,0,0,0,0,0,0,0,0,82.0
6,2.0,2.0,3.0,3,365,81,4.93,4724,6.0,4.918571428571428,12.0,243,2.0,0.9129422370303345,t,f,1,1,0,0,0,0,0,0,0,0,0,0,572.0
4,1.0,2.0,3.0,2,90,11,4.36,747,15.0,4.532857142857143,8.0,22,2.0,3.7275045316485222,f,f,1,1,0,0,0,0,0,0,0,0,0,0,169.0
6,2.0,2.0,3.0,2,365,45,4.8,2132,9.0,4.817142857142857,12.0,90,2.0,0.5218394120738072,t,t,1,1,0,0,0,0,0,0,0,0,0,0,437.0
7,2.0,3.0,6.0,4,730,71,4.89,774,15.0,4.842857142857143,21.0,284,2.0,7.6042353059402945,t,f,1,1,0,0,0,0,0,0,0,0,0,0,250.0
6,2.0,2.0,4.0,3,90,57,4.89,746,5.0,4.887142857142857,12.0,171,2.0,5.91891996721874,t,f,1,1,0,0,0,0,0,0,0,0,0,0,249.0
4,1.0,2.0,3.0,2,31,51,4.78,2219,155.0,4.821428571428571,8.0,102,0.0,4.8135594656607985,f,f,1,1,0,0,0,0,0,0,0,0,0,0,367.0
2,1.0,1.0,1.0,2,120,68,4.91,3577,9.0,4.82,2.0,136,2.0,0.9673150535043584,f,f,1,1,0,0,0,0,0,0,0,0,0,0,227.0
4,1.0,2.0,3.0,28,180,4,4.25,750,24.0,4.071428571428571,8.0,112,1.0,2.8782261381326446,f,f,1,1,0,0,0,0,0,0,0,0,0,0,159.0
4,1.0,2.0,3.0,2,28,51,4.88,865,36.0,4.928571428571429,8.0,102,1.0,3.758415138462427,t,f,1,1,0,0,0,0,0,0,0,0,0,0,302.0
4,1.0,2.0,2.0,90,365,0,4.89,2363,0.0,4.892857142857143,8.0,0,,0.9263377101336742,f,f,1,0,0,0,0,0,0,0,0,0,0,0,140.0
2,1.0,2.0,1.0,90,300,2,5.0,2196,248.0,4.857142857142857,4.0,180,3.0,2.711308606898872,f,f,1,1,0,0,0,0,0,0,0,0,0,0,228.0
8,2.5,3.0,3.0,2,365,68,4.84,2535,22.0,4.761428571428572,24.0,136,2.0,9.023115679391083,f,f,1,1,0,0,0,0,0,0,0,0,0,0,435.0
2,1.0,1.0,1.0,2,365,31,4.84,3734,65.0,4.845714285714286,2.0,62,1.0,1.330635484505363,t,f,1,1,0,0,0,0,0,0,0,0,0,0,191.0
8,2.0,3.0,4.0,3,28,115,4.92,756,6.0,4.927142857142857,24.0,345,2.0,5.666315312380615,t,f,1,1,0,0,0,0,0,0,0,0,0,0,223.0
2,1.0,0.0,2.0,2,30,61,4.95,3301,22.0,4.8514285714285705,0.0,122,2.0,1.2614432467691499,t,f,1,1,0,0,0,0,0,0,0,0,0,0,350.0
4,2.5,2.0,3.0,30,365,35,4.83,2868,134.0,4.808571428571428,8.0,1050,0.0,0.27288194506001134,f,f,1,1,0,0,0,0,0,0,0,0,0,0,554.0
4,2.0,2.0,2.0,1,90,18,5.0,800,296.0,4.975714285714285,8.0,18,3.0,0.8164232360665086,t,f,1,1,0,0,0,0,0,0,0,0,0,0,597.0
4,2.0,2.0,2.0,91,180,0,4.89,2261,0.0,4.892857142857143,8.0,0,,1.1368259511138834,f,f,1,1,0,0,0,0,0,0,0,0,0,0,200.0
4,1.0,2.0,2.0,2,30,0,4.89,2463,0.0,4.892857142857143,8.0,0,,4.808136793589442,f,f,1,1,0,0,0,0,0,0,0,0,0,0,143.0
4,1.0,3.0,3.0,90,120,2,5.0,3532,673.0,5.0,12.0,180,2.0,5.05099591676628,f,f,1,1,0,0,0,0,0,0,0,0,0,0,126.0
4,1.5,2.0,2.0,90,180,3,5.0,2801,328.0,5.0,8.0,270,2.0,4.2108649457604175,f,f,1,0,0,0,0,0,0,0,0,0,0,0,150.0
2,1.0,1.0,1.0,2,365,39,4.79,2878,45.0,4.801428571428572,2.0,78,1.0,0.36790953491205364,f,f,1,1,0,0,0,0,0,0,0,0,0,0,320.0
2,1.0,1.0,1.0,90,365,3,4.67,2387,479.0,4.7628571428571425,2.0,270,1.0,2.4407889528418694,f,t,1,1,0,0,0,0,0,0,0,0,0,0,131.0
6,2.0,3.0,3.0,3,365,64,5.0,2691,20.0,4.957142857142856,18.0,192,2.0,0.3565723913996871,t,f,1,1,0,0,0,0,0,0,0,0,0,0,1365.0
4,2.0,2.0,2.0,2,365,0,4.89,739,0.0,4.892857142857143,8.0,0,,4.429274178991737,f,t,1,1,0,0,0,0,0,0,0,0,0,0,182.0
3,1.0,1.0,2.0,1,89,165,4.81,738,19.0,4.847142857142857,3.0,165,2.0,7.504747147196089,t,t,1,1,0,0,0,0,0,0,0,0,0,0,120.0
2,1.0,1.0,1.0,1,30,172,4.95,737,21.0,4.8999999999999995,2.0,172,2.0,6.277913233805741,t,f,1,1,0,0,0,0,0,0,0,0,0,0,86.0
4,2.0,2.0,2.0,1,1125,78,4.88,736,23.0,4.9,8.0,78,2.0,6.118343673345774,t,f,1,1,0,0,0,0,0,0,0,0,0,0,188.0
11,2.0,4.0,6.0,1,1125,62,4.77,763,19.0,4.772857142857142,44.0,62,2.0,7.624924532110456,t,t,1,1,0,0,0,0,0,0,0,0,0,0,284.0
4,1.0,1.0,1.0,2,28,36,4.83,735,16.0,4.895714285714285,4.0,72,2.0,7.4437271735211255,t,f,1,1,0,0,0,0,0,0,0,0,0,0,138.0
9,2.5,3.0,3.0,2,27,15,4.07,741,21.0,4.171428571428572,27.0,30,2.0,6.8773371250480295,f,t,0,1,0,0,0,0,0,0,0,0,0,0,616.0
2,1.0,1.0,1.0,2,30,94,4.86,4493,8.0,4.8914285714285715,2.0,188,2.0,5.2912196123256425,t,f,1,1,0,0,0,0,0,0,0,0,0,0,162.0
7,2.0,3.0,4.0,1,30,39,4.95,956,9.0,4.8914285714285715,21.0,39,2.0,5.281071608739196,t,f,0,1,0,0,0,0,0,0,0,0,0,0,336.0
2,1.0,1.0,1.0,90,1125,15,4.8,854,287.0,4.667142857142857,2.0,1350,3.0,8.654424842618436,f,f,1,1,0,0,0,0,0,0,0,0,0,0,143.0
8,2.0,3.0,4.0,1,30,34,4.88,733,5.0,4.901428571428572,24.0,34,2.0,7.177456823793443,t,f,1,1,0,0,0,0,0,0,0,0,0,0,287.0
4,2.0,2.0,2.0,90,365,0,4.89,741,0.0,4.892857142857143,8.0,0,,5.831753349279866,f,t,1,1,0,0,0,0,0,0,0,0,0,0,999.0
2,1.0,1.0,1.0,2,2,96,4.88,3265,8.0,4.85,2.0,192,2.0,0.42048522801420124,t,f,1,1,0,0,0,0,0,0,0,0,0,0,291.0
4,1.0,1.0,2.0,90,730,67,4.75,731,31.0,4.692857142857143,4.0,6030,1.0,1.202467100186277,f,f,1,1,0,0,0,0,0,0,0,0,0,0,186.0
3,1.0,1.0,1.0,90,365,90,4.72,2301,16.0,4.717142857142856,3.0,8100,2.0,7.420387734749064,f,f,1,1,0,0,0,0,0,0,0,0,0,0,149.0
4,1.5,2.0,2.0,2,1125,41,4.95,731,9.0,4.951428571428572,8.0,82,2.0,7.632366409235075,t,f,0,1,0,0,0,0,0,0,0,0,0,0,181.0
7,2.5,3.0,4.0,90,730,4,4.75,1188,658.0,4.821428571428571,21.0,360,3.0,2.5566902084618284,f,t,1,1,0,0,0,0,0,0,0,0,0,0,899.0
4,1.0,1.0,2.0,2,1125,81,4.93,1989,23.0,4.908571428571428,4.0,162,2.0,0.7988638173106767,t,f,1,1,0,0,0,0,0,0,0,0,0,0,323.0
8,3.0,4.0,4.0,3,29,48,5.0,731,16.0,4.975714285714285,32.0,144,2.0,3.8427554044333223,t,f,1,1,0,0,0,0,0,0,0,0,0,0,724.0
4,2.0,2.0,3.0,90,365,43,4.93,2721,67.0,4.887142857142857,8.0,3870,1.0,5.736428864742915,f,f,1,1,0,0,0,0,0,0,0,0,0,0,190.0
2,1.0,1.0,2.0,3,14,121,4.95,3339,8.0,4.941428571428571,2.0,363,2.0,1.7948583086431056,t,t,1,1,0,0,0,0,0,0,0,0,0,0,278.0
6,1.5,3.0,3.0,4,365,42,4.98,1113,9.0,4.9471428571428575,18.0,168,2.0,4.836727348249272,t,f,1,1,0,0,0,0,0,0,0,0,0,0,379.0
3,1.0,2.0,2.0,1,365,51,4.84,729,28.0,4.855714285714286,6.0,51,1.0,0.41308112914064743,t,t,1,1,0,0,0,0,0,0,0,0,0,0,370.0
6,2.5,5.0,5.0,90,365,3,5.0,728,355.0,4.857142857142857,30.0,270,2.0,6.742432293355468,t,f,1,1,0,0,0,0,0,0,0,0,0,0,400.0
4,1.5,2.0,2.0,90,180,49,4.82,4701,25.0,4.841428571428572,8.0,4410,1.0,1.043299417712024,f,f,1,1,0,0,0,0,0,0,0,0,0,0,200.0
6,3.0,3.0,3.0,3,28,67,5.0,2464,9.0,4.965714285714285,18.0,201,2.0,4.147513428563069,t,f,1,1,0,0,0,0,0,0,0,0,0,0,755.0
2,1.0,0.0,1.0,2,28,51,4.61,728,16.0,4.698571428571429,0.0,102,2.0,2.8573164505093316,f,f,1,1,0,0,0,0,0,0,0,0,0,0,202.0
6,2.0,3.0,4.0,1,30,113,4.65,1823,20.0,4.675714285714286,18.0,113,2.0,0.8402930642000239,f,t,1,1,0,0,0,0,0,0,0,0,0,0,256.0
6,3.0,3.0,3.0,1,15,4,3.0,1027,66.0,3.5714285714285716,18.0,4,1.0,4.8547983663917345,f,f,1,1,0,0,0,0,0,0,0,0,0,0,391.0
2,1.5,2.0,2.0,90,365,3,5.0,3033,327.0,5.0,4.0,270,2.0,6.044520093833476,f,f,1,1,0,0,0,0,0,0,0,0,0,0,110.0
8,3.0,3.0,3.0,1,30,100,4.89,1823,23.0,4.844285714285715,24.0,100,2.0,7.776183980574696,f,f,1,1,0,0,0,0,0,0,0,0,0,0,270.0
4,1.0,1.0,2.0,90,365,43,4.7,2211,87.0,4.724285714285714,4.0,3870,1.0,0.9972012878496899,f,f,1,1,0,0,0,0,0,0,0,0,0,0,133.0
2,1.0,0.0,1.0,90,365,7,4.43,2099,88.0,4.427142857142857,0.0,630,1.0,6.186069317290093,f,f,1,1,0,0,0,0,0,0,0,0,0,0,70.0
3,1.0,1.0,2.0,2,365,76,4.72,725,10.0,4.782857142857142,3.0,152,2.0,0.33703982678311895,t,t,1,1,0,0,0,0,0,0,0,0,0,0,361.0
2,1.0,1.0,1.0,1,15,2,2.5,1027,337.0,3.4285714285714284,2.0,2,2.0,4.90338082440313,f,f,1,1,0,0,0,0,0,0,0,0,0,0,147.0
2,3.0,1.0,1.0,90,365,54,4.43,3672,11.0,4.491428571428571,2.0,4860,2.0,7.826775312315761,f,f,1,1,0,0,0,0,0,0,0,0,0,0,96.0
2,2.0,1.0,2.0,90,365,0,4.89,4079,0.0,4.892857142857143,2.0,0,,1.086553731952154,f,t,1,0,0,0,0,0,0,0,0,0,0,0,316.0
2,1.0,1.0,1.0,1,15,6,4.0,1027,316.0,4.405714285714287,2.0,6,2.0,4.90338082440313,f,f,1,1,0,0,0,0,0,0,0,0,0,0,120.0
2,1.0,1.0,1.0,1,15,6,3.83,1027,8.0,4.2128571428571435,2.0,6,2.0,4.90338082440313,f,f,1,1,0,0,0,0,0,0,0,0,0,0,98.0
4,2.0,2.0,2.0,2,730,10,4.9,4130,166.0,4.857142857142857,8.0,20,0.0,1.2540042771204818,t,f,1,1,0,0,0,0,0,0,0,0,0,0,909.0
2,1.0,1.0,1.0,90,365,4,4.5,3959,156.0,4.607142857142857,2.0,360,0.0,0.7470303631195719,f,f,1,1,0,0,0,0,0,0,0,0,0,0,55.0
4,1.5,2.0,3.0,2,730,34,4.71,1453,36.0,4.698571428571428,8.0,68,1.0,6.099434009115315,f,t,1,1,0,0,0,0,0,0,0,0,0,0,180.0
2,1.0,1.0,1.0,1,1125,84,4.94,723,9.0,4.898571428571429,2.0,84,2.0,2.4009092971699717,t,f,1,1,0,0,0,0,0,0,0,0,0,0,226.0
6,1.5,2.0,3.0,1,30,145,4.82,1823,18.0,4.8514285714285705,12.0,145,2.0,4.866531923215437,f,f,1,1,0,0,0,0,0,0,0,0,0,0,186.0
4,1.5,2.0,2.0,4,365,15,5.0,1817,26.0,4.904285714285714,8.0,60,1.0,1.2416030954009523,t,f,1,1,0,0,0,0,0,0,0,0,0,0,495.0
2,1.0,1.0,1.0,90,1125,3,5.0,3320,449.0,5.0,2.0,270,1.0,0.9017355942087255,t,f,1,1,0,0,0,0,0,0,0,0,0,0,150.0
2,1.0,1.0,1.0,90,365,17,4.41,3309,638.0,4.537142857142857,2.0,1530,3.0,8.267589580604369,f,f,1,1,0,0,0,0,0,0,0,0,0,0,112.0
2,1.0,1.0,1.0,2,89,88,4.89,3294,19.0,4.872857142857143,2.0,176,2.0,7.1200845912161235,t,f,1,0,0,0,0,0,0,0,0,0,0,0,88.0
8,1.0,3.0,4.0,1,110,18,4.5,2998,14.0,4.571428571428571,24.0,18,2.0,7.509072901497296,f,f,1,1,0,0,0,0,0,0,0,0,0,0,225.0
2,1.5,1.0,1.0,90,365,4,5.0,720,324.0,4.964285714285714,2.0,360,2.0,0.8560842164477998,t,f,1,1,0,0,0,0,0,0,0,0,0,0,68.0
4,2.0,2.0,2.0,90,365,26,4.77,2387,54.0,4.748571428571428,8.0,2340,1.0,1.131681665644341,f,t,1,1,0,0,0,0,0,0,0,0,0,0,177.0
2,1.0,1.0,1.0,90,365,3,5.0,3720,402.0,5.0,2.0,270,1.0,1.7145407241144766,f,f,1,1,0,0,0,0,0,0,0,0,0,0,80.0
4,1.0,2.0,2.0,90,365,9,5.0,2721,283.0,4.905714285714287,8.0,810,3.0,5.685113329813836,f,f,1,1,0,0,0,0,0,0,0,0,0,0,143.0
4,1.0,2.0,3.0,2,30,52,4.83,3220,29.0,4.858571428571429,8.0,104,1.0,4.812770706524699,t,f,1,1,0,0,0,0,0,0,0,0,0,0,259.0
2,1.0,1.0,1.0,90,365,17,4.94,2387,80.0,4.9399999999999995,2.0,1530,1.0,3.0095399050923577,f,t,1,1,0,0,0,0,0,0,0,0,0,0,143.0
4,1.0,2.0,2.0,2,31,61,4.97,1371,4.0,4.9557142857142855,8.0,122,2.0,4.119533598245383,f,f,1,1,0,0,0,0,0,0,0,0,0,0,375.0
2,1.0,1.0,1.0,2,21,81,4.94,715,5.0,4.904285714285714,2.0,162,2.0,1.0559584190398241,t,f,1,1,0,0,0,0,0,0,0,0,0,0,289.0
3,1.0,2.0,2.0,2,700,35,4.83,2426,30.0,4.748571428571428,6.0,70,1.0,2.0286079540004454,f,f,1,1,0,0,0,0,0,0,0,0,0,0,251.0
2,1.0,1.0,1.0,90,120,83,4.67,713,116.0,4.691428571428572,2.0,7470,0.0,2.1049190443872514,f,f,1,1,0,0,0,0,0,0,0,0,0,0,103.0
2,1.0,1.0,1.0,1,31,88,4.91,5586,15.0,4.881428571428572,2.0,88,2.0,7.407202385431271,t,f,1,1,0,0,0,0,0,0,0,0,0,0,170.0
4,1.0,1.0,3.0,1,1125,184,4.88,712,7.0,4.847142857142857,4.0,184,2.0,2.4290386638115455,t,f,1,1,0,0,0,0,0,0,0,0,0,0,283.0
4,1.0,1.0,2.0,3,35,77,4.65,957,25.0,4.701428571428571,4.0,231,1.0,1.0559584190398241,,f,1,1,0,0,0,0,0,0,0,0,0,0,199.0
4,1.0,1.0,2.0,2,20,38,4.97,3396,10.0,4.942857142857143,4.0,76,2.0,6.445411875056768,t,f,1,1,0,0,0,0,0,0,0,0,0,0,161.0
2,1.0,1.0,1.0,2,365,34,4.97,2999,16.0,4.965714285714285,2.0,68,2.0,6.233099857924557,t,f,1,1,0,0,0,0,0,0,0,0,0,0,225.0
8,2.0,3.0,4.0,1,365,118,4.96,909,5.0,4.942857142857143,24.0,118,2.0,4.444864294690996,t,t,1,1,0,0,0,0,0,0,0,0,0,0,303.0
2,1.0,1.0,1.0,3,365,76,4.99,4016,12.0,4.9799999999999995,2.0,228,2.0,3.4452303972397034,t,f,1,1,0,0,0,0,0,0,0,0,0,0,218.0
2,1.0,1.0,1.0,1,365,138,4.75,710,4.0,4.7700000000000005,2.0,138,2.0,4.435568257751541,t,f,1,1,0,0,0,0,0,0,0,0,0,0,146.0
3,1.0,1.0,2.0,90,365,5,5.0,3227,476.0,5.0,3.0,450,1.0,4.311296902663353,f,f,1,1,0,0,0,0,0,0,0,0,0,0,95.0
4,1.0,2.0,2.0,1,30,43,4.6,1823,21.0,4.715714285714285,8.0,43,2.0,6.529276604517986,f,t,1,1,0,0,0,0,0,0,0,0,0,0,149.0
1,1.5,1.0,1.0,90,365,0,4.89,2621,0.0,4.892857142857143,1.0,0,,0.9136062739347408,f,f,1,1,0,0,0,0,0,0,0,0,0,0,289.0
2,1.0,1.0,1.0,90,600,0,4.89,3196,0.0,4.892857142857143,2.0,0,,2.6781649342868437,f,f,1,1,0,0,0,0,0,0,0,0,0,0,105.0
2,1.0,1.0,1.0,90,365,1,4.0,3959,297.0,4.285714285714286,2.0,90,2.0,0.7059841138793947,f,f,1,1,0,0,0,0,0,0,0,0,0,0,55.0
2,1.5,1.0,1.0,90,365,1,5.0,720,612.0,5.0,2.0,90,3.0,0.7848970098384505,t,f,1,1,0,0,0,0,0,0,0,0,0,0,100.0
2,1.0,1.0,1.0,3,1125,32,4.84,1494,7.0,4.862857142857143,2.0,96,2.0,2.5786027834458536,f,t,1,1,0,0,0,0,0,0,0,0,0,0,293.0
7,4.0,3.0,5.0,2,29,30,4.97,709,50.0,4.92,21.0,60,1.0,5.056982912626898,t,f,1,1,0,0,0,0,0,0,0,0,0,0,788.0
2,1.0,1.0,1.0,90,365,3,4.33,3988,294.0,4.808571428571428,2.0,270,3.0,2.7160676456613233,f,f,1,1,0,0,0,0,0,0,0,0,0,0,118.0
3,1.0,1.0,1.0,1,365,66,4.76,3328,22.0,4.7942857142857145,3.0,66,2.0,0.6046569350088116,f,t,1,1,0,0,0,0,0,0,0,0,0,0,396.0
4,1.0,2.0,2.0,3,60,35,4.94,707,12.0,4.908571428571428,8.0,105,2.0,5.966372384221893,t,f,1,1,0,0,0,0,0,0,0,0,0,0,216.0
2,1.0,1.0,1.0,90,365,2,5.0,3421,66.0,5.0,2.0,180,1.0,0.8093588697729223,,f,1,1,0,0,0,0,0,0,0,0,0,0,120.0
4,1.0,1.0,2.0,2,21,82,4.9,4035,4.0,4.885714285714286,4.0,164,2.0,4.3833499298016285,t,t,1,1,0,0,0,0,0,0,0,0,0,0,247.0
4,2.0,2.0,2.0,1,1125,86,4.9,3550,35.0,4.8428571428571425,8.0,86,1.0,0.9781043804147307,t,f,1,1,0,0,0,0,0,0,0,0,0,0,571.0
2,1.0,1.0,1.0,1,5,30,5.0,4404,4.0,4.975714285714285,2.0,30,2.0,4.156629927642697,f,f,1,1,0,0,0,0,0,0,0,0,0,0,225.0
12,4.0,7.0,7.0,2,365,45,4.89,2472,17.0,4.937142857142858,84.0,90,2.0,5.2138503374773455,t,t,1,1,0,0,0,0,0,0,0,0,0,0,523.0
4,1.0,2.0,2.0,2,30,90,4.89,3179,44.0,4.8342857142857145,8.0,180,1.0,0.3698928243984531,t,t,1,1,0,0,0,0,0,0,0,0,0,0,354.0
3,1.0,0.0,2.0,1,30,90,4.54,3609,35.0,4.660000000000001,0.0,90,1.0,2.494200898967791,f,f,1,1,0,0,0,0,0,0,0,0,0,0,130.0
2,1.0,1.0,1.0,90,365,2,5.0,3505,579.0,5.0,2.0,180,3.0,0.7335321222529047,f,f,1,1,0,0,0,0,0,0,0,0,0,0,182.0
4,1.5,2.0,2.0,90,365,0,4.89,720,0.0,4.892857142857143,8.0,0,,0.7284534095811988,t,f,1,1,0,0,0,0,0,0,0,0,0,0,160.0
5,1.0,2.0,4.0,1,365,157,4.9,3849,4.0,4.895714285714286,10.0,157,2.0,8.267563785673286,t,f,1,1,0,0,0,0,0,0,0,0,0,0,124.0
4,1.0,1.0,2.0,2,90,43,4.98,3794,5.0,4.924285714285714,4.0,86,2.0,3.8045267217353826,t,f,1,1,0,0,0,0,0,0,0,0,0,0,229.0
6,2.0,3.0,3.0,2,365,31,4.32,3163,51.0,4.3585714285714285,18.0,62,1.0,6.841944693511899,f,f,1,1,0,0,0,0,0,0,0,0,0,0,288.0
3,1.0,0.0,2.0,1,1125,74,4.95,2332,16.0,4.851428571428571,0.0,74,2.0,1.0886766033047666,t,f,1,1,0,0,0,0,0,0,0,0,0,0,298.0
2,1.0,1.0,1.0,1,365,6,4.67,5010,395.0,4.597142857142857,2.0,6,1.0,5.783372406620557,f,f,1,1,0,0,0,0,0,0,0,0,0,0,180.0
4,1.0,2.0,2.0,1,1125,62,4.98,4010,9.0,4.938571428571429,8.0,62,2.0,6.103330441958112,t,t,1,1,0,0,0,0,0,0,0,0,0,0,266.0
10,4.5,4.0,4.0,2,31,10,5.0,702,330.0,4.928571428571429,40.0,20,2.0,8.529573607305641,t,f,1,1,0,0,0,0,0,0,0,0,0,0,807.0
4,1.0,1.0,2.0,1,365,97,4.88,714,5.0,4.865714285714286,4.0,97,2.0,0.5032824757777669,t,t,1,1,0,0,0,0,0,0,0,0,0,0,380.0
1,1.0,1.0,1.0,4,365,1,5.0,2584,58.0,4.857142857142857,1.0,4,1.0,6.989601090723054,t,f,1,1,0,0,0,0,0,0,0,0,0,0,110.0
4,1.0,2.0,2.0,3,32,68,4.91,3553,7.0,4.875714285714286,8.0,204,2.0,0.9270367361877156,t,f,1,1,0,0,0,0,0,0,0,0,0,0,554.0
2,1.5,2.0,3.0,90,1125,0,4.89,4003,0.0,4.892857142857143,4.0,0,,0.9064639256576227,f,f,1,1,0,0,0,0,0,0,0,0,0,0,139.0
8,2.0,2.0,4.0,2,90,40,4.9,699,23.0,4.825714285714286,16.0,80,2.0,0.9240052431816764,,t,1,1,0,0,0,0,0,0,0,0,0,0,506.0
4,1.0,1.0,2.0,1,29,42,4.95,2168,10.0,4.8757142857142854,4.0,42,2.0,5.004983887306322,t,f,1,1,0,0,0,0,0,0,0,0,0,0,175.0
5,1.0,2.0,3.0,2,28,103,4.82,699,23.0,4.782857142857142,10.0,206,2.0,7.480369342232758,f,t,1,1,0,0,0,0,0,0,0,0,0,0,135.0
5,1.5,2.0,2.0,2,100,6,4.83,702,351.0,4.808571428571428,10.0,12,2.0,8.531968502646217,t,f,1,1,0,0,0,0,0,0,0,0,0,0,182.0
8,2.0,3.0,3.0,3,365,29,5.0,699,8.0,4.962857142857142,24.0,87,2.0,4.474319195366984,f,f,1,1,0,0,0,0,0,0,0,0,0,0,388.0
2,1.0,1.0,1.0,90,365,0,4.89,2149,0.0,4.892857142857143,2.0,0,,3.6636506632139887,f,f,1,1,0,0,0,0,0,0,0,0,0,0,135.0
4,2.0,2.0,2.0,90,365,4,5.0,944,284.0,4.964285714285714,8.0,360,3.0,0.749772215972454,f,f,1,1,0,0,0,0,0,0,0,0,0,0,260.0
4,2.0,2.0,2.0,90,365,4,4.75,2387,424.0,4.785714285714286,8.0,360,1.0,2.3348108379103363,f,t,1,1,0,0,0,0,0,0,0,0,0,0,239.0
4,2.0,2.0,2.0,90,365,9,5.0,2387,5.0,4.8585714285714285,8.0,810,2.0,2.510191023432441,f,t,1,1,0,0,0,0,0,0,0,0,0,0,153.0
4,1.0,1.0,2.0,2,1125,112,4.85,1569,19.0,4.859999999999999,4.0,224,2.0,0.3919782787313048,t,f,1,1,0,0,0,0,0,0,0,0,0,0,224.0
4,2.0,2.0,2.0,90,365,7,5.0,2387,80.0,5.0,8.0,630,1.0,2.3262583776461394,f,t,1,1,0,0,0,0,0,0,0,0,0,0,173.0
2,1.0,1.0,1.0,90,365,3,5.0,2387,221.0,4.857142857142857,2.0,270,3.0,2.352246500214855,f,t,1,1,0,0,0,0,0,0,0,0,0,0,109.0
2,1.0,1.0,1.0,90,365,4,5.0,2387,164.0,4.928571428571429,2.0,360,0.0,2.3631795186941296,f,t,1,1,0,0,0,0,0,0,0,0,0,0,105.0
2,1.0,1.0,1.0,1,365,60,4.78,3693,19.0,4.661428571428572,2.0,60,2.0,1.5239757884968352,f,f,1,1,0,0,0,0,0,0,0,0,0,0,154.0
4,1.0,2.0,2.0,2,365,72,4.96,697,10.0,4.909999999999999,8.0,144,2.0,3.60111383960304,t,t,1,1,0,0,0,0,0,0,0,0,0,0,316.0
4,2.5,2.0,2.0,180,365,0,4.89,3496,0.0,4.892857142857143,8.0,0,,1.4691993264608325,f,t,1,1,0,0,0,0,0,0,0,0,0,0,500.0
6,1.0,2.0,3.0,1,30,133,4.92,1041,13.0,4.918571428571428,12.0,133,2.0,4.278921972485199,t,f,1,1,0,0,0,0,0,0,0,0,0,0,245.0
1,1.5,1.0,1.0,2,90,71,4.94,3534,7.0,4.905714285714285,1.0,142,2.0,4.079861929453422,t,t,1,1,0,0,0,0,0,0,0,0,0,0,127.0
2,1.0,1.0,1.0,1,1125,104,4.62,1428,18.0,4.664285714285714,2.0,104,2.0,7.61802361717154,f,f,1,1,0,0,0,0,0,0,0,0,0,0,86.0
4,2.0,2.0,3.0,2,30,1,5.0,3122,596.0,5.0,8.0,2,3.0,4.05631979927665,f,f,1,1,0,0,0,0,0,0,0,0,0,0,475.0
6,1.5,3.0,3.0,1,14,125,4.96,2506,8.0,4.945714285714287,18.0,125,2.0,6.537219417103574,t,t,1,1,0,0,0,0,0,0,0,0,0,0,288.0
4,1.0,1.0,3.0,90,365,24,4.79,1952,35.0,4.828571428571429,4.0,2160,1.0,8.03643592055621,f,t,1,1,0,0,0,0,0,0,0,0,0,0,369.0
4,1.0,2.0,2.0,2,28,43,4.67,791,15.0,4.717142857142858,8.0,86,2.0,0.9799087044576981,f,t,1,1,0,0,0,0,0,0,0,0,0,0,217.0
2,1.0,0.0,1.0,90,730,3,4.67,2872,671.0,4.8585714285714285,0.0,270,2.0,2.942292947502818,t,f,1,1,0,0,0,0,0,0,0,0,0,0,110.0
2,1.5,1.0,1.0,2,15,34,5.0,3661,4.0,4.941428571428571,2.0,68,2.0,5.759805426429774,t,f,1,1,0,0,0,0,0,0,0,0,0,0,123.0
4,2.5,2.0,2.0,1,15,14,4.93,3661,248.0,4.96,8.0,14,3.0,5.8497869557553335,t,f,1,1,0,0,0,0,0,0,0,0,0,0,238.0
2,1.0,1.0,1.0,2,90,97,4.85,3630,22.0,4.832857142857144,2.0,194,2.0,4.019616538489563,t,f,1,1,0,0,0,0,0,0,0,0,0,0,115.0
2,1.0,1.0,1.0,90,365,4,5.0,2387,192.0,5.0,2.0,360,0.0,2.3566166563236783,f,t,1,1,0,0,0,0,0,0,0,0,0,0,206.0
2,1.0,1.0,1.0,90,365,7,4.57,2387,175.0,4.7542857142857144,2.0,630,0.0,2.485225562246242,f,t,1,1,0,0,0,0,0,0,0,0,0,0,162.0
2,1.0,1.0,1.0,90,365,6,4.83,2387,74.0,4.8100000000000005,2.0,540,1.0,2.3300366933754195,f,t,1,1,0,0,0,0,0,0,0,0,0,0,122.0
4,1.0,1.0,2.0,90,360,5,5.0,2208,69.0,4.971428571428571,4.0,450,1.0,4.104932729413385,t,f,1,1,0,0,0,0,0,0,0,0,0,0,139.0
5,1.0,2.0,2.0,2,28,17,4.71,5045,30.0,4.755714285714285,10.0,34,1.0,5.247791900361888,f,f,1,1,0,0,0,0,0,0,0,0,0,0,297.0
4,2.0,2.0,2.0,90,365,3,4.67,1188,235.0,4.905714285714287,8.0,270,3.0,2.356023087946437,f,t,1,1,0,0,0,0,0,0,0,0,0,0,162.0
4,2.0,2.0,2.0,1,90,21,4.81,692,26.0,4.827142857142857,8.0,21,1.0,5.981757268241237,f,f,1,1,0,0,0,0,0,0,0,0,0,0,310.0
3,1.0,1.0,1.0,1,1125,23,4.57,1239,87.0,4.442857142857143,3.0,23,1.0,1.8536153588407,f,f,1,1,0,0,0,0,0,0,0,0,0,0,220.0
2,1.0,1.0,1.0,90,365,4,4.75,2545,304.0,4.714285714285714,2.0,360,2.0,2.8173616054665027,f,t,1,1,0,0,0,0,0,0,0,0,0,0,160.0
6,2.0,3.0,4.0,2,365,69,4.91,1202,8.0,4.864285714285714,18.0,138,2.0,1.013395872108738,t,f,1,1,0,0,0,0,0,0,0,0,0,0,756.0
6,3.5,3.0,4.0,2,365,16,4.88,3309,275.0,4.85,18.0,32,3.0,7.73728317480163,t,f,1,1,0,0,0,0,0,0,0,0,0,0,282.0
4,1.0,2.0,2.0,1,365,11,4.45,2932,14.0,4.688571428571429,8.0,11,2.0,6.677269849605244,f,t,1,1,0,0,0,0,0,0,0,0,0,0,174.0
5,1.0,2.0,3.0,1,180,115,4.72,690,11.0,4.7299999999999995,10.0,115,2.0,1.0371729944627048,f,t,1,1,0,0,0,0,0,0,0,0,0,0,364.0
3,1.0,1.0,1.0,90,365,6,5.0,3209,116.0,4.832857142857143,3.0,540,0.0,4.226093407515087,t,f,1,1,0,0,0,0,0,0,0,0,0,0,150.0
3,1.0,1.0,2.0,1,365,131,4.92,3616,18.0,4.909999999999999,3.0,131,2.0,2.4416644094453908,t,f,1,1,0,0,0,0,0,0,0,0,0,0,177.0
4,1.0,1.0,2.0,1,15,169,4.86,688,4.0,4.88,4.0,169,2.0,4.9168019827068825,t,f,1,1,0,0,0,0,0,0,0,0,0,0,161.0
2,2.0,2.0,2.0,90,365,0,4.89,4046,0.0,4.892857142857143,4.0,0,,2.7515951777066228,f,f,1,1,0,0,0,0,0,0,0,0,0,0,150.0
2,1.0,1.0,2.0,2,365,18,4.94,4087,22.0,4.815714285714286,2.0,36,2.0,2.6979058018883904,t,f,1,0,0,0,0,0,0,0,0,0,0,0,180.0
2,1.0,1.0,1.0,90,300,6,5.0,2208,189.0,4.975714285714285,2.0,540,0.0,4.104932729413385,t,f,1,1,0,0,0,0,0,0,0,0,0,0,139.0
4,1.0,2.0,2.0,90,300,6,4.83,2208,169.0,4.6657142857142855,8.0,540,0.0,0.36790953491205364,t,f,1,1,0,0,0,0,0,0,0,0,0,0,130.0
2,1.0,1.0,1.0,90,365,9,5.0,2387,174.0,4.984285714285714,2.0,810,0.0,2.5777150884605065,f,t,1,1,0,0,0,0,0,0,0,0,0,0,109.0
4,2.0,2.0,2.0,90,365,4,4.5,2387,330.0,4.785714285714286,8.0,360,2.0,2.3524748762137957,f,t,1,1,0,0,0,0,0,0,0,0,0,0,173.0
5,1.5,3.0,3.0,1,18,84,4.99,4773,9.0,4.951428571428572,15.0,84,2.0,4.359303486342763,t,f,1,1,0,0,0,0,0,0,0,0,0,0,465.0
8,2.0,4.0,5.0,2,365,51,4.78,2282,8.0,4.814285714285715,32.0,102,2.0,5.814542453196167,f,f,1,1,0,0,0,0,0,0,0,0,0,0,425.0
4,1.0,0.0,2.0,90,365,133,4.89,1999,10.0,4.824285714285715,0.0,11970,2.0,1.3339701720709092,t,f,1,0,0,0,0,0,0,0,0,0,0,0,262.0
10,2.0,4.0,4.0,2,45,0,4.89,1294,0.0,4.892857142857143,40.0,0,,6.801404016636333,f,t,1,1,0,0,0,0,0,0,0,0,0,0,664.0
5,1.0,2.0,3.0,1,1125,127,4.97,1065,8.0,4.952857142857143,10.0,127,2.0,6.618287897924108,t,f,1,1,0,0,0,0,0,0,0,0,0,0,204.0
6,2.0,2.0,3.0,1,365,26,5.0,4724,9.0,4.942857142857143,12.0,26,2.0,0.9240052431816764,t,f,1,1,0,0,0,0,0,0,0,0,0,0,373.0
5,2.0,2.0,2.0,1,28,118,4.71,749,16.0,4.761428571428572,10.0,118,2.0,0.6949576500549484,f,f,1,1,0,0,0,0,0,0,0,0,0,0,477.0
1,1.0,1.0,1.0,2,365,24,4.58,1453,48.0,4.482857142857143,1.0,48,1.0,7.91109224528133,f,f,1,1,0,0,0,0,0,0,0,0,0,0,52.0
5,1.0,2.0,2.0,2,30,60,4.87,2797,107.0,4.902857142857143,10.0,120,1.0,6.411620508455873,t,f,1,1,0,0,0,0,0,0,0,0,0,0,185.0
2,1.0,1.0,1.0,1,365,6,4.83,2932,296.0,4.902857142857143,2.0,6,3.0,6.677269849605244,f,t,1,1,0,0,0,0,0,0,0,0,0,0,72.0
2,1.0,1.0,2.0,2,365,42,4.9,3586,16.0,4.852857142857142,2.0,84,2.0,2.0055768538030594,t,f,1,1,0,0,0,0,0,0,0,0,0,0,206.0
3,1.0,1.0,2.0,1,85,0,4.89,4819,0.0,4.892857142857143,3.0,0,,3.789365174410621,t,f,1,1,0,0,0,0,0,0,0,0,0,0,225.0
2,1.0,1.0,1.0,90,270,4,5.0,681,72.0,5.0,2.0,360,1.0,3.7040895397212226,f,f,1,1,0,0,0,0,0,0,0,0,0,0,110.0
10,2.0,4.0,5.0,1,30,51,4.92,2571,15.0,4.914285714285714,40.0,51,2.0,6.2429004784279805,t,t,1,1,0,0,0,0,0,0,0,0,0,0,675.0
5,1.0,2.0,3.0,2,90,63,4.97,3657,12.0,4.945714285714286,10.0,126,2.0,0.9551194739993885,t,f,1,1,0,0,0,0,0,0,0,0,0,0,355.0
8,2.0,3.0,5.0,2,365,57,4.81,3423,27.0,4.817142857142857,24.0,114,1.0,6.610366258951316,t,t,1,1,0,0,0,0,0,0,0,0,0,0,253.0
1,1.5,3.0,3.0,90,700,0,4.89,736,0.0,4.892857142857143,3.0,0,,7.400381136546332,f,t,1,1,0,0,0,0,0,0,0,0,0,0,223.0
2,1.0,1.0,1.0,1,5,35,4.83,4884,9.0,4.845714285714286,2.0,35,2.0,7.065946654314578,t,f,1,1,0,0,0,0,0,0,0,0,0,0,80.0
3,1.0,1.0,1.0,1,60,74,4.85,5267,12.0,4.877142857142857,3.0,74,2.0,2.5912748665250467,,f,1,1,0,0,0,0,0,0,0,0,0,0,228.0
6,1.5,3.0,3.0,2,1125,107,4.99,840,16.0,4.9314285714285715,18.0,214,2.0,7.007379468158612,t,t,1,1,0,0,0,0,0,0,0,0,0,0,384.0
6,2.0,2.0,2.0,90,365,3,5.0,678,38.0,5.0,12.0,270,1.0,0.4453477838783299,t,f,1,1,0,0,0,0,0,0,0,0,0,0,356.0
5,1.0,2.0,3.0,2,29,57,4.89,677,7.0,4.908571428571428,10.0,114,2.0,6.0532533567945,t,f,1,1,0,0,0,0,0,0,0,0,0,0,293.0
3,1.0,1.0,2.0,2,89,62,4.69,677,29.0,4.814285714285715,3.0,124,1.0,6.810211429659447,f,f,1,1,0,0,0,0,0,0,0,0,0,0,125.0
2,1.0,1.0,1.0,2,365,3,5.0,1750,16.0,5.0,2.0,6,2.0,1.2544989907200192,f,f,1,1,0,0,0,0,0,0,0,0,0,0,296.0
5,1.0,2.0,3.0,1,730,29,4.9,2933,57.0,4.868571428571428,10.0,29,1.0,1.1826305646416588,t,f,1,1,0,0,0,0,0,0,0,0,0,0,592.0
5,2.5,3.0,3.0,1,120,50,5.0,4050,8.0,4.994285714285715,15.0,50,2.0,4.386469624381267,t,f,1,1,0,0,0,0,0,0,0,0,0,0,541.0
5,1.0,3.0,3.0,3,29,59,4.95,4363,4.0,4.934285714285714,15.0,177,2.0,5.824227905668142,t,f,1,1,0,0,0,0,0,0,0,0,0,0,214.0
2,1.0,1.0,1.0,1,5,34,4.85,4884,24.0,4.841428571428572,2.0,34,1.0,7.0357209748521194,t,f,1,1,0,0,0,0,0,0,0,0,0,0,81.0
6,1.0,1.0,1.0,2,365,0,4.89,2472,0.0,4.892857142857143,6.0,0,,5.170412651806515,t,f,1,1,0,0,0,0,0,0,0,0,0,0,240.0
2,1.0,1.0,1.0,4,30,38,4.97,4084,8.0,4.97,2.0,152,2.0,4.090304020131225,f,f,1,1,0,0,0,0,0,0,0,0,0,0,234.0
4,1.0,1.0,2.0,2,365,47,4.64,2471,24.0,4.688571428571429,4.0,94,1.0,7.806921344610627,f,t,1,1,0,0,0,0,0,0,0,0,0,0,150.0
2,1.5,1.0,1.0,1,365,144,4.85,5629,5.0,4.847142857142857,2.0,144,2.0,6.149764935213772,t,t,1,1,0,0,0,0,0,0,0,0,0,0,99.0
1,1.0,1.0,1.0,90,365,0,4.89,3405,0.0,4.892857142857143,1.0,0,,8.188369663837422,t,f,1,1,0,0,0,0,0,0,0,0,0,0,40.0
2,1.0,1.0,1.0,6,14,30,4.97,2504,7.0,4.952857142857142,2.0,180,2.0,3.1219159086106294,t,f,1,1,0,0,0,0,0,0,0,0,0,0,119.0
4,1.0,1.0,2.0,1,365,61,4.7,2896,22.0,4.761428571428572,4.0,61,2.0,6.7630350045000105,f,f,1,1,0,0,0,0,0,0,0,0,0,0,144.0
10,3.0,5.0,4.0,2,365,29,4.76,4165,9.0,4.798571428571428,50.0,58,2.0,7.43987205290053,f,f,1,1,0,0,0,0,0,0,0,0,0,0,625.0
2,1.0,1.0,1.0,1,365,2,5.0,2500,197.0,5.0,2.0,2,0.0,5.152256382120041,t,f,1,1,0,0,0,0,0,0,0,0,0,0,176.0
2,1.0,1.0,1.0,1,365,6,5.0,2500,198.0,4.951428571428571,2.0,6,0.0,5.02182852156554,t,t,1,1,0,0,0,0,0,0,0,0,0,0,176.0
6,2.0,2.0,3.0,2,365,59,4.63,4110,4.0,4.675714285714286,12.0,118,2.0,0.9439417388415099,f,f,1,1,0,0,0,0,0,0,0,0,0,0,305.0
2,1.0,1.0,1.0,1,14,69,4.94,4105,7.0,4.875714285714286,2.0,69,2.0,1.043299417712024,t,f,1,1,0,0,0,0,0,0,0,0,0,0,244.0
6,2.5,2.0,3.0,2,89,91,4.78,954,15.0,4.784285714285715,12.0,182,2.0,0.850976157589525,t,f,1,1,0,0,0,0,0,0,0,0,0,0,480.0
4,1.0,1.0,2.0,2,60,73,4.89,2986,6.0,4.912857142857143,4.0,146,2.0,6.369016152758763,t,f,1,1,0,0,0,0,0,0,0,0,0,0,147.0
4,1.0,2.0,2.0,6,90,63,4.98,4080,6.0,4.968571428571429,8.0,378,2.0,4.902456808495178,t,f,1,1,0,0,0,0,0,0,0,0,0,0,192.0
5,2.0,2.0,2.0,1,365,12,5.0,693,296.0,4.93,10.0,12,3.0,1.0768460812589074,t,t,1,1,0,0,0,0,0,0,0,0,0,0,428.0
6,2.0,2.0,3.0,2,28,44,4.95,665,23.0,4.93,12.0,88,2.0,0.6175612926492305,t,f,1,1,0,0,0,0,0,0,0,0,0,0,764.0
2,1.0,1.0,1.0,2,29,43,4.81,665,8.0,4.838571428571428,2.0,86,2.0,5.8301787360661255,t,f,1,1,0,0,0,0,0,0,0,0,0,0,137.0
2,1.0,0.0,1.0,90,365,5,5.0,3955,172.0,4.828571428571429,0.0,450,0.0,1.1316258341980032,,f,1,1,0,0,0,0,0,0,0,0,0,0,72.0
4,1.0,2.0,3.0,2,365,9,5.0,3497,16.0,4.905714285714287,8.0,18,2.0,0.9871039365440855,t,f,1,1,0,0,0,0,0,0,0,0,0,0,336.0
3,1.0,1.0,1.0,90,365,6,4.83,2202,283.0,4.785714285714286,3.0,540,3.0,1.6607228976677149,t,t,1,1,0,0,0,0,0,0,0,0,0,0,200.0
8,1.0,3.0,4.0,90,365,123,4.74,773,8.0,4.76,24.0,11070,2.0,4.969121065179536,f,t,1,1,0,0,0,0,0,0,0,0,0,0,208.0
2,1.0,1.0,1.0,90,1125,0,4.89,819,0.0,4.892857142857143,2.0,0,,6.112785658833438,f,t,1,1,0,0,0,0,0,0,0,0,0,0,126.0
6,2.0,2.0,3.0,2,365,80,4.8,663,8.0,4.782857142857142,12.0,160,2.0,1.159807554048091,f,f,1,1,0,0,0,0,0,0,0,0,0,0,374.0
6,2.0,2.0,3.0,1,90,157,4.9,2948,5.0,4.884285714285714,12.0,157,2.0,1.0483909181143922,f,t,1,0,0,0,0,0,0,0,0,0,0,0,415.0
6,1.0,1.0,3.0,90,365,4,4.5,672,29.0,4.392857142857143,6.0,360,1.0,1.0176930046916135,f,t,1,1,0,0,0,0,0,0,0,0,0,0,544.0
8,3.0,3.0,3.0,180,365,0,4.89,3316,0.0,4.892857142857143,24.0,0,,0.9808434557227831,f,t,1,1,0,0,0,0,0,0,0,0,0,0,500.0
4,1.0,1.0,1.0,2,90,26,4.69,2985,8.0,4.768571428571428,4.0,52,2.0,0.9240052431816764,f,f,1,1,0,0,0,0,0,0,0,0,0,0,246.0
8,2.5,3.0,4.0,3,1125,21,5.0,2099,198.0,4.869999999999999,24.0,63,0.0,4.01469912551431,f,f,1,1,0,0,0,0,0,0,0,0,0,0,1061.0
4,1.0,1.0,2.0,2,14,67,4.87,3209,24.0,4.869999999999999,4.0,134,1.0,0.6270538044693083,t,t,1,1,0,0,0,0,0,0,0,0,0,0,291.0
4,3.0,3.0,4.0,90,365,0,4.89,1938,0.0,4.892857142857143,12.0,0,,6.185890951967644,f,t,1,1,0,0,0,0,0,0,0,0,0,0,200.0
4,2.0,2.0,2.0,2,90,72,4.88,4290,23.0,4.855714285714285,8.0,144,2.0,0.9717147298416786,t,f,1,1,0,0,0,0,0,0,0,0,0,0,367.0
4,2.0,2.0,2.0,2,365,46,4.8,657,9.0,4.812857142857142,8.0,92,2.0,8.29526653682775,f,t,1,0,0,0,0,0,0,0,0,0,0,0,188.0
1,1.0,1.0,1.0,90,365,2,5.0,3405,253.0,4.857142857142857,1.0,180,3.0,8.188369663837422,t,f,1,1,0,0,0,0,0,0,0,0,0,0,40.0
2,1.0,1.0,1.0,1,365,58,4.97,4095,38.0,4.925714285714286,2.0,58,1.0,6.40809642443672,t,f,1,1,0,0,0,0,0,0,0,0,0,0,85.0
1,1.0,1.0,1.0,90,365,1,5.0,3405,237.0,5.0,1.0,90,3.0,8.188369663837422,t,f,1,1,0,0,0,0,0,0,0,0,0,0,40.0
3,1.0,1.0,1.0,90,365,1,3.0,3115,413.0,4.142857142857143,3.0,90,1.0,5.781970701203054,f,f,1,1,0,0,0,0,0,0,0,0,0,0,144.0
6,3.0,3.0,3.0,2,10,28,4.57,3015,14.0,4.642857142857143,18.0,56,2.0,8.18284435661015,f,f,1,1,0,0,0,0,0,0,0,0,0,0,334.0
2,1.0,1.0,1.0,90,365,4,5.0,2387,210.0,5.0,2.0,360,3.0,2.2300622066011173,f,t,1,1,0,0,0,0,0,0,0,0,0,0,187.0
4,2.0,2.0,3.0,2,28,11,5.0,3844,32.0,4.948571428571428,8.0,22,1.0,7.404432163294494,f,t,1,1,0,0,0,0,0,0,0,0,0,0,296.0
4,1.0,2.0,4.0,2,28,72,4.94,656,7.0,4.935714285714285,8.0,144,2.0,5.997682055231147,t,f,1,1,0,0,0,0,0,0,0,0,0,0,170.0
5,1.0,2.0,3.0,2,365,48,4.85,655,10.0,4.872857142857143,10.0,96,2.0,7.048499567860385,t,f,0,1,0,0,0,0,0,0,0,0,0,0,180.0
2,1.0,1.0,1.0,3,1125,82,5.0,909,9.0,4.960000000000001,2.0,246,2.0,1.6784384792355016,t,f,1,1,0,0,0,0,0,0,0,0,0,0,270.0
4,1.0,2.0,3.0,1,120,76,4.8,3034,11.0,4.777142857142857,8.0,76,2.0,1.0612895526160442,t,f,1,1,0,0,0,0,0,0,0,0,0,0,259.0
4,1.0,1.0,2.0,2,100,57,4.81,3440,23.0,4.764285714285714,4.0,114,2.0,1.0605361034267557,t,f,1,1,0,0,0,0,0,0,0,0,0,0,190.0
2,1.0,1.0,1.0,1,365,2,2.0,2462,360.0,2.5714285714285716,2.0,2,2.0,3.9947011576309226,f,f,1,1,0,0,0,0,0,0,0,0,0,0,108.0
2,1.0,0.0,1.0,90,730,34,4.94,653,156.0,4.914285714285714,0.0,3060,0.0,1.2190253794990271,f,f,0,1,0,0,0,0,0,0,0,0,0,0,165.0
4,1.0,2.0,3.0,4,25,41,4.63,652,4.0,4.808571428571428,8.0,164,2.0,5.532690623347026,f,f,1,1,0,0,0,0,0,0,0,0,0,0,159.0
1,1.0,1.0,1.0,90,129,0,4.89,652,0.0,4.892857142857143,1.0,0,,6.207061047857444,f,f,1,1,0,0,0,0,0,0,0,0,0,0,62.0
4,2.0,2.0,2.0,90,365,1,5.0,3189,199.0,4.857142857142857,8.0,90,0.0,1.0115295700157532,t,f,1,1,0,0,0,0,0,0,0,0,0,0,179.0
4,2.0,2.0,2.0,90,365,3,5.0,3189,455.0,4.904285714285714,8.0,270,1.0,1.2072275289647685,t,f,1,1,0,0,0,0,0,0,0,0,0,0,219.0
5,1.0,2.0,2.0,1,1125,32,4.81,1239,18.0,4.680000000000001,10.0,32,2.0,1.7339018089117408,f,f,1,1,0,0,0,0,0,0,0,0,0,0,192.0
4,2.0,2.0,2.0,90,365,1,3.0,3189,601.0,3.5714285714285716,8.0,90,3.0,0.3547121678116682,t,f,1,1,0,0,0,0,0,0,0,0,0,0,208.0
4,1.0,1.0,2.0,2,365,48,4.6,2036,8.0,4.632857142857143,4.0,96,2.0,0.27707869264079604,f,f,1,1,0,0,0,0,0,0,0,0,0,0,173.0
4,1.0,1.0,2.0,2,28,63,4.9,651,20.0,4.944285714285714,4.0,126,2.0,6.902184634620012,t,f,1,1,0,0,0,0,0,0,0,0,0,0,157.0
4,1.0,2.0,2.0,90,365,24,4.88,2295,13.0,4.828571428571429,8.0,2160,2.0,2.230521633205758,t,t,1,1,0,0,0,0,0,0,0,0,0,0,230.0
3,1.0,2.0,1.0,90,365,17,4.59,1957,296.0,4.478571428571429,6.0,1530,3.0,2.8323324064077857,f,t,1,1,0,0,0,0,0,0,0,0,0,0,256.0
3,2.0,1.0,2.0,2,1125,107,4.97,677,4.0,4.95,3.0,214,2.0,7.005637666104809,t,t,1,1,0,0,0,0,0,0,0,0,0,0,179.0
6,2.0,2.0,3.0,3,365,85,4.8,3243,7.0,4.845714285714286,12.0,255,2.0,0.919875637696147,t,f,1,1,0,0,0,0,0,0,0,0,0,0,261.0
3,1.0,1.0,1.0,2,5,48,4.96,2946,7.0,4.877142857142857,3.0,96,2.0,2.515140338619909,t,f,1,1,0,0,0,0,0,0,0,0,0,0,198.0
4,2.0,2.0,2.0,2,1125,44,4.7,3913,14.0,4.805714285714286,8.0,88,2.0,5.458031511674248,f,f,1,1,0,0,0,0,0,0,0,0,0,0,286.0
2,1.0,1.0,1.0,91,365,6,5.0,3812,213.0,4.975714285714285,2.0,546,3.0,0.17624461982040524,t,f,1,1,0,0,0,0,0,0,0,0,0,0,319.0
8,3.0,4.0,4.0,1,365,70,4.8,708,23.0,4.795714285714287,32.0,70,2.0,7.44384201153159,f,t,1,1,0,0,0,0,0,0,0,0,0,0,433.0
2,1.0,1.0,2.0,3,60,39,4.74,3687,16.0,4.75,2.0,117,2.0,4.656800771002211,t,f,1,1,0,0,0,0,0,0,0,0,0,0,99.0
4,1.0,1.0,2.0,2,180,70,4.9,4196,27.0,4.868571428571428,4.0,140,1.0,0.9289294383032022,f,f,1,1,0,0,0,0,0,0,0,0,0,0,192.0
2,1.5,1.0,1.0,2,365,52,4.92,648,10.0,4.912857142857143,2.0,104,2.0,3.275240517111459,t,f,1,1,0,0,0,0,0,0,0,0,0,0,122.0
4,1.0,2.0,3.0,1,365,20,5.0,1080,17.0,4.964285714285714,8.0,20,2.0,0.8373980671010205,t,t,1,1,0,0,0,0,0,0,0,0,0,0,555.0
8,2.0,3.0,4.0,1,365,90,4.89,1959,4.0,4.868571428571428,24.0,90,2.0,7.965588942697762,t,t,1,1,0,0,0,0,0,0,0,0,0,0,323.0
3,1.0,1.0,1.0,1,365,6,5.0,738,87.0,4.904285714285714,3.0,6,1.0,0.9055885313379621,t,t,1,1,0,0,0,0,0,0,0,0,0,0,339.0
5,1.0,2.0,3.0,90,180,96,5.0,3040,6.0,4.9471428571428575,10.0,8640,2.0,7.874777392396273,t,f,1,1,0,0,0,0,0,0,0,0,0,0,231.0
3,1.0,1.0,1.0,90,365,40,5.0,1102,44.0,4.918571428571428,3.0,3600,1.0,2.15044622931887,t,t,1,1,0,0,0,0,0,0,0,0,0,0,321.0
2,1.5,1.0,1.0,2,365,56,4.82,648,18.0,4.812857142857142,2.0,112,2.0,3.4477563269926192,t,f,1,1,0,0,0,0,0,0,0,0,0,0,150.0
2,1.0,1.0,1.0,1,1125,28,4.86,3109,23.0,4.932857142857143,2.0,28,2.0,3.7656380928403816,f,t,1,1,0,0,0,0,0,0,0,0,0,0,211.0
2,1.5,1.0,1.0,1,365,20,4.95,2043,12.0,4.871428571428571,2.0,20,2.0,5.359188905848448,t,t,1,1,0,0,0,0,0,0,0,0,0,0,169.0
4,1.0,1.0,2.0,1,365,18,4.78,793,21.0,4.792857142857144,4.0,18,2.0,0.39760762167723096,t,t,1,1,0,0,0,0,0,0,0,0,0,0,405.0
2,1.0,1.0,1.0,1,365,1,2.0,2462,393.0,2.5714285714285716,2.0,1,1.0,3.8989265984079373,f,f,1,1,0,0,0,0,0,0,0,0,0,0,135.0
4,1.0,1.0,2.0,1,365,9,5.0,807,39.0,4.952857142857143,4.0,9,1.0,0.49765345452091725,t,t,1,1,0,0,0,0,0,0,0,0,0,0,351.0
2,1.0,1.0,1.0,90,365,7,5.0,2545,56.0,5.0,2.0,630,1.0,3.5356376599741233,f,f,1,1,0,0,0,0,0,0,0,0,0,0,223.0
2,1.0,0.0,2.0,90,365,4,5.0,5781,185.0,5.0,0.0,360,0.0,7.291299888194789,,f,1,1,0,0,0,0,0,0,0,0,0,0,79.0
3,1.0,1.0,2.0,2,28,66,4.86,644,8.0,4.901428571428572,3.0,132,2.0,3.5338973150750363,t,f,1,1,0,0,0,0,0,0,0,0,0,0,200.0
3,1.0,1.0,2.0,90,365,3,4.67,4525,129.0,4.7628571428571425,3.0,270,0.0,0.8630448908771967,f,f,1,1,0,0,0,0,0,0,0,0,0,0,97.0
1,0.0,1.0,1.0,90,180,10,5.0,3359,389.0,4.971428571428571,1.0,900,1.0,8.068166259231546,t,f,1,1,0,0,0,0,0,0,0,0,0,0,61.0
8,2.0,4.0,4.0,90,365,39,4.56,2051,32.0,4.595714285714285,32.0,3510,1.0,8.634376891125164,f,f,1,1,0,0,0,0,0,0,0,0,0,0,239.0
4,1.0,1.0,2.0,2,30,35,4.97,642,10.0,4.945714285714286,4.0,70,2.0,0.46896365034688914,t,f,1,1,0,0,0,0,0,0,0,0,0,0,402.0
10,5.0,5.0,6.0,2,27,27,4.85,2477,10.0,4.829999999999999,50.0,54,2.0,8.988518695516829,t,f,1,1,0,0,0,0,0,0,0,0,0,0,932.0
2,1.0,1.0,1.0,90,90,3,4.67,971,215.0,4.8100000000000005,2.0,270,3.0,1.7659328003407428,f,f,1,1,0,0,0,0,0,0,0,0,0,0,120.0
2,1.0,1.0,1.0,90,365,7,5.0,2387,101.0,4.774285714285715,2.0,630,1.0,2.8127480446899114,f,t,1,1,0,0,0,0,0,0,0,0,0,0,144.0
4,1.0,2.0,2.0,1,365,7,3.43,714,331.0,3.7542857142857144,8.0,7,2.0,0.8417663928974017,f,t,1,1,0,0,0,0,0,0,0,0,0,0,328.0
2,1.0,1.0,0.0,1,365,2,5.0,1160,618.0,5.0,2.0,2,3.0,7.024052651560214,f,f,0,1,0,0,0,0,0,0,0,0,0,0,199.0
2,1.0,1.0,1.0,1,90,4,4.25,1160,606.0,4.321428571428571,2.0,4,3.0,7.193639621915465,f,f,0,1,0,0,0,0,0,0,0,0,0,0,139.0
2,1.5,1.0,1.0,1,365,1,5.0,1160,629.0,5.0,2.0,1,3.0,6.995425160907994,f,f,0,1,0,0,0,0,0,0,0,0,0,0,199.0
2,1.0,1.0,1.0,2,365,8,5.0,694,537.0,4.964285714285714,2.0,16,0.0,7.075507212813992,f,t,1,1,0,0,0,0,0,0,0,0,0,0,149.0
2,1.5,1.0,1.0,1,365,1,5.0,1160,265.0,5.0,2.0,1,3.0,7.205183538256676,f,f,0,1,0,0,0,0,0,0,0,0,0,0,299.0
2,1.0,1.0,1.0,2,20,19,4.84,1440,15.0,4.872857142857143,2.0,38,2.0,4.286488639485249,t,f,1,1,0,0,0,0,0,0,0,0,0,0,81.0
1,1.0,1.0,1.0,90,365,7,4.86,3405,188.0,4.797142857142857,1.0,630,0.0,8.215079543775143,t,f,1,1,0,0,0,0,0,0,0,0,0,0,40.0
8,2.0,3.0,5.0,3,365,66,4.86,2836,29.0,4.858571428571429,24.0,198,1.0,1.0473024093069072,t,t,1,1,0,0,0,0,0,0,0,0,0,0,456.0
4,2.0,2.0,2.0,180,365,2,5.0,1640,297.0,4.785714285714286,8.0,360,2.0,1.206925200001695,f,f,1,1,0,0,0,0,0,0,0,0,0,0,187.0
2,1.0,1.0,1.0,3,28,45,4.91,3502,8.0,4.904285714285714,2.0,135,2.0,5.478199180973955,f,f,1,1,0,0,0,0,0,0,0,0,0,0,152.0
2,1.0,1.0,1.0,90,365,8,4.88,2387,52.0,4.877142857142857,2.0,720,1.0,2.8849381447579265,f,t,1,1,0,0,0,0,0,0,0,0,0,0,87.0
7,1.0,3.0,4.0,90,365,158,4.87,949,11.0,4.852857142857142,21.0,14220,2.0,2.2157795654269967,t,f,1,1,0,0,0,0,0,0,0,0,0,0,352.0
2,1.0,1.0,1.0,4,28,50,4.96,637,8.0,4.951428571428571,2.0,200,2.0,0.9608838784424454,t,f,1,1,0,0,0,0,0,0,0,0,0,0,149.0
4,2.0,2.0,3.0,1,365,104,4.66,3514,24.0,4.68,8.0,104,1.0,0.5440506510862213,f,t,0,1,0,0,0,0,0,0,0,0,0,0,518.0
1,1.0,1.0,1.0,90,90,2,5.0,4334,401.0,5.0,1.0,180,1.0,1.1942400851103425,t,f,1,1,0,0,0,0,0,0,0,0,0,0,66.0
7,2.0,3.0,5.0,90,365,173,4.9,1999,8.0,4.864285714285714,21.0,15570,2.0,0.8813338164915803,t,f,1,0,0,0,0,0,0,0,0,0,0,0,482.0
4,1.0,1.0,2.0,3,90,68,4.81,637,10.0,4.807142857142857,4.0,204,2.0,0.6712429353838825,f,f,1,1,0,0,0,0,0,0,0,0,0,0,297.0
2,1.0,1.0,1.0,1,14,98,4.96,3085,5.0,4.952857142857143,2.0,98,2.0,5.0155698149407835,t,f,1,1,0,0,0,0,0,0,0,0,0,0,149.0
5,1.0,2.0,3.0,90,200,5,5.0,702,24.0,4.942857142857143,10.0,450,1.0,7.717939138875765,t,f,0,1,0,0,0,0,0,0,0,0,0,0,494.0
6,2.0,1.0,3.0,1,365,25,4.6,652,38.0,4.571428571428571,6.0,25,1.0,1.0035516255793788,f,f,1,1,0,0,0,0,0,0,0,0,0,0,629.0
8,2.0,3.0,4.0,1,365,84,4.71,1305,8.0,4.728571428571429,24.0,84,2.0,6.7626514320707996,t,f,1,1,0,0,0,0,0,0,0,0,0,0,333.0
3,1.5,1.0,2.0,2,30,18,4.61,635,28.0,4.7542857142857144,3.0,36,1.0,7.031745875670219,t,f,1,1,0,0,0,0,0,0,0,0,0,0,312.0
2,1.0,1.0,2.0,2,28,48,4.88,2308,7.0,4.908571428571428,2.0,96,2.0,7.706921094077629,t,f,1,1,0,0,0,0,0,0,0,0,0,0,140.0
4,1.0,1.0,2.0,2,100,47,4.7,2128,16.0,4.76,4.0,94,2.0,5.846182546158008,,f,1,1,0,0,0,0,0,0,0,0,0,0,96.0
10,3.0,3.0,5.0,1,365,104,4.96,2569,14.0,4.918571428571428,30.0,104,2.0,6.233267015284925,t,t,1,1,0,0,0,0,0,0,0,0,0,0,554.0
6,2.0,2.0,4.0,2,29,55,4.91,693,24.0,4.881428571428572,12.0,110,1.0,0.9240052431816764,t,f,1,1,0,0,0,0,0,0,0,0,0,0,592.0
3,1.0,1.0,1.0,90,730,2,5.0,631,276.0,4.928571428571429,3.0,180,3.0,0.4916030573983321,t,t,0,1,0,0,0,0,0,0,0,0,0,0,387.0
3,1.0,1.0,0.0,1,365,1,5.0,637,379.0,5.0,3.0,1,2.0,0.9504633040053007,t,f,1,1,0,0,0,0,0,0,0,0,0,0,279.0
16,5.0,8.0,11.0,2,1125,8,4.5,924,23.0,4.557142857142856,128.0,16,2.0,7.047782714938182,f,f,1,1,0,0,0,0,0,0,0,0,0,0,1124.0
1,1.5,1.0,1.0,1,180,49,4.69,771,4.0,4.7128571428571435,1.0,49,2.0,7.065760821007396,f,f,1,1,0,0,0,0,0,0,0,0,0,0,71.0
2,1.0,1.0,1.0,2,42,73,4.77,3141,15.0,4.824285714285714,2.0,146,2.0,6.664225734107303,f,f,1,1,0,0,0,0,0,0,0,0,0,0,143.0
2,1.0,1.0,1.0,90,1125,7,5.0,1664,184.0,4.938571428571429,2.0,630,0.0,0.28716280838048663,t,t,1,1,0,0,0,0,0,0,0,0,0,0,136.0
5,2.0,2.0,4.0,90,200,7,5.0,702,240.0,4.96,10.0,630,3.0,7.369273991191954,t,f,0,1,0,0,0,0,0,0,0,0,0,0,458.0
2,1.0,1.0,1.0,1,50,77,4.61,629,20.0,4.767142857142857,2.0,77,2.0,6.703329258290988,f,f,1,1,0,0,0,0,0,0,0,0,0,0,86.0
4,1.0,2.0,2.0,1,30,43,4.81,1390,39.0,4.785714285714286,8.0,43,1.0,6.748876708386637,,f,1,1,0,0,0,0,0,0,0,0,0,0,238.0
2,1.0,1.0,1.0,91,365,0,4.89,981,0.0,4.892857142857143,2.0,0,,8.410506868850083,f,f,1,1,0,0,0,0,0,0,0,0,0,0,56.0
2,1.0,1.0,2.0,91,360,102,4.89,654,260.0,4.775714285714286,2.0,9282,3.0,1.0614683215080356,t,f,1,1,0,0,0,0,0,0,0,0,0,0,135.0
5,2.0,2.0,2.0,90,365,0,4.89,5782,0.0,4.892857142857143,10.0,0,,0.7254023859611473,f,f,1,1,0,0,0,0,0,0,0,0,0,0,335.0
6,3.0,6.0,6.0,90,365,0,4.89,630,0.0,4.892857142857143,36.0,0,,3.5952631881399615,f,f,0,1,0,0,0,0,0,0,0,0,0,0,104.0
6,2.0,2.0,3.0,2,365,71,4.96,626,10.0,4.9628571428571435,12.0,142,2.0,6.687809600846158,t,f,1,1,0,0,0,0,0,0,0,0,0,0,251.0
2,1.0,1.0,1.0,90,365,3,4.0,630,23.0,4.524285714285715,2.0,270,2.0,3.6270759853990726,f,f,0,1,0,0,0,0,0,0,0,0,0,0,152.0
4,2.0,2.0,2.0,90,90,3,4.67,927,288.0,4.381428571428572,8.0,270,3.0,0.43717830318289824,f,t,1,1,0,0,0,0,0,0,0,0,0,0,459.0
2,1.0,1.0,1.0,90,365,2,5.0,1640,236.0,5.0,2.0,180,3.0,0.4474828638397993,f,f,1,1,0,0,0,0,0,0,0,0,0,0,167.0
3,1.0,1.0,2.0,1,365,135,4.93,686,9.0,4.875714285714286,3.0,135,2.0,1.6141208821724242,t,t,1,1,0,0,0,0,0,0,0,0,0,0,161.0
4,1.5,2.0,2.0,1,30,22,4.95,1390,57.0,4.9399999999999995,8.0,22,1.0,5.927984720714494,,f,1,1,0,0,0,0,0,0,0,0,0,0,256.0
2,1.0,1.0,1.0,90,365,5,5.0,1640,180.0,4.971428571428571,2.0,450,0.0,0.4027222240832082,f,f,1,1,0,0,0,0,0,0,0,0,0,0,120.0
12,4.0,5.0,8.0,2,28,36,4.86,1965,24.0,4.888571428571429,60.0,72,1.0,4.176717097153636,f,f,1,1,0,0,0,0,0,0,0,0,0,0,771.0
2,1.0,1.0,1.0,90,365,1,4.0,3189,524.0,4.571428571428571,2.0,90,0.0,0.9824177298056327,t,f,1,1,0,0,0,0,0,0,0,0,0,0,115.0
2,1.0,1.0,1.0,2,365,47,4.79,4612,24.0,4.797142857142857,2.0,94,1.0,4.72829716054152,f,f,1,1,0,0,0,0,0,0,0,0,0,0,164.0
3,1.0,2.0,2.0,90,200,2,5.0,702,233.0,5.0,6.0,180,3.0,7.457542755791133,t,f,0,1,0,0,0,0,0,0,0,0,0,0,350.0
10,4.5,4.0,5.0,90,200,3,5.0,702,31.0,5.0,40.0,270,1.0,6.974699471264382,t,f,0,1,0,0,0,0,0,0,0,0,0,0,1929.0
4,1.0,1.0,3.0,90,365,3,5.0,3404,86.0,5.0,4.0,270,1.0,6.831757025990418,t,f,1,1,0,0,0,0,0,0,0,0,0,0,175.0
4,1.0,2.0,2.0,3,30,90,4.94,3332,5.0,4.921428571428572,8.0,270,2.0,4.523116835773582,t,f,1,1,0,0,0,0,0,0,0,0,0,0,149.0
10,4.5,5.0,5.0,2,7,64,5.0,615,7.0,4.984285714285714,50.0,128,2.0,7.8545733098045245,f,f,1,1,0,0,0,0,0,0,0,0,0,0,769.0
3,1.0,1.0,1.0,1,37,74,4.7,3365,6.0,4.751428571428571,3.0,74,2.0,2.528951472109446,f,f,1,1,0,0,0,0,0,0,0,0,0,0,236.0
5,1.0,1.0,3.0,90,365,13,4.69,872,57.0,4.724285714285714,5.0,1170,1.0,2.6776251581345596,f,f,1,1,0,0,0,0,0,0,0,0,0,0,212.0
3,1.0,2.0,2.0,90,365,2,5.0,1198,226.0,4.928571428571429,6.0,180,3.0,0.6280943272738598,t,f,1,1,0,0,0,0,0,0,0,0,0,0,208.0
2,1.0,1.0,1.0,90,365,6,5.0,3184,191.0,5.0,2.0,540,0.0,0.3456861879513552,t,f,1,1,0,0,0,0,0,0,0,0,0,0,156.0
4,1.0,2.0,3.0,90,365,8,4.75,3748,24.0,4.824285714285714,8.0,720,1.0,4.291384482060971,f,f,1,1,0,0,0,0,0,0,0,0,0,0,125.0
8,3.5,4.0,4.0,90,730,47,5.0,783,196.0,4.942857142857143,32.0,4230,0.0,8.506207223230664,t,f,1,1,0,0,0,0,0,0,0,0,0,0,220.0
2,1.0,1.0,2.0,90,730,27,5.0,4610,268.0,4.967142857142858,2.0,2430,3.0,2.457274657525729,f,f,1,1,0,0,0,0,0,0,0,0,0,0,119.0
4,1.0,1.0,1.0,1,365,88,4.69,2530,17.0,4.654285714285714,4.0,88,2.0,1.087720262487888,f,t,1,1,0,0,0,0,0,0,0,0,0,0,156.0
6,2.5,3.0,4.0,90,365,35,4.89,666,30.0,4.869999999999999,18.0,3150,1.0,6.999005518005671,f,t,1,1,0,0,0,0,0,0,0,0,0,0,498.0
2,1.0,1.0,2.0,3,30,11,4.82,3998,284.0,4.845714285714286,2.0,33,3.0,6.287378093549192,t,f,1,1,0,0,0,0,0,0,0,0,0,0,82.0
2,1.0,1.0,1.0,1,120,37,4.7,771,7.0,4.732857142857142,2.0,37,2.0,7.222319267712954,f,t,1,1,0,0,0,0,0,0,0,0,0,0,63.0
3,1.0,1.0,2.0,2,365,36,5.0,2485,10.0,4.987142857142857,3.0,72,2.0,8.981127962516789,t,f,1,1,0,0,0,0,0,0,0,0,0,0,153.0
2,1.0,1.0,1.0,90,365,6,4.67,2387,54.0,4.571428571428571,2.0,540,1.0,3.108276048067618,f,t,1,1,0,0,0,0,0,0,0,0,0,0,136.0
2,1.0,1.0,1.0,2,28,56,4.96,3615,16.0,4.9557142857142855,2.0,112,2.0,7.840745798555906,t,f,1,1,0,0,0,0,0,0,0,0,0,0,119.0
2,1.0,0.0,1.0,1,365,107,4.99,4072,7.0,4.982857142857143,0.0,107,2.0,0.3399684458535339,t,f,1,1,0,0,0,0,0,0,0,0,0,0,215.0
1,1.5,1.0,1.0,30,180,14,4.71,771,200.0,4.651428571428572,1.0,420,0.0,7.116654236552741,f,f,1,1,0,0,0,0,0,0,0,0,0,0,53.0
2,1.0,1.0,1.0,1,365,93,4.82,3945,17.0,4.831428571428572,2.0,93,2.0,3.8597881647284167,t,f,1,1,0,0,0,0,0,0,0,0,0,0,93.0
2,1.0,1.0,1.0,90,365,0,4.89,3273,0.0,4.892857142857143,2.0,0,,1.1994323991721114,f,f,1,1,0,0,0,0,0,0,0,0,0,0,205.0
4,2.0,2.0,3.0,2,28,48,4.92,766,11.0,4.8914285714285715,8.0,96,2.0,0.36790953491205364,t,f,1,1,0,0,0,0,0,0,0,0,0,0,570.0
9,1.0,3.0,5.0,2,365,43,4.86,786,10.0,4.825714285714286,27.0,86,2.0,8.33544117320704,t,t,1,1,0,0,0,0,0,0,0,0,0,0,295.0
4,1.0,1.0,2.0,90,365,0,4.89,2073,0.0,4.892857142857143,4.0,0,,0.8531714046988896,f,f,1,1,0,0,0,0,0,0,0,0,0,0,400.0
8,4.0,4.0,4.0,3,14,25,4.88,607,10.0,4.9314285714285715,32.0,75,2.0,4.256580720617408,t,f,1,1,0,0,0,0,0,0,0,0,0,0,372.0
2,1.0,1.0,1.0,3,30,20,4.95,3409,21.0,4.935714285714285,2.0,60,2.0,6.848167395768851,t,f,1,1,0,0,0,0,0,0,0,0,0,0,225.0
4,2.0,2.0,4.0,91,365,1,5.0,2519,309.0,5.0,8.0,91,2.0,0.5432497627778645,f,f,1,1,0,0,0,0,0,0,0,0,0,0,497.0
2,1.0,1.0,2.0,365,365,2,5.0,3309,538.0,5.0,2.0,730,0.0,3.4004888513089058,t,f,1,1,0,0,0,0,0,0,0,0,0,0,227.0
2,1.0,1.0,2.0,90,100,1,5.0,5006,273.0,5.0,2.0,90,3.0,4.7413026583546865,f,f,1,1,0,0,0,0,0,0,0,0,0,0,99.0
2,1.0,1.0,4.0,2,30,111,4.97,1377,39.0,4.9557142857142855,2.0,222,1.0,4.123336374963788,t,f,1,1,0,0,0,0,0,0,0,0,0,0,153.0
2,1.0,1.0,1.0,1,365,9,4.67,2921,60.0,4.748571428571429,2.0,9,1.0,5.8198319042096305,f,f,1,1,0,0,0,0,0,0,0,0,0,0,180.0
2,1.0,1.0,1.0,2,14,98,4.84,604,12.0,4.857142857142857,2.0,196,2.0,0.485799758357184,t,f,1,1,0,0,0,0,0,0,0,0,0,0,189.0
2,1.0,1.0,1.0,2,365,72,4.86,3316,22.0,4.884285714285714,2.0,144,2.0,7.845341012265466,t,f,1,1,0,0,0,0,0,0,0,0,0,0,146.0
3,1.0,1.0,2.0,2,365,53,4.92,3931,15.0,4.845714285714286,3.0,106,2.0,1.6141208821724242,t,f,1,1,0,0,0,0,0,0,0,0,0,0,371.0
4,3.0,2.0,2.0,180,365,0,4.89,2253,0.0,4.892857142857143,8.0,0,,0.9467498380571366,f,t,0,1,0,0,0,0,0,0,0,0,0,0,250.0
4,1.0,1.0,2.0,2,24,42,4.88,4029,5.0,4.797142857142857,4.0,84,2.0,1.0614683215080356,t,f,1,1,0,0,0,0,0,0,0,0,0,0,238.0
6,2.0,3.0,3.0,1,90,71,4.63,1823,21.0,4.618571428571428,18.0,71,2.0,1.1532973697654103,f,t,1,1,0,0,0,0,0,0,0,0,0,0,265.0
4,1.0,2.0,2.0,2,30,92,4.95,605,15.0,4.9542857142857155,8.0,184,2.0,7.6744907435031635,t,f,1,1,0,0,0,0,0,0,0,0,0,0,163.0
2,1.0,1.0,1.0,90,390,1,5.0,3595,450.0,5.0,2.0,90,1.0,7.110280313472575,f,f,1,1,0,0,0,0,0,0,0,0,0,0,29.0
2,1.0,1.0,1.0,90,365,5,4.6,2387,8.0,4.6571428571428575,2.0,450,2.0,3.1153785961666363,f,t,1,1,0,0,0,0,0,0,0,0,0,0,143.0
3,1.0,1.0,2.0,1,7,88,4.86,1285,10.0,4.861428571428571,3.0,88,2.0,2.7829067661884284,t,f,1,1,0,0,0,0,0,0,0,0,0,0,173.0
6,2.0,3.0,3.0,4,180,12,4.83,767,175.0,4.795714285714285,18.0,48,0.0,6.396387212536933,t,f,1,1,0,0,0,0,0,0,0,0,0,0,467.0
4,2.0,1.0,3.0,90,120,1,5.0,2045,292.0,3.857142857142857,4.0,90,3.0,3.0263697677850554,t,t,1,1,0,0,0,0,0,0,0,0,0,0,285.0
5,2.0,2.0,3.0,1,60,87,4.94,693,7.0,4.88,10.0,87,2.0,1.0612895526160442,t,f,1,1,0,0,0,0,0,0,0,0,0,0,333.0
2,1.0,1.0,1.0,1,30,98,4.95,4520,8.0,4.924285714285714,2.0,98,2.0,7.967351546285034,t,f,1,1,0,0,0,0,0,0,0,0,0,0,157.0
8,2.5,4.0,4.0,3,365,7,5.0,2646,172.0,4.9799999999999995,32.0,21,0.0,6.812956426670889,t,t,1,1,0,0,0,0,0,0,0,0,0,0,672.0
2,1.0,1.0,1.0,90,180,5,5.0,2002,9.0,4.971428571428571,2.0,450,2.0,7.697761265506037,t,f,1,1,0,0,0,0,0,0,0,0,0,0,83.0
2,1.0,1.0,1.0,5,59,21,4.81,3480,19.0,4.768571428571428,2.0,105,2.0,3.7859743504914265,t,f,1,1,0,0,0,0,0,0,0,0,0,0,208.0
6,2.0,2.0,3.0,2,365,47,4.79,598,30.0,4.814285714285715,12.0,94,1.0,0.9237923298012403,f,t,1,1,0,0,0,0,0,0,0,0,0,0,287.0
2,2.0,1.0,1.0,4,180,23,4.91,767,8.0,4.905714285714287,2.0,92,2.0,6.449176413992092,t,f,1,1,0,0,0,0,0,0,0,0,0,0,116.0
6,1.5,2.0,4.0,1,20,84,4.81,3784,20.0,4.781428571428571,12.0,84,2.0,6.37474402790476,t,f,1,1,0,0,0,0,0,0,0,0,0,0,139.0
5,2.5,3.0,3.0,6,90,17,4.94,1293,22.0,4.831428571428572,15.0,102,2.0,4.587606709357239,t,t,1,1,0,0,0,0,0,0,0,0,0,0,311.0
2,1.0,1.0,1.0,90,365,5,4.6,2387,85.0,4.828571428571428,2.0,450,1.0,2.902266370854832,f,t,1,1,0,0,0,0,0,0,0,0,0,0,109.0
6,2.0,2.0,3.0,2,1125,81,4.91,593,30.0,4.905714285714287,12.0,162,1.0,7.196358390049169,t,f,1,1,0,0,0,0,0,0,0,0,0,0,200.0
6,2.0,2.0,3.0,2,90,93,4.95,615,9.0,4.928571428571429,12.0,186,2.0,0.7966781896199722,t,t,1,1,0,0,0,0,0,0,0,0,0,0,489.0
4,2.0,2.0,2.0,1,365,66,4.86,766,5.0,4.875714285714286,8.0,66,2.0,0.4863851192879216,t,t,1,1,0,0,0,0,0,0,0,0,0,0,262.0
1,2.0,3.0,3.0,90,180,0,4.89,1176,0.0,4.892857142857143,3.0,0,,0.7432050051770506,f,f,1,1,0,0,0,0,0,0,0,0,0,0,114.0
2,1.0,0.0,1.0,90,365,3,5.0,5703,220.0,4.952857142857143,0.0,270,3.0,4.038404355291072,t,f,1,1,0,0,0,0,0,0,0,0,0,0,95.0
2,1.0,1.0,1.0,1,365,15,4.8,2168,8.0,4.828571428571429,2.0,15,2.0,5.004983887306322,t,f,1,1,0,0,0,0,0,0,0,0,0,0,91.0
4,2.0,2.0,3.0,2,29,65,4.86,592,21.0,4.875714285714286,8.0,130,2.0,8.256026313303131,t,f,1,0,0,0,0,0,0,0,0,0,0,0,137.0
4,1.0,2.0,3.0,2,28,31,4.87,4091,16.0,4.852857142857142,8.0,62,2.0,6.4458331218576355,f,f,1,1,0,0,0,0,0,0,0,0,0,0,148.0
2,1.0,1.0,1.0,90,180,0,4.89,597,0.0,4.892857142857143,2.0,0,,2.546162645614446,f,t,0,1,0,0,0,0,0,0,0,0,0,0,120.0
2,1.0,1.0,2.0,90,180,0,4.89,597,0.0,4.892857142857143,2.0,0,,2.64359030828965,f,t,0,1,0,0,0,0,0,0,0,0,0,0,110.0
2,1.0,1.0,1.0,90,180,3,5.0,597,389.0,4.761428571428572,2.0,270,1.0,2.64359030828965,f,t,0,1,0,0,0,0,0,0,0,0,0,0,70.0
10,3.0,4.0,5.0,1,365,0,4.89,2338,0.0,4.892857142857143,40.0,0,,6.570429050549367,t,f,1,1,0,0,0,0,0,0,0,0,0,0,367.0
4,2.0,2.0,2.0,2,365,0,4.89,2338,0.0,4.892857142857143,8.0,0,,6.619533751867251,t,t,1,1,0,0,0,0,0,0,0,0,0,0,189.0
2,1.0,2.0,2.0,2,365,91,4.96,590,11.0,4.95,4.0,182,2.0,1.971456628293996,t,f,1,1,0,0,0,0,0,0,0,0,0,0,244.0
2,1.0,1.0,1.0,90,180,0,4.89,597,0.0,4.892857142857143,2.0,0,,2.638434172717335,f,t,0,1,0,0,0,0,0,0,0,0,0,0,137.0
4,1.0,1.0,2.0,2,90,53,4.83,3061,11.0,4.808571428571429,4.0,106,2.0,1.6374134122239248,t,t,1,1,0,0,0,0,0,0,0,0,0,0,257.0
6,1.0,2.0,3.0,1,10,48,4.77,1364,15.0,4.824285714285715,12.0,48,2.0,7.50789414028725,f,t,1,1,0,0,0,0,0,0,0,0,0,0,189.0
4,2.0,2.0,2.0,2,27,54,4.87,2195,10.0,4.832857142857143,8.0,108,2.0,1.1229533789581412,t,f,1,1,0,0,0,0,0,0,0,0,0,0,326.0
2,1.0,1.0,1.0,90,180,3,3.67,597,580.0,3.5728571428571425,2.0,270,3.0,2.5410938611107152,f,f,0,1,0,0,0,0,0,0,0,0,0,0,70.0
4,1.0,1.0,2.0,1,365,91,4.73,592,14.0,4.781428571428571,4.0,91,2.0,0.9300375078217408,t,t,1,1,0,0,0,0,0,0,0,0,0,0,445.0
6,1.0,2.0,3.0,2,365,22,4.77,2984,156.0,4.855714285714285,12.0,44,0.0,4.7254202543816435,f,t,1,1,0,0,0,0,0,0,0,0,0,0,299.0
4,1.0,1.0,2.0,2,365,78,4.85,588,19.0,4.8914285714285715,4.0,156,2.0,1.0549489788657906,f,f,1,1,0,0,0,0,0,0,0,0,0,0,202.0
2,1.0,1.0,1.0,90,365,8,5.0,2387,80.0,4.928571428571429,2.0,720,1.0,2.50578726879528,f,t,1,1,0,0,0,0,0,0,0,0,0,0,119.0
2,1.0,1.0,1.0,2,365,90,4.96,3276,6.0,4.9471428571428575,2.0,180,2.0,5.2073727166043895,t,t,1,1,0,0,0,0,0,0,0,0,0,0,159.0
6,2.0,3.0,4.0,2,180,15,5.0,3211,8.0,4.961428571428571,18.0,30,2.0,0.9606762856678025,t,f,1,1,0,0,0,0,0,0,0,0,0,0,538.0
2,1.0,1.0,1.0,90,180,0,4.89,597,0.0,4.892857142857143,2.0,0,,2.64359030828965,f,t,0,1,0,0,0,0,0,0,0,0,0,0,154.0
1,1.0,1.0,1.0,90,180,0,4.89,597,0.0,4.892857142857143,1.0,0,,2.6433930511989905,f,t,0,1,0,0,0,0,0,0,0,0,0,0,80.0
2,1.0,1.0,1.0,90,180,0,4.89,597,0.0,4.892857142857143,2.0,0,,2.64359030828965,f,t,0,1,0,0,0,0,0,0,0,0,0,0,130.0
1,1.0,1.0,1.0,90,180,1,1.0,597,540.0,2.4285714285714284,1.0,90,0.0,2.64359030828965,f,t,0,1,0,0,0,0,0,0,0,0,0,0,74.0
4,1.0,2.0,2.0,5,730,37,4.95,611,22.0,4.924285714285714,8.0,185,2.0,6.4941072458844475,t,f,1,1,0,0,0,0,0,0,0,0,0,0,168.0
4,2.0,1.0,2.0,2,365,7,5.0,3904,73.0,4.835714285714286,4.0,14,1.0,2.9704444582595797,,f,1,1,0,0,0,0,0,0,0,0,0,0,142.0
1,1.0,1.0,1.0,90,365,7,5.0,690,59.0,4.8185714285714285,1.0,630,1.0,7.041046249179697,t,f,1,1,0,0,0,0,0,0,0,0,0,0,40.0
2,1.0,1.0,2.0,90,365,34,4.82,2387,12.0,4.838571428571428,2.0,3060,2.0,0.2824580490375474,f,t,1,1,0,0,0,0,0,0,0,0,0,0,338.0
4,1.0,1.0,2.0,90,1125,82,4.82,773,24.0,4.855714285714286,4.0,7380,1.0,0.32035943506672815,f,f,1,1,0,0,0,0,0,0,0,0,0,0,332.0
4,1.0,1.0,2.0,90,365,54,4.81,729,9.0,4.822857142857143,4.0,4860,2.0,1.5496765791205098,f,t,1,1,0,0,0,0,0,0,0,0,0,0,314.0
2,1.0,1.0,1.0,90,180,1,4.0,597,577.0,4.285714285714286,2.0,90,3.0,2.64359030828965,f,t,0,1,0,0,0,0,0,0,0,0,0,0,140.0
2,1.0,1.0,1.0,90,180,1,3.0,597,499.0,3.857142857142857,2.0,90,0.0,2.6433930511989905,f,t,0,1,0,0,0,0,0,0,0,0,0,0,146.0
6,1.0,2.0,2.0,1,730,61,4.74,1305,27.0,4.74,12.0,61,1.0,6.537485478966105,t,f,1,1,0,0,0,0,0,0,0,0,0,0,230.0
4,1.0,1.0,2.0,3,80,79,4.87,581,18.0,4.871428571428572,4.0,237,2.0,3.199907181896993,t,f,1,1,0,0,0,0,0,0,0,0,0,0,345.0
2,1.0,1.0,1.0,90,365,7,4.86,4369,154.0,4.797142857142857,2.0,630,0.0,2.319061157393164,t,f,1,1,0,0,0,0,0,0,0,0,0,0,120.0
4,2.0,2.0,2.0,2,365,84,4.88,4747,8.0,4.8757142857142854,8.0,168,2.0,0.5220602777697438,t,t,1,1,0,0,0,0,0,0,0,0,0,0,357.0
6,2.0,2.0,3.0,2,90,47,4.85,580,14.0,4.862857142857143,12.0,94,2.0,6.169832148352368,t,f,1,1,0,0,0,0,0,0,0,0,0,0,231.0
2,1.0,1.0,1.0,3,26,29,5.0,5320,302.0,4.975714285714285,2.0,87,2.0,0.36790953491205364,t,f,1,1,0,0,0,0,0,0,0,0,0,0,285.0
14,3.0,6.0,8.0,1,28,37,4.92,618,24.0,4.93,84.0,37,1.0,7.58944497893036,t,f,1,1,0,0,0,0,0,0,0,0,0,0,638.0
1,1.0,1.0,1.0,7,180,25,5.0,3426,322.0,4.96,1.0,175,2.0,8.110440957880972,t,f,1,1,0,0,0,0,0,0,0,0,0,0,60.0
4,1.0,1.0,1.0,90,365,4,5.0,685,85.0,5.0,4.0,360,1.0,0.2578958482847461,t,f,1,1,0,0,0,0,0,0,0,0,0,0,110.0
10,4.0,6.0,6.0,3,365,29,4.97,991,16.0,4.971428571428571,60.0,87,2.0,4.443836248665809,t,f,1,1,0,0,0,0,0,0,0,0,0,0,976.0
6,2.0,2.0,3.0,1,365,1,3.0,2338,16.0,4.142857142857143,12.0,1,2.0,6.602392992480933,t,t,1,1,0,0,0,0,0,0,0,0,0,0,209.0
2,1.0,1.0,1.0,90,180,4,4.5,597,233.0,4.25,2.0,360,3.0,2.5525749130720077,f,t,0,1,0,0,0,0,0,0,0,0,0,0,120.0
6,2.5,2.0,3.0,2,28,94,4.99,1423,12.0,4.937142857142858,12.0,188,2.0,0.8238809947429576,t,f,1,1,0,0,0,0,0,0,0,0,0,0,1010.0
2,1.0,1.0,1.0,90,180,0,4.89,597,0.0,4.892857142857143,2.0,0,,2.5684345713896386,f,t,0,1,0,0,0,0,0,0,0,0,0,0,148.0
2,1.0,1.0,1.0,1,365,98,4.92,2346,6.0,4.925714285714285,2.0,98,2.0,8.193348225517058,t,f,1,1,0,0,0,0,0,0,0,0,0,0,78.0
2,1.0,1.0,1.0,90,180,0,4.89,597,0.0,4.892857142857143,2.0,0,,2.5565305336596866,f,t,0,1,0,0,0,0,0,0,0,0,0,0,161.0
4,1.0,3.0,2.0,7,1125,37,4.89,3955,16.0,4.938571428571429,12.0,259,2.0,7.431953484247999,f,f,1,1,0,0,0,0,0,0,0,0,0,0,139.0
2,1.5,1.0,1.0,1,365,18,4.5,2448,22.0,4.588571428571428,2.0,18,2.0,6.31229073493933,f,t,1,1,0,0,0,0,0,0,0,0,0,0,108.0
8,3.0,4.0,4.0,1,365,66,4.8,572,25.0,4.857142857142857,32.0,66,1.0,7.8378597947169695,t,f,1,1,0,0,0,0,0,0,0,0,0,0,582.0
5,1.5,2.0,3.0,1,365,2,2.0,2448,30.0,3.142857142857143,10.0,2,1.0,5.536826983185572,f,t,1,1,0,0,0,0,0,0,0,0,0,0,200.0
2,1.5,1.0,1.0,1,365,32,4.53,2448,58.0,4.537142857142857,2.0,32,1.0,6.219423596519145,f,t,1,1,0,0,0,0,0,0,0,0,0,0,136.0
4,1.0,1.0,2.0,2,150,71,4.94,570,5.0,4.908571428571428,4.0,142,2.0,1.055265591075924,t,f,1,1,0,0,0,0,0,0,0,0,0,0,228.0
4,2.5,2.0,2.0,90,365,3,5.0,1559,208.0,4.667142857142857,8.0,270,3.0,7.754074187645944,t,f,1,1,0,0,0,0,0,0,0,0,0,0,200.0
4,1.0,2.0,3.0,2,365,13,4.85,3045,25.0,4.88,8.0,26,1.0,6.343042249854747,f,f,1,1,0,0,0,0,0,0,0,0,0,0,169.0
4,1.0,2.0,3.0,3,365,34,4.74,568,26.0,4.694285714285714,8.0,102,1.0,1.0135009623036673,f,f,1,1,0,0,0,0,0,0,0,0,0,0,271.0
2,1.0,1.0,1.0,90,365,7,4.71,2387,54.0,4.734285714285714,2.0,630,1.0,3.22937076112813,f,t,1,1,0,0,0,0,0,0,0,0,0,0,224.0
2,1.0,1.0,1.0,90,365,6,4.83,2387,24.0,4.785714285714286,2.0,540,1.0,2.702919138694646,f,t,1,1,0,0,0,0,0,0,0,0,0,0,102.0
2,1.0,1.0,1.0,90,365,3,4.67,637,52.0,4.667142857142857,2.0,270,1.0,6.5601195665868195,f,f,1,1,0,0,0,0,0,0,0,0,0,0,53.0
6,2.0,2.0,3.0,2,28,65,4.85,566,18.0,4.8514285714285705,12.0,130,2.0,2.5549281545943847,t,f,1,1,0,0,0,0,0,0,0,0,0,0,382.0
3,1.0,1.0,2.0,1,365,37,4.86,690,8.0,4.8757142857142854,3.0,37,2.0,7.718643784269342,t,f,0,1,0,0,0,0,0,0,0,0,0,0,150.0
2,1.0,1.0,1.0,3,30,51,4.84,566,90.0,4.8742857142857146,2.0,153,1.0,1.7922128198898934,t,t,1,1,0,0,0,0,0,0,0,0,0,0,234.0
3,1.0,1.0,2.0,4,31,55,4.8,4112,15.0,4.702857142857143,3.0,220,2.0,2.714271910266568,t,f,1,1,0,0,0,0,0,0,0,0,0,0,130.0
8,1.5,3.0,4.0,1,2,104,4.86,773,14.0,4.818571428571429,24.0,104,2.0,9.639593155732667,f,t,1,1,0,0,0,0,0,0,0,0,0,0,178.0
4,1.0,2.0,3.0,3,14,38,4.89,2365,28.0,4.905714285714285,8.0,114,1.0,2.3386091608585584,t,f,1,1,0,0,0,0,0,0,0,0,0,0,314.0
3,1.0,1.0,2.0,2,14,44,4.8,3309,9.0,4.811428571428571,3.0,88,2.0,2.5264004371115423,t,f,1,1,0,0,0,0,0,0,0,0,0,0,151.0
2,1.0,1.0,1.0,1,365,115,4.42,1005,18.0,4.574285714285714,2.0,115,2.0,6.556107586626853,f,t,0,1,0,0,0,0,0,0,0,0,0,0,112.0
4,1.0,1.0,1.0,1,365,122,4.95,564,4.0,4.9385714285714295,4.0,122,2.0,4.650555413962602,t,f,1,1,0,0,0,0,0,0,0,0,0,0,158.0
4,3.0,2.0,2.0,3,30,10,5.0,1084,268.0,5.0,8.0,30,3.0,2.349634388723177,t,f,1,1,0,0,0,0,0,0,0,0,0,0,446.0
4,2.0,2.0,1.0,90,180,1,5.0,563,328.0,5.0,8.0,90,2.0,0.7248083640403229,f,f,0,1,0,0,0,0,0,0,0,0,0,0,199.0
6,2.0,3.0,4.0,365,365,2,5.0,562,484.0,4.785714285714286,18.0,730,0.0,1.0549489788657906,f,f,1,1,0,0,0,0,0,0,0,0,0,0,2841.0
4,1.0,2.0,3.0,5,30,39,5.0,4573,0.0,4.974285714285714,8.0,195,2.0,4.373053801614006,t,f,1,1,0,0,0,0,0,0,0,0,0,0,295.0
2,1.0,1.0,1.0,3,365,59,4.83,566,1.0,4.862857142857143,2.0,177,2.0,1.7955575528652765,t,t,1,1,0,0,0,0,0,0,0,0,0,0,234.0
4,2.0,2.0,2.0,90,90,76,4.87,560,16.0,4.8100000000000005,8.0,6840,2.0,1.530765663308526,t,t,1,1,0,0,0,0,0,0,0,0,0,0,433.0
5,2.0,2.0,2.0,1,30,85,4.65,1823,24.0,4.6885714285714295,10.0,85,1.0,1.0247991400278147,f,t,1,1,0,0,0,0,0,0,0,0,0,0,282.0
2,1.0,1.0,1.0,91,365,3,4.33,3189,325.0,4.331428571428572,2.0,273,2.0,0.5218394120738072,t,f,1,1,0,0,0,0,0,0,0,0,0,0,194.0
4,1.0,1.0,2.0,1,90,77,4.82,2547,8.0,4.840000000000001,4.0,77,2.0,6.335221048755626,t,f,1,1,0,0,0,0,0,0,0,0,0,0,117.0
2,1.5,1.0,1.0,2,1125,78,4.77,3298,10.0,4.741428571428571,2.0,156,2.0,4.579197872844685,t,f,1,1,0,0,0,0,0,0,0,0,0,0,61.0
3,1.0,2.0,2.0,2,90,61,4.85,557,11.0,4.8742857142857146,6.0,122,2.0,1.0297489032861749,t,f,1,1,0,0,0,0,0,0,0,0,0,0,293.0
4,1.0,2.0,2.0,2,365,39,4.9,2675,30.0,4.854285714285714,8.0,78,1.0,5.768144920552998,t,f,1,1,0,0,0,0,0,0,0,0,0,0,329.0
8,2.5,4.0,4.0,1,29,52,4.77,5608,12.0,4.772857142857142,32.0,52,2.0,7.038338315895789,t,f,1,1,0,0,0,0,0,0,0,0,0,0,325.0
2,1.0,1.0,1.0,3,365,54,4.78,566,93.0,4.867142857142857,2.0,162,1.0,1.7922128198898934,t,t,1,1,0,0,0,0,0,0,0,0,0,0,230.0
2,1.0,1.0,1.0,3,30,48,4.92,566,91.0,4.947142857142857,2.0,144,1.0,1.7922128198898934,t,t,1,1,0,0,0,0,0,0,0,0,0,0,270.0
2,1.0,1.0,1.0,3,30,64,4.94,566,89.0,4.925714285714286,2.0,192,1.0,1.7922128198898934,t,f,1,1,0,0,0,0,0,0,0,0,0,0,229.0
1,2.0,1.0,0.0,2,7,58,4.6,1977,15.0,4.644285714285715,1.0,116,2.0,5.612257148949804,f,f,1,1,0,0,0,0,0,0,0,0,0,0,75.0
11,3.0,5.0,6.0,90,365,7,5.0,3661,64.0,5.0,55.0,630,1.0,6.350439070350802,t,f,1,1,0,0,0,0,0,0,0,0,0,0,1735.0
3,1.0,1.0,1.0,90,365,1,5.0,5782,205.0,5.0,3.0,90,0.0,3.0401116089518334,f,f,1,1,0,0,0,0,0,0,0,0,0,0,146.0
6,2.5,3.0,3.0,90,365,0,4.89,2387,0.0,4.892857142857143,18.0,0,,2.335868910670895,f,t,1,1,0,0,0,0,0,0,0,0,0,0,526.0
2,1.0,1.0,1.0,90,365,1,5.0,552,277.0,4.857142857142857,2.0,90,3.0,1.3335331600056204,f,f,1,1,0,0,0,0,0,0,0,0,0,0,265.0
2,1.0,1.0,1.0,90,365,0,4.89,965,0.0,4.892857142857143,2.0,0,,4.903820421240633,f,f,1,1,0,0,0,0,0,0,0,0,0,0,89.0
4,1.0,1.0,2.0,2,30,48,4.85,552,9.0,4.84857142857143,4.0,96,2.0,6.120068221583678,t,t,1,1,0,0,0,0,0,0,0,0,0,0,161.0
4,1.0,1.0,2.0,2,28,20,4.7,4228,42.0,4.700000000000001,4.0,40,1.0,2.8659459260636435,t,f,1,1,0,0,0,0,0,0,0,0,0,0,231.0
2,1.5,1.0,1.0,1,365,39,4.59,2448,27.0,4.615714285714286,2.0,39,1.0,5.56561327331353,f,t,1,1,0,0,0,0,0,0,0,0,0,0,112.0
2,1.0,1.0,1.0,2,335,55,4.85,3301,12.0,4.828571428571428,2.0,110,2.0,4.18292720267057,t,f,1,1,0,0,0,0,0,0,0,0,0,0,122.0
4,2.0,2.0,2.0,1,30,29,4.79,553,7.0,4.8428571428571425,8.0,29,2.0,0.9156231285104838,t,t,1,1,0,0,0,0,0,0,0,0,0,0,463.0
2,1.0,1.0,1.0,1,365,26,4.38,2448,36.0,4.614285714285715,2.0,26,1.0,5.738941624300725,f,t,1,1,0,0,0,0,0,0,0,0,0,0,117.0
2,1.0,1.0,1.0,2,28,49,4.94,1418,5.0,4.945714285714287,2.0,98,2.0,7.303317909504358,t,f,1,1,0,0,0,0,0,0,0,0,0,0,146.0
4,2.0,2.0,2.0,90,365,1,5.0,548,316.0,5.0,8.0,90,2.0,0.6980878386195749,t,f,1,1,0,0,0,0,0,0,0,0,0,0,190.0
3,1.0,1.0,2.0,90,365,4,5.0,4458,143.0,5.0,3.0,360,0.0,10.881627160806545,t,f,1,1,0,0,0,0,0,0,0,0,0,0,110.0
6,2.0,2.0,4.0,5,28,37,4.97,3520,8.0,4.888571428571429,12.0,185,2.0,0.9230090109260467,t,f,1,1,0,0,0,0,0,0,0,0,0,0,429.0
1,1.0,4.0,0.0,90,365,2,5.0,637,236.0,5.0,4.0,180,3.0,6.539186791266024,f,f,1,1,0,0,0,0,0,0,0,0,0,0,45.0
3,1.0,1.0,2.0,1,31,17,4.65,545,150.0,4.714285714285714,3.0,17,0.0,0.29051363146978887,f,f,1,1,0,0,0,0,0,0,0,0,0,0,219.0
6,1.0,2.0,0.0,1,365,81,4.86,545,16.0,4.884285714285714,12.0,81,2.0,0.38400279419625216,t,f,1,1,0,0,0,0,0,0,0,0,0,0,358.0
7,3.5,3.0,5.0,2,365,10,5.0,3723,65.0,4.928571428571429,21.0,20,1.0,5.4778911002437845,f,f,1,1,0,0,0,0,0,0,0,0,0,0,1107.0
4,1.0,1.0,1.0,1,365,65,4.85,708,18.0,4.807142857142857,4.0,65,2.0,0.9810000702472815,f,t,1,1,0,0,0,0,0,0,0,0,0,0,206.0
2,1.0,1.0,1.0,90,180,34,4.85,543,5.0,4.855714285714285,2.0,3060,2.0,0.2596976411017894,t,t,1,1,0,0,0,0,0,0,0,0,0,0,400.0
1,1.0,1.0,1.0,120,365,0,4.89,543,0.0,4.892857142857143,1.0,0,,0.9887813024318838,f,t,1,1,0,0,0,0,0,0,0,0,0,0,95.0
4,1.0,2.0,2.0,90,365,17,3.94,1070,15.0,4.26,8.0,1530,2.0,3.582776171083785,f,f,1,1,0,0,0,0,0,0,0,0,0,0,191.0
4,1.0,1.0,2.0,1,29,54,4.94,2877,26.0,4.912857142857143,4.0,54,1.0,0.9840252212536829,t,f,1,1,0,0,0,0,0,0,0,0,0,0,328.0
2,1.0,1.0,1.0,1,3,57,4.98,3416,6.0,4.96,2.0,57,2.0,1.7488007736091882,t,f,1,1,0,0,0,0,0,0,0,0,0,0,137.0
2,1.0,1.0,1.0,1,365,16,4.69,2448,18.0,4.722857142857142,2.0,16,2.0,5.519686575808486,f,t,1,1,0,0,0,0,0,0,0,0,0,0,112.0
4,1.0,1.0,2.0,1,20,34,4.82,3403,192.0,4.751428571428572,4.0,34,0.0,1.0614683215080356,f,f,1,1,0,0,0,0,0,0,0,0,0,0,287.0
3,1.0,1.0,1.0,90,365,20,5.0,3794,60.0,4.942857142857142,3.0,1800,1.0,5.542237512339059,f,f,1,1,0,0,0,0,0,0,0,0,0,0,65.0
2,2.0,1.0,1.0,4,180,13,4.85,767,158.0,4.901428571428572,2.0,52,0.0,6.457976557562982,t,f,1,1,0,0,0,0,0,0,0,0,0,0,116.0
6,2.5,3.0,3.0,2,365,77,4.82,540,19.0,4.86,18.0,154,2.0,5.20237919290056,f,f,0,1,0,0,0,0,0,0,0,0,0,0,325.0
8,2.5,3.0,5.0,2,1125,8,4.0,2936,126.0,4.215714285714285,24.0,16,0.0,0.9984405326996526,f,t,1,1,0,0,0,0,0,0,0,0,0,0,1156.0
5,1.0,1.0,2.0,3,90,61,4.89,3982,8.0,4.915714285714286,5.0,183,2.0,1.681112297058185,t,f,1,1,0,0,0,0,0,0,0,0,0,0,214.0
5,2.0,2.0,2.0,90,730,0,4.89,554,0.0,4.892857142857143,10.0,0,,0.5416215553863196,t,f,1,1,0,0,0,0,0,0,0,0,0,0,281.0
3,1.0,1.0,0.0,2,35,66,5.0,2918,9.0,4.9871428571428575,3.0,132,2.0,1.043299417712024,t,f,1,1,0,0,0,0,0,0,0,0,0,0,300.0
5,1.5,3.0,3.0,90,365,10,5.0,676,87.0,4.8999999999999995,15.0,900,1.0,8.628030662446756,t,t,1,1,0,0,0,0,0,0,0,0,0,0,192.0
4,1.0,2.0,2.0,2,31,82,4.98,1371,9.0,4.964285714285714,8.0,164,2.0,0.3991178751986328,t,f,1,1,0,0,0,0,0,0,0,0,0,0,393.0
4,1.0,2.0,2.0,90,365,5,4.6,2387,241.0,4.571428571428572,8.0,450,3.0,2.750025225139809,f,t,1,1,0,0,0,0,0,0,0,0,0,0,51.0
2,1.0,1.0,2.0,2,30,82,4.93,3870,22.0,4.914285714285714,2.0,164,2.0,3.5288116578680864,t,f,1,1,0,0,0,0,0,0,0,0,0,0,165.0
2,1.0,1.0,0.0,91,365,1,5.0,1511,328.0,5.0,2.0,91,2.0,3.0770493001715784,f,f,1,1,0,0,0,0,0,0,0,0,0,0,154.0
6,2.0,2.0,3.0,2,28,103,4.98,537,9.0,4.928571428571429,12.0,206,2.0,0.8385451990914298,t,f,1,1,0,0,0,0,0,0,0,0,0,0,621.0
2,1.0,1.0,1.0,90,400,6,4.83,4369,94.0,4.855714285714286,2.0,540,1.0,2.1110957040459986,t,f,1,1,0,0,0,0,0,0,0,0,0,0,164.0
3,1.0,1.0,2.0,2,365,12,5.0,4429,22.0,4.727142857142858,3.0,24,2.0,1.1384659333509364,t,f,1,0,0,0,0,0,0,0,0,0,0,0,260.0
2,1.0,1.0,1.0,90,365,15,4.73,1979,268.0,4.79,2.0,1350,3.0,0.4743344902553122,t,f,1,1,0,0,0,0,0,0,0,0,0,0,317.0
2,1.0,1.0,1.0,90,365,6,5.0,4369,174.0,4.975714285714285,2.0,540,0.0,2.141349216249271,t,f,1,1,0,0,0,0,0,0,0,0,0,0,108.0
4,1.0,1.0,1.0,2,365,17,4.53,607,22.0,4.7057142857142855,4.0,34,2.0,0.4241392584928488,t,f,1,1,0,0,0,0,0,0,0,0,0,0,331.0
6,1.0,1.0,4.0,2,365,119,4.71,2015,8.0,4.748571428571429,6.0,238,2.0,0.32418973257587314,t,f,1,1,0,0,0,0,0,0,0,0,0,0,300.0
5,2.0,2.0,3.0,1,365,78,4.71,686,23.0,4.685714285714285,10.0,78,2.0,2.7571999365708852,t,t,1,1,0,0,0,0,0,0,0,0,0,0,164.0
4,1.0,1.0,2.0,1,1125,85,4.94,1426,18.0,4.872857142857143,4.0,85,2.0,0.8012413769923907,t,f,1,1,0,0,0,0,0,0,0,0,0,0,299.0
4,1.0,2.0,2.0,90,90,24,4.71,528,24.0,4.775714285714286,8.0,2160,1.0,5.362235969710024,t,f,0,1,0,0,0,0,0,0,0,0,0,0,341.0
2,1.0,1.0,1.0,1,180,53,4.85,665,9.0,4.901428571428572,2.0,53,2.0,5.986563253513459,t,f,1,1,0,0,0,0,0,0,0,0,0,0,92.0
2,1.0,1.0,1.0,90,365,1,5.0,637,359.0,4.714285714285714,2.0,90,2.0,6.076035774646431,f,f,1,1,0,0,0,0,0,0,0,0,0,0,53.0
6,1.0,2.0,3.0,90,365,98,4.86,543,11.0,4.852857142857144,12.0,8820,2.0,0.381831099585522,t,f,1,1,0,0,0,0,0,0,0,0,0,0,458.0
2,1.0,1.0,1.0,90,730,1,5.0,554,204.0,4.714285714285714,2.0,90,0.0,0.5416215553863196,t,f,1,1,0,0,0,0,0,0,0,0,0,0,75.0
5,1.0,2.0,3.0,1,28,38,4.76,524,10.0,4.857142857142857,10.0,38,2.0,4.632093919443335,t,t,1,1,0,0,0,0,0,0,0,0,0,0,401.0
6,2.0,2.0,4.0,1,30,93,4.76,1823,24.0,4.708571428571429,12.0,93,1.0,1.1427377029703818,f,t,1,1,0,0,0,0,0,0,0,0,0,0,298.0
2,1.0,1.0,2.0,90,180,0,4.89,597,0.0,4.892857142857143,2.0,0,,2.648240513889472,f,t,0,1,0,0,0,0,0,0,0,0,0,0,152.0
1,1.0,1.0,1.0,90,180,2,3.5,597,374.0,3.7142857142857144,1.0,180,2.0,2.5194446127695334,f,t,0,1,0,0,0,0,0,0,0,0,0,0,97.0
4,1.0,2.0,2.0,2,365,4,5.0,522,8.0,4.964285714285714,8.0,8,2.0,0.9300592861496598,f,f,0,0,0,0,0,0,0,0,0,0,0,0,450.0
1,1.0,1.0,1.0,90,180,0,4.89,597,0.0,4.892857142857143,1.0,0,,2.7524601409283322,f,t,0,1,0,0,0,0,0,0,0,0,0,0,71.0
3,1.0,1.0,1.0,1,15,0,4.89,1071,0.0,4.892857142857143,3.0,0,,4.8328090371503345,f,f,1,1,0,0,0,0,0,0,0,0,0,0,96.0
3,1.0,1.0,1.0,1,15,3,2.33,1071,10.0,3.094285714285714,3.0,3,2.0,4.8328090371503345,f,f,1,1,0,0,0,0,0,0,0,0,0,0,96.0
6,2.0,3.0,3.0,4,60,40,4.8,528,23.0,4.845714285714286,18.0,160,2.0,3.1323936376067216,t,f,0,1,0,0,0,0,0,0,0,0,0,0,499.0
1,1.0,1.0,1.0,90,180,1,4.0,597,265.0,4.428571428571429,1.0,90,3.0,2.64359030828965,f,t,0,1,0,0,0,0,0,0,0,0,0,0,97.0
4,1.0,2.0,2.0,1,30,93,4.87,3912,7.0,4.901428571428572,8.0,93,2.0,5.033791448868612,t,f,1,1,0,0,0,0,0,0,0,0,0,0,139.0
4,1.0,1.0,2.0,2,365,63,4.95,520,10.0,4.9628571428571435,4.0,126,2.0,7.296095932063531,t,f,1,1,0,0,0,0,0,0,0,0,0,0,158.0
1,1.0,1.0,1.0,90,180,1,3.0,597,434.0,3.0,1.0,90,1.0,2.6131277863507383,f,t,0,1,0,0,0,0,0,0,0,0,0,0,68.0
1,1.0,1.0,1.0,90,90,1,5.0,597,481.0,5.0,1.0,90,0.0,2.778854189217978,f,t,0,1,0,0,0,0,0,0,0,0,0,0,85.0
7,1.5,3.0,4.0,90,365,1,5.0,519,339.0,5.0,21.0,90,2.0,2.5988419707068515,t,f,1,1,0,0,0,0,0,0,0,0,0,0,117.0
2,1.0,1.0,1.0,2,10,16,5.0,3275,8.0,4.974285714285714,2.0,32,2.0,2.388385749011631,t,f,1,1,0,0,0,0,0,0,0,0,0,0,131.0
8,2.0,4.0,4.0,2,365,11,4.73,3401,136.0,4.832857142857143,32.0,22,0.0,4.991489936128897,f,f,1,1,0,0,0,0,0,0,0,0,0,0,688.0
2,1.0,1.0,1.0,5,28,23,4.96,4479,24.0,4.951428571428572,2.0,115,1.0,4.875067722819011,f,f,1,1,0,0,0,0,0,0,0,0,0,0,305.0
4,2.0,2.0,2.0,91,180,0,4.89,3650,0.0,4.892857142857143,8.0,0,,0.8212951257481979,t,f,1,1,0,0,0,0,0,0,0,0,0,0,165.0
8,1.5,3.0,4.0,2,365,17,4.88,3634,5.0,4.871428571428572,24.0,34,2.0,3.6337128176120963,f,f,1,1,0,0,0,0,0,0,0,0,0,0,266.0
4,1.0,2.0,2.0,1,1125,40,4.83,2275,14.0,4.867142857142857,8.0,40,2.0,5.335284587339992,f,f,1,1,0,0,0,0,0,0,0,0,0,0,204.0
1,1.0,1.0,1.0,90,730,0,4.89,554,0.0,4.892857142857143,1.0,0,,0.5416215553863196,t,f,1,1,0,0,0,0,0,0,0,0,0,0,65.0
5,2.0,2.0,2.0,90,365,1,5.0,5782,459.0,5.0,10.0,90,1.0,0.7208948449215012,f,f,1,1,0,0,0,0,0,0,0,0,0,0,204.0
4,2.5,2.0,2.0,1,30,17,4.94,5704,6.0,4.931428571428571,8.0,17,2.0,5.381411231510818,t,f,1,1,0,0,0,0,0,0,0,0,0,0,307.0
5,1.5,2.0,3.0,1,365,13,4.77,512,22.0,4.802857142857143,10.0,13,2.0,8.43385179300845,f,f,1,1,0,0,0,0,0,0,0,0,0,0,142.0
4,1.0,2.0,2.0,2,7,67,4.84,2150,25.0,4.859999999999999,8.0,134,1.0,9.732606977119234,f,t,0,1,0,0,0,0,0,0,0,0,0,0,207.0
2,1.0,1.0,1.0,90,365,5,4.8,512,160.0,4.6571428571428575,2.0,450,0.0,0.8663215651631084,t,f,0,1,0,0,0,0,0,0,0,0,0,0,125.0
2,1.0,1.0,1.0,1,365,63,4.63,1680,18.0,4.65,2.0,63,2.0,2.2547803341199986,f,f,1,1,0,0,0,0,0,0,0,0,0,0,192.0
5,2.0,3.0,3.0,3,365,19,5.0,3644,9.0,4.992857142857143,15.0,57,2.0,4.959996963059043,t,f,1,1,0,0,0,0,0,0,0,0,0,0,277.0
6,2.0,3.0,4.0,3,30,10,4.8,2528,303.0,4.8,18.0,30,2.0,6.331090942747303,t,f,1,1,0,0,0,0,0,0,0,0,0,0,297.0
2,1.0,1.0,0.0,1,180,38,4.66,511,19.0,4.65142857142857,2.0,38,2.0,8.427425643623598,f,f,1,1,0,0,0,0,0,0,0,0,0,0,98.0
2,1.0,1.0,1.0,90,365,2,5.0,2387,152.0,4.785714285714286,2.0,180,0.0,3.045146830226686,f,t,1,1,0,0,0,0,0,0,0,0,0,0,100.0
2,1.0,0.0,1.0,90,365,6,4.5,509,92.0,4.475714285714285,0.0,540,1.0,0.5901656406418516,f,f,1,1,0,0,0,0,0,0,0,0,0,0,105.0
4,1.0,1.0,2.0,1,365,88,4.95,509,8.0,4.9314285714285715,4.0,88,2.0,0.9838270037060987,t,f,1,1,0,0,0,0,0,0,0,0,0,0,286.0
4,2.0,2.0,3.0,1,365,89,4.82,910,5.0,4.831428571428572,8.0,89,2.0,0.9720834724789656,,f,1,1,0,0,0,0,0,0,0,0,0,0,406.0
4,1.0,1.0,2.0,90,365,7,5.0,4743,85.0,5.0,4.0,630,1.0,1.043299417712024,t,f,1,1,0,0,0,0,0,0,0,0,0,0,153.0
14,5.0,6.0,0.0,3,30,2,5.0,3276,37.0,5.0,84.0,6,1.0,3.374074028188956,t,t,1,1,0,0,0,0,0,0,0,0,0,0,1376.0
5,1.0,3.0,4.0,1,1125,61,4.93,509,9.0,4.908571428571428,15.0,61,2.0,0.9699245535552832,t,f,1,1,0,0,0,0,0,0,0,0,0,0,506.0
2,1.0,1.0,1.0,90,365,6,4.67,2387,138.0,4.715714285714285,2.0,540,0.0,2.9454280991463846,f,t,1,1,0,0,0,0,0,0,0,0,0,0,120.0
2,1.0,1.0,1.0,90,365,6,5.0,2387,135.0,4.975714285714285,2.0,540,0.0,2.968658456911558,f,t,1,1,0,0,0,0,0,0,0,0,0,0,138.0
1,1.0,1.0,1.0,90,365,0,4.89,637,0.0,4.892857142857143,1.0,0,,6.5553141714681455,f,f,1,1,0,0,0,0,0,0,0,0,0,0,51.0
4,1.0,2.0,2.0,90,90,36,4.83,528,64.0,4.821428571428571,8.0,3240,1.0,5.429959678452647,t,t,0,1,0,0,0,0,0,0,0,0,0,0,299.0
5,1.0,1.0,3.0,2,365,31,4.68,506,27.0,4.732857142857143,5.0,62,1.0,1.15541021746807,f,t,1,1,0,0,0,0,0,0,0,0,0,0,249.0
4,1.0,2.0,2.0,1,1125,22,5.0,506,87.0,4.987142857142857,8.0,22,1.0,7.612346691134746,t,f,1,1,0,0,0,0,0,0,0,0,0,0,208.0
8,2.0,3.0,3.0,90,365,77,4.65,665,15.0,4.711428571428571,24.0,6930,2.0,6.978577839696928,,t,1,1,0,0,0,0,0,0,0,0,0,0,329.0
6,1.0,2.0,3.0,5,365,37,4.92,3171,17.0,4.952857142857143,12.0,185,2.0,1.236026722511161,t,f,1,1,0,0,0,0,0,0,0,0,0,0,278.0
4,1.0,1.0,2.0,90,700,1,5.0,2835,247.0,5.0,4.0,90,3.0,0.6303548176777143,t,t,1,1,0,0,0,0,0,0,0,0,0,0,130.0
3,1.0,1.0,1.0,90,365,0,4.89,5782,0.0,4.892857142857143,3.0,0,,3.8047136057814845,f,f,1,1,0,0,0,0,0,0,0,0,0,0,93.0
4,2.0,2.0,2.0,90,365,4,4.75,2387,24.0,4.571428571428571,8.0,360,1.0,1.7399135218711552,f,t,1,1,0,0,0,0,0,0,0,0,0,0,335.0
4,2.5,2.0,2.0,90,365,0,4.89,3615,0.0,4.892857142857143,8.0,0,,1.1560743170118997,f,t,1,1,0,0,0,0,0,0,0,0,0,0,329.0
2,1.0,0.0,0.0,90,1125,4,5.0,502,108.0,4.928571428571429,0.0,360,1.0,5.112565740601113,t,f,1,1,0,0,0,0,0,0,0,0,0,0,113.0
6,1.0,2.0,3.0,2,365,53,4.66,501,10.0,4.678571428571429,12.0,106,2.0,8.429644336180015,f,t,1,1,0,0,0,0,0,0,0,0,0,0,171.0
3,1.0,1.0,2.0,1,365,16,4.75,509,220.0,4.8585714285714285,3.0,16,3.0,7.715270002215854,t,f,1,1,0,0,0,0,0,0,0,0,0,0,215.0
6,2.0,3.0,3.0,2,1125,21,4.9,1087,22.0,4.821428571428571,18.0,42,2.0,5.671751098082444,f,f,1,1,0,0,0,0,0,0,0,0,0,0,315.0
6,1.0,2.0,2.0,3,30,64,4.97,2100,16.0,4.975714285714285,12.0,192,2.0,5.118878088799019,t,f,1,1,0,0,0,0,0,0,0,0,0,0,293.0
4,1.0,2.0,2.0,2,1125,48,4.83,1031,15.0,4.808571428571429,8.0,96,2.0,0.9679123440682759,t,f,1,1,0,0,0,0,0,0,0,0,0,0,323.0
5,1.0,2.0,2.0,1,15,4,4.5,1071,340.0,4.321428571428571,10.0,4,2.0,4.940484245695866,f,f,1,1,0,0,0,0,0,0,0,0,0,0,193.0
1,1.0,1.0,1.0,90,730,1,5.0,554,125.0,5.0,1.0,90,0.0,0.5416215553863196,t,f,1,1,0,0,0,0,0,0,0,0,0,0,47.0
1,1.0,1.0,1.0,90,180,2,5.0,5227,41.0,5.0,1.0,180,1.0,2.1981551967915536,f,f,1,1,0,0,0,0,0,0,0,0,0,0,120.0
2,1.0,1.0,1.0,90,365,2,5.0,4248,169.0,4.928571428571429,2.0,180,0.0,2.5273225324234967,t,f,1,1,0,0,0,0,0,0,0,0,0,0,165.0
2,1.0,1.0,1.0,1,150,24,4.96,3686,10.0,4.9471428571428575,2.0,24,2.0,2.718716566866888,t,f,1,1,0,0,0,0,0,0,0,0,0,0,294.0
6,2.0,2.0,3.0,3,90,43,4.81,493,18.0,4.772857142857142,12.0,129,2.0,0.489363484180416,t,f,1,1,0,0,0,0,0,0,0,0,0,0,317.0
4,1.0,2.0,0.0,1,178,94,4.82,1455,8.0,4.882857142857143,8.0,94,2.0,4.318242970113562,t,f,1,1,0,0,0,0,0,0,0,0,0,0,225.0
2,1.0,1.0,1.0,2,365,49,4.96,2981,27.0,4.905714285714287,2.0,98,1.0,7.692472335813421,t,t,1,1,0,0,0,0,0,0,0,0,0,0,152.0
1,1.0,2.0,0.0,90,180,0,4.89,597,0.0,4.892857142857143,2.0,0,,2.7272936328410777,f,t,0,1,0,0,0,0,0,0,0,0,0,0,110.0
4,1.0,2.0,3.0,1,8,23,4.87,1414,64.0,4.864285714285715,8.0,23,1.0,7.205866127910233,f,f,1,1,0,0,0,0,0,0,0,0,0,0,206.0
1,1.0,0.0,1.0,90,180,1,4.0,597,452.0,3.7142857142857144,0.0,90,1.0,2.70152507403337,f,t,0,1,0,0,0,0,0,0,0,0,0,0,55.0
1,1.0,1.0,1.0,90,180,0,4.89,597,0.0,4.892857142857143,1.0,0,,2.740228048175561,f,t,0,1,0,0,0,0,0,0,0,0,0,0,73.0
8,2.0,3.0,5.0,2,365,45,4.84,490,7.0,4.828571428571429,24.0,90,2.0,0.8838084797607783,t,f,1,1,0,0,0,0,0,0,0,0,0,0,626.0
2,1.0,1.0,1.0,90,365,27,4.7,2183,11.0,4.7700000000000005,2.0,2430,2.0,8.799167750468621,f,t,1,1,0,0,0,0,0,0,0,0,0,0,117.0
4,2.0,2.0,2.0,1,360,6,5.0,5599,30.0,4.904285714285714,8.0,6,1.0,7.171078701440739,f,f,1,1,0,0,0,0,0,0,0,0,0,0,343.0
2,1.0,1.0,1.0,90,365,2,5.0,1640,40.0,5.0,2.0,180,1.0,1.3044945537366681,f,f,1,1,0,0,0,0,0,0,0,0,0,0,151.0
10,4.5,5.0,5.0,3,365,58,4.93,2861,16.0,4.914285714285714,50.0,174,2.0,5.978827349051018,t,t,1,1,0,0,0,0,0,0,0,0,0,0,812.0
4,1.5,2.0,2.0,1,60,5,4.4,494,24.0,4.714285714285714,8.0,5,1.0,5.541448522802592,f,f,1,1,0,0,0,0,0,0,0,0,0,0,260.0
2,1.0,1.0,1.0,1,45,32,4.72,3289,11.0,4.744285714285715,2.0,32,2.0,5.38747103553306,f,t,1,1,0,0,0,0,0,0,0,0,0,0,120.0
3,1.0,1.0,1.0,1,45,3,5.0,3289,30.0,4.952857142857143,3.0,3,1.0,5.42848398867027,f,t,1,1,0,0,0,0,0,0,0,0,0,0,140.0
2,1.0,1.0,1.0,1,365,49,4.78,486,10.0,4.787142857142858,2.0,49,2.0,1.7339947147765697,f,f,1,1,0,0,0,0,0,0,0,0,0,0,164.0
2,1.0,1.0,1.0,1,29,49,4.9,665,28.0,4.917142857142857,2.0,49,1.0,5.881583201661435,t,t,1,1,0,0,0,0,0,0,0,0,0,0,97.0
1,1.0,1.0,1.0,90,180,0,4.89,597,0.0,4.892857142857143,1.0,0,,2.770517235345743,f,t,0,1,0,0,0,0,0,0,0,0,0,0,53.0
1,1.0,1.0,0.0,90,180,2,3.0,597,265.0,3.4285714285714284,1.0,180,3.0,2.6700223833368724,f,t,0,1,0,0,0,0,0,0,0,0,0,0,97.0
5,2.0,2.0,2.0,4,365,15,5.0,3602,11.0,4.951428571428571,10.0,60,2.0,0.5252786820211442,t,f,1,1,0,0,0,0,0,0,0,0,0,0,556.0
5,1.0,2.0,3.0,2,89,32,4.94,3931,25.0,4.881428571428572,10.0,64,1.0,1.0066212789040316,t,f,1,1,0,0,0,0,0,0,0,0,0,0,315.0
2,1.0,1.0,1.0,2,365,51,4.88,483,13.0,4.87,2.0,102,2.0,8.93428268310532,t,f,1,1,0,0,0,0,0,0,0,0,0,0,294.0
2,1.0,1.0,1.0,1,365,42,4.81,1304,8.0,4.714285714285714,2.0,42,2.0,7.709670794192909,f,f,1,1,0,0,0,0,0,0,0,0,0,0,87.0
3,1.0,1.0,2.0,2,30,47,4.81,1823,21.0,4.748571428571429,3.0,94,2.0,0.9287831505082212,f,f,1,1,0,0,0,0,0,0,0,0,0,0,258.0
1,2.0,4.0,2.0,90,365,0,4.89,637,0.0,4.892857142857143,4.0,0,,5.352101971476067,f,f,1,1,0,0,0,0,0,0,0,0,0,0,72.0
1,1.0,4.0,1.0,90,365,0,4.89,637,0.0,4.892857142857143,4.0,0,,5.391558974062471,f,f,1,1,0,0,0,0,0,0,0,0,0,0,49.0
4,2.0,2.0,2.0,1,20,24,4.71,2225,23.0,4.691428571428572,8.0,24,2.0,7.858446216824322,f,t,1,1,0,0,0,0,0,0,0,0,0,0,172.0
2,1.0,1.0,1.0,1,30,117,4.75,2710,10.0,4.741428571428571,2.0,117,2.0,0.9240052431816764,t,f,1,1,0,0,0,0,0,0,0,0,0,0,185.0
8,2.0,4.0,3.0,8,28,53,4.79,3959,20.0,4.781428571428571,32.0,424,2.0,1.0066212789040316,t,f,1,1,0,0,0,0,0,0,0,0,0,0,706.0
6,1.0,2.0,3.0,2,365,40,4.68,3535,10.0,4.792857142857143,12.0,80,2.0,8.304480450207128,f,t,1,1,0,0,0,0,0,0,0,0,0,0,220.0
4,1.0,2.0,2.0,1,365,43,4.91,865,385.0,4.868571428571428,8.0,43,2.0,1.0114158989576616,t,t,1,1,0,0,0,0,0,0,0,0,0,0,429.0
2,1.0,1.0,1.0,90,365,3,4.0,3595,167.0,4.240000000000001,2.0,270,0.0,7.158224314346944,f,f,1,1,0,0,0,0,0,0,0,0,0,0,29.0
2,1.0,1.0,1.0,90,365,2,5.0,3595,319.0,5.0,2.0,180,2.0,7.210951781871867,f,f,1,1,0,0,0,0,0,0,0,0,0,0,30.0
4,1.0,1.0,2.0,2,365,41,4.61,2471,24.0,4.644285714285715,4.0,82,1.0,7.940002030008646,f,t,1,1,0,0,0,0,0,0,0,0,0,0,163.0
3,1.0,1.0,1.0,1,365,57,4.67,475,38.0,4.767142857142857,3.0,57,1.0,2.6461153424043875,f,f,1,1,0,0,0,0,0,0,0,0,0,0,191.0
4,1.0,1.0,2.0,2,365,45,4.93,2307,21.0,4.942857142857143,4.0,90,2.0,6.3608736811574484,,f,1,1,0,0,0,0,0,0,0,0,0,0,136.0
4,1.0,1.0,2.0,2,360,35,4.86,591,23.0,4.837142857142857,4.0,70,2.0,0.8749879715481265,t,f,1,1,0,0,0,0,0,0,0,0,0,0,366.0
8,2.5,3.0,5.0,2,365,24,4.83,3931,30.0,4.839999999999999,24.0,48,1.0,0.9240052431816764,t,f,1,1,0,0,0,0,0,0,0,0,0,0,597.0
6,2.0,2.0,3.0,2,28,11,5.0,473,29.0,4.935714285714285,12.0,22,1.0,0.5665513537507917,t,f,1,1,0,0,0,0,0,0,0,0,0,0,792.0
2,1.0,3.0,1.0,90,365,3,3.67,637,319.0,3.858571428571428,6.0,270,2.0,5.541703701082749,f,f,1,1,0,0,0,0,0,0,0,0,0,0,55.0
2,1.0,1.0,1.0,2,7,33,5.0,2885,9.0,4.9957142857142856,2.0,66,2.0,7.338672153385896,t,f,1,1,0,0,0,0,0,0,0,0,0,0,146.0
4,1.0,2.0,4.0,2,365,98,4.8,472,18.0,4.8185714285714285,8.0,196,2.0,1.0560000055463419,t,f,0,1,0,0,0,0,0,0,0,0,0,0,288.0
2,1.0,1.0,1.0,90,365,0,4.89,4535,0.0,4.892857142857143,2.0,0,,0.91882621403105,f,f,1,1,0,0,0,0,0,0,0,0,0,0,140.0
4,1.0,1.0,2.0,2,365,41,4.93,527,24.0,4.869999999999999,4.0,82,1.0,0.3921731929704705,t,t,1,1,0,0,0,0,0,0,0,0,0,0,277.0
3,1.0,1.0,3.0,90,365,0,4.89,1626,0.0,4.892857142857143,3.0,0,,0.6206485235838423,t,t,1,1,0,0,0,0,0,0,0,0,0,0,506.0
6,1.5,2.0,3.0,4,365,6,5.0,2869,191.0,4.951428571428571,12.0,24,0.0,1.0066212789040316,t,f,1,1,0,0,0,0,0,0,0,0,0,0,510.0
8,4.5,4.0,4.0,2,31,65,4.97,497,22.0,4.932857142857143,32.0,130,2.0,6.116972862648406,t,f,1,1,0,0,0,0,0,0,0,0,0,0,591.0
6,1.0,3.0,3.0,1,1125,63,4.73,470,4.0,4.83,18.0,63,2.0,4.839360266633574,t,t,1,1,0,0,0,0,0,0,0,0,0,0,226.0
4,1.0,2.0,2.0,90,220,1,5.0,3616,342.0,5.0,8.0,90,2.0,5.3152474587301395,f,f,1,1,0,0,0,0,0,0,0,0,0,0,131.0
2,1.0,1.0,1.0,91,365,0,4.89,1965,0.0,4.892857142857143,2.0,0,,8.410506868850083,,f,1,1,0,0,0,0,0,0,0,0,0,0,59.0
2,1.0,1.0,2.0,2,120,38,4.95,3763,11.0,4.925714285714286,2.0,76,2.0,1.8755694402761955,t,f,1,1,0,0,0,0,0,0,0,0,0,0,248.0
3,1.0,1.0,3.0,21,365,3,5.0,1626,51.0,5.0,3.0,63,1.0,0.8530592257664993,t,f,1,1,0,0,0,0,0,0,0,0,0,0,225.0
9,3.0,5.0,5.0,1,365,47,4.62,717,36.0,4.6642857142857155,45.0,47,1.0,6.773719616290479,f,t,0,1,0,0,0,0,0,0,0,0,0,0,573.0
2,1.0,3.0,3.0,91,365,1,3.0,1965,364.0,3.4285714285714284,6.0,91,2.0,8.41071654347804,,f,1,1,0,0,0,0,0,0,0,0,0,0,90.0
2,1.0,0.0,1.0,1,28,42,4.81,2619,24.0,4.861428571428571,0.0,42,1.0,5.197321065600245,t,f,1,1,0,0,0,0,0,0,0,0,0,0,147.0
1,1.0,0.0,1.0,3,365,51,4.84,4353,4.0,4.831428571428573,0.0,153,2.0,6.393924286486904,t,f,1,1,0,0,0,0,0,0,0,0,0,0,108.0
2,1.0,1.0,1.0,2,11,27,4.96,3043,9.0,4.808571428571429,2.0,54,2.0,2.7232213805147394,t,f,1,1,0,0,0,0,0,0,0,0,0,0,203.0
2,1.0,1.0,1.0,2,28,62,4.9,3535,7.0,4.875714285714286,2.0,124,2.0,4.295948876533824,t,f,1,1,0,0,0,0,0,0,0,0,0,0,105.0
6,1.0,2.0,3.0,3,365,34,4.88,4748,6.0,4.922857142857143,12.0,102,2.0,5.179366390835615,t,f,1,1,0,0,0,0,0,0,0,0,0,0,145.0
5,2.5,3.0,4.0,90,365,2,5.0,3784,337.0,4.857142857142857,15.0,180,2.0,4.526202004983437,f,f,1,1,0,0,0,0,0,0,0,0,0,0,200.0
2,1.0,1.0,1.0,2,30,43,4.98,526,8.0,4.892857142857143,2.0,86,2.0,2.4839203455003416,t,f,1,1,0,0,0,0,0,0,0,0,0,0,132.0
4,1.0,1.0,1.0,1,365,101,4.73,1860,18.0,4.732857142857142,4.0,101,2.0,6.307560952065409,f,t,1,0,0,0,0,0,0,0,0,0,0,0,245.0
4,1.0,1.0,0.0,1,10,55,4.82,1179,17.0,4.774285714285715,4.0,55,2.0,1.0356385744931462,t,t,1,1,0,0,0,0,0,0,0,0,0,0,229.0
5,2.0,2.0,3.0,1,35,84,4.8,462,8.0,4.758571428571429,10.0,84,2.0,1.1448259391792337,t,f,1,1,0,0,0,0,0,0,0,0,0,0,369.0
2,1.0,1.0,1.0,3,60,31,4.9,1738,18.0,4.871428571428572,2.0,93,2.0,2.8786285476473794,t,f,1,1,0,0,0,0,0,0,0,0,0,0,212.0
6,2.0,2.0,0.0,90,365,0,4.89,1089,0.0,4.892857142857143,12.0,0,,0.8433831193114172,f,f,1,1,0,0,0,0,0,0,0,0,0,0,224.0
4,1.0,1.0,2.0,2,365,26,4.42,2553,38.0,4.515714285714286,4.0,52,1.0,8.313677771211797,f,f,1,1,0,0,0,0,0,0,0,0,0,0,127.0
6,2.0,3.0,3.0,90,365,18,4.94,2387,282.0,4.974285714285714,18.0,1620,3.0,4.452263102252035,f,t,1,1,0,0,0,0,0,0,0,0,0,0,729.0
5,2.0,2.0,2.0,3,365,1,5.0,486,197.0,5.0,10.0,3,0.0,1.5753851021626788,f,f,1,1,0,0,0,0,0,0,0,0,0,0,645.0
4,1.0,2.0,3.0,90,365,79,4.82,460,24.0,4.807142857142857,8.0,7110,1.0,1.0356633156862205,t,t,0,1,0,0,0,0,0,0,0,0,0,0,236.0
10,4.0,5.0,5.0,2,365,37,4.84,1918,23.0,4.868571428571428,50.0,74,2.0,9.23098121833924,t,f,1,1,0,0,0,0,0,0,0,0,0,0,503.0
4,1.0,1.0,2.0,2,40,14,5.0,2973,18.0,4.96,4.0,28,2.0,1.1110653361645995,t,f,1,1,0,0,0,0,0,0,0,0,0,0,344.0
4,1.0,1.0,2.0,1,90,29,4.97,1667,263.0,4.84857142857143,4.0,29,3.0,0.7534026087820817,t,f,1,1,0,0,0,0,0,0,0,0,0,0,247.0
6,1.0,2.0,3.0,1,65,87,4.78,1295,17.0,4.831428571428572,12.0,87,2.0,6.143741665100122,f,f,1,1,0,0,0,0,0,0,0,0,0,0,211.0
6,2.0,2.0,3.0,1,30,63,4.78,1057,6.0,4.83,12.0,63,2.0,5.126251224396315,t,t,1,1,0,0,0,0,0,0,0,0,0,0,218.0
8,2.0,3.0,5.0,1,365,84,4.94,457,11.0,4.937142857142858,24.0,84,2.0,6.596030854586056,t,f,1,1,0,0,0,0,0,0,0,0,0,0,292.0
6,2.0,2.0,2.0,1,365,80,4.63,1860,36.0,4.667142857142857,12.0,80,1.0,6.007410417045434,f,t,1,0,0,0,0,0,0,0,0,0,0,0,314.0
12,3.0,3.0,3.0,1,365,44,4.59,1860,9.0,4.655714285714287,36.0,44,2.0,6.7026788286537355,f,t,1,0,0,0,0,0,0,0,0,0,0,0,372.0
6,1.0,2.0,2.0,3,365,18,4.89,3368,42.0,4.872857142857143,12.0,54,1.0,5.711684103742007,t,f,1,1,0,0,0,0,0,0,0,0,0,0,257.0
2,1.0,1.0,1.0,2,7,24,5.0,454,29.0,4.977142857142858,2.0,48,1.0,6.219267739182951,t,f,1,1,0,0,0,0,0,0,0,0,0,0,199.0
4,2.0,2.0,3.0,90,90,5,5.0,2045,353.0,5.0,8.0,450,2.0,1.1574528066266974,t,f,1,1,0,0,0,0,0,0,0,0,0,0,758.0
5,1.0,2.0,2.0,1,1125,24,5.0,453,29.0,4.9542857142857155,10.0,24,1.0,8.664908926854121,t,t,1,1,0,0,0,0,0,0,0,0,0,0,301.0
10,2.0,4.0,7.0,2,364,35,4.94,454,5.0,4.922857142857143,40.0,70,2.0,7.876398825534693,t,t,1,1,0,0,0,0,0,0,0,0,0,0,455.0
4,1.0,2.0,0.0,2,60,15,4.47,642,127.0,4.505714285714285,8.0,30,0.0,6.399324957800812,f,f,1,1,0,0,0,0,0,0,0,0,0,0,136.0
16,6.0,8.0,8.0,90,240,1,5.0,1580,345.0,5.0,128.0,90,2.0,5.2183904973206685,f,t,1,1,0,0,0,0,0,0,0,0,0,0,896.0
1,1.0,1.0,1.0,2,7,44,4.98,1731,11.0,4.935714285714285,1.0,88,2.0,7.1398445641440285,t,f,1,1,0,0,0,0,0,0,0,0,0,0,69.0
6,1.0,2.0,3.0,90,365,4,5.0,450,169.0,4.964285714285714,12.0,360,0.0,1.9087295205323445,t,f,0,1,0,0,0,0,0,0,0,0,0,0,225.0
8,1.0,2.0,3.0,1,365,70,4.94,449,9.0,4.915714285714286,16.0,70,2.0,5.565522976819357,t,f,1,1,0,0,0,0,0,0,0,0,0,0,275.0
1,2.0,1.0,1.0,90,365,0,4.89,4172,0.0,4.892857142857143,1.0,0,,4.3090221986579635,t,f,1,1,0,0,0,0,0,0,0,0,0,0,42.0
4,1.0,1.0,2.0,1,365,67,4.99,2222,17.0,4.925714285714286,4.0,67,2.0,0.3399684458535339,t,t,1,1,0,0,0,0,0,0,0,0,0,0,332.0
6,2.0,3.0,3.0,2,1125,28,4.89,2950,9.0,4.901428571428572,18.0,56,2.0,7.443696434945051,t,t,1,1,0,0,0,0,0,0,0,0,0,0,254.0
6,1.0,3.0,3.0,2,365,46,4.98,1132,24.0,4.944285714285714,18.0,92,1.0,6.302305734810075,t,f,1,1,0,0,0,0,0,0,0,0,0,0,298.0
2,1.0,1.0,2.0,91,365,0,4.89,981,0.0,4.892857142857143,2.0,0,,2.609972757923435,f,f,1,1,0,0,0,0,0,0,0,0,0,0,135.0
2,1.0,1.0,2.0,2,30,37,5.0,3868,15.0,4.9957142857142856,2.0,74,2.0,6.218606818855683,t,f,1,1,0,0,0,0,0,0,0,0,0,0,250.0
3,1.0,1.0,1.0,1,730,105,4.97,832,5.0,4.961428571428571,3.0,105,2.0,5.168399254311074,,t,1,1,0,0,0,0,0,0,0,0,0,0,95.0
2,1.0,1.0,1.0,90,365,3,5.0,915,221.0,5.0,2.0,270,3.0,1.3208317755069887,t,f,1,1,0,0,0,0,0,0,0,0,0,0,117.0
4,2.0,2.0,2.0,2,365,17,4.53,3309,30.0,4.4957142857142856,8.0,34,1.0,0.9679123440682759,t,t,1,1,0,0,0,0,0,0,0,0,0,0,258.0
2,1.0,1.0,2.0,2,24,36,4.94,442,11.0,4.922857142857143,2.0,72,2.0,0.9489346948734989,t,f,1,1,0,0,0,0,0,0,0,0,0,0,262.0
4,1.0,2.0,0.0,1,365,12,4.25,2115,21.0,4.345714285714285,8.0,12,2.0,5.773057826421621,t,f,0,1,0,0,0,0,0,0,0,0,0,0,158.0
5,2.0,3.0,1.0,1,365,50,4.68,858,120.0,4.637142857142856,15.0,50,0.0,1.0541670520236748,,t,1,1,0,0,0,0,0,0,0,0,0,0,320.0
2,1.0,1.0,0.0,90,365,0,4.89,1538,0.0,4.892857142857143,2.0,0,,0.419918927648112,f,f,1,1,0,0,0,0,0,0,0,0,0,0,990.0
5,1.0,2.0,2.0,90,365,15,4.8,1427,197.0,4.724285714285714,10.0,1350,0.0,7.389339848962979,f,f,1,1,0,0,0,0,0,0,0,0,0,0,183.0
4,1.0,2.0,2.0,2,30,39,4.97,2671,16.0,4.9399999999999995,8.0,78,2.0,3.21698088989816,t,t,1,0,0,0,0,0,0,0,0,0,0,0,235.0
2,1.0,1.0,0.0,3,28,47,4.96,3436,7.0,4.9557142857142855,2.0,141,2.0,6.901349424394088,t,f,1,1,0,0,0,0,0,0,0,0,0,0,135.0
2,1.0,1.0,1.0,1,730,96,4.97,832,6.0,4.942857142857143,2.0,96,2.0,5.293110698375214,,t,1,1,0,0,0,0,0,0,0,0,0,0,104.0
4,1.0,1.0,2.0,2,30,35,4.94,3050,9.0,4.872857142857143,4.0,70,2.0,0.9156231285104838,t,f,1,1,0,0,0,0,0,0,0,0,0,0,254.0
2,1.0,1.0,0.0,1,160,49,4.8,771,14.0,4.818571428571429,2.0,49,2.0,3.714024486591593,f,t,1,1,0,0,0,0,0,0,0,0,0,0,91.0
7,2.5,3.0,4.0,3,90,7,4.71,3325,328.0,4.897142857142858,21.0,21,2.0,3.290277883729689,f,f,1,1,0,0,0,0,0,0,0,0,0,0,694.0
3,1.0,1.0,2.0,1,60,71,4.93,436,7.0,4.924285714285714,3.0,71,2.0,5.863142449887112,t,f,1,1,0,0,0,0,0,0,0,0,0,0,146.0
4,2.0,2.0,2.0,2,180,2,4.5,767,369.0,4.5,8.0,4,2.0,6.323329404894713,t,f,1,1,0,0,0,0,0,0,0,0,0,0,227.0
2,1.0,0.0,2.0,2,365,18,4.89,3352,8.0,4.902857142857143,0.0,36,2.0,0.3506209472856926,t,f,1,1,0,0,0,0,0,0,0,0,0,0,322.0
2,1.0,1.0,1.0,1,90,42,5.0,3215,4.0,4.987142857142857,2.0,42,2.0,7.762746307160046,t,f,1,1,0,0,0,0,0,0,0,0,0,0,83.0
1,1.0,1.0,1.0,4,180,18,4.94,3426,368.0,4.927142857142857,1.0,72,2.0,8.16606995373374,t,f,1,1,0,0,0,0,0,0,0,0,0,0,64.0
2,1.0,1.0,0.0,1,180,62,4.77,771,5.0,4.758571428571429,2.0,62,2.0,3.599744535251056,f,t,1,1,0,0,0,0,0,0,0,0,0,0,93.0
2,1.0,1.0,1.0,90,365,1,5.0,436,376.0,5.0,2.0,90,2.0,2.7802425277199005,f,f,1,1,0,0,0,0,0,0,0,0,0,0,531.0
10,2.0,3.0,4.0,1,365,62,4.79,433,24.0,4.792857142857143,30.0,62,1.0,8.38501546654114,t,t,1,1,0,0,0,0,0,0,0,0,0,0,528.0
10,1.0,3.0,3.0,1,365,26,4.54,432,26.0,4.532857142857144,30.0,26,1.0,9.157020703093766,f,t,0,1,0,0,0,0,0,0,0,0,0,0,292.0
2,1.0,1.0,1.0,1,365,0,4.89,747,0.0,4.892857142857143,2.0,0,,3.8493714101253205,f,f,1,1,0,0,0,0,0,0,0,0,0,0,113.0
4,1.0,2.0,2.0,2,30,8,5.0,432,37.0,4.9471428571428575,8.0,16,1.0,6.92096597442829,t,f,0,1,0,0,0,0,0,0,0,0,0,0,362.0
1,1.0,1.0,3.0,90,365,0,4.89,2071,0.0,4.892857142857143,1.0,0,,6.391776075575788,f,f,1,1,0,0,0,0,0,0,0,0,0,0,50.0
4,1.0,2.0,4.0,2,365,29,4.79,4413,14.0,4.841428571428572,8.0,58,2.0,7.79491157836763,f,f,1,1,0,0,0,0,0,0,0,0,0,0,169.0
2,1.0,1.0,1.0,3,365,29,5.0,4724,54.0,4.965714285714285,2.0,87,1.0,0.8835108770840601,t,f,1,1,0,0,0,0,0,0,0,0,0,0,2000.0
4,1.0,2.0,2.0,2,365,87,4.9,690,17.0,4.895714285714286,8.0,174,2.0,4.23029558965062,t,f,1,1,0,0,0,0,0,0,0,0,0,0,198.0
7,1.5,3.0,4.0,2,30,3,4.67,3377,37.0,4.905714285714287,21.0,6,1.0,5.287820810748689,f,t,1,1,0,0,0,0,0,0,0,0,0,0,446.0
4,1.0,1.0,2.0,1,28,28,4.86,2075,26.0,4.8028571428571425,4.0,28,1.0,0.9446935505436731,,f,1,1,0,0,0,0,0,0,0,0,0,0,264.0
8,3.0,4.0,5.0,2,60,16,4.63,833,144.0,4.715714285714285,32.0,32,0.0,7.679076853546532,f,f,1,1,0,0,0,0,0,0,0,0,0,0,449.0
3,1.0,2.0,2.0,2,360,3,5.0,2247,29.0,4.952857142857143,6.0,6,1.0,0.9874600743799263,t,f,1,1,0,0,0,0,0,0,0,0,0,0,400.0
2,1.0,1.0,1.0,90,180,1,5.0,3607,143.0,5.0,2.0,90,0.0,0.7126952952108593,f,f,1,1,0,0,0,0,0,0,0,0,0,0,86.0
4,1.0,1.0,2.0,1,100,190,4.98,3592,7.0,4.964285714285714,4.0,190,2.0,4.429515946522274,t,t,1,1,0,0,0,0,0,0,0,0,0,0,112.0
4,1.0,1.0,2.0,4,60,34,4.97,4479,12.0,4.861428571428571,4.0,136,2.0,0.9920478653767302,f,t,1,1,0,0,0,0,0,0,0,0,0,0,258.0
4,1.0,2.0,2.0,2,30,32,5.0,427,17.0,4.941428571428571,8.0,64,2.0,7.395314388579475,t,f,1,1,0,0,0,0,0,0,0,0,0,0,191.0
2,1.0,1.0,1.0,2,28,29,4.83,428,26.0,4.838571428571428,2.0,58,1.0,5.397927020994242,f,f,0,1,0,0,0,0,0,0,0,0,0,0,124.0
4,1.0,2.0,2.0,91,365,0,4.89,1965,0.0,4.892857142857143,8.0,0,,8.410506868850083,,f,1,1,0,0,0,0,0,0,0,0,0,0,180.0
3,1.0,1.0,2.0,1,365,64,4.7,425,20.0,4.732857142857143,3.0,64,2.0,2.5142765216325795,f,f,1,1,0,0,0,0,0,0,0,0,0,0,182.0
5,2.0,2.0,3.0,90,365,2,5.0,2202,10.0,4.857142857142857,10.0,180,2.0,1.14602725381814,t,t,1,1,0,0,0,0,0,0,0,0,0,0,341.0
4,1.0,1.0,2.0,90,365,2,5.0,2202,54.0,4.785714285714286,4.0,180,1.0,1.579633683970149,t,t,1,1,0,0,0,0,0,0,0,0,0,0,168.0
2,2.0,1.0,0.0,90,365,1,4.0,432,274.0,4.571428571428571,2.0,90,3.0,4.565076507899677,f,f,0,1,0,0,0,0,0,0,0,0,0,0,79.0
1,1.0,1.0,1.0,90,365,1,5.0,637,37.0,5.0,1.0,90,1.0,5.395707967560591,f,f,1,1,0,0,0,0,0,0,0,0,0,0,45.0
6,2.0,3.0,4.0,1,14,30,4.93,489,6.0,4.947142857142857,18.0,30,2.0,7.702124537891142,t,f,1,1,0,0,0,0,0,0,0,0,0,0,353.0
1,1.0,1.0,1.0,90,365,2,5.0,637,262.0,4.785714285714286,1.0,180,3.0,5.4612798825209286,f,f,1,1,0,0,0,0,0,0,0,0,0,0,45.0
2,1.0,1.0,1.0,30,365,0,4.89,913,0.0,4.892857142857143,2.0,0,,3.9879129131150677,f,f,0,1,0,0,0,0,0,0,0,0,0,0,65.0
2,1.0,1.0,1.0,3,365,20,4.95,483,17.0,4.909999999999999,2.0,60,2.0,0.5665513537507917,t,f,0,1,0,0,0,0,0,0,0,0,0,0,300.0
4,1.5,1.0,0.0,90,365,0,4.89,2646,0.0,4.892857142857143,4.0,0,,0.9270868626237304,t,f,1,1,0,0,0,0,0,0,0,0,0,0,340.0
1,1.0,1.0,1.0,1,29,73,4.95,3426,7.0,4.908571428571428,1.0,73,2.0,8.340872220014395,t,f,1,1,0,0,0,0,0,0,0,0,0,0,56.0
4,1.0,1.0,2.0,2,6,8,5.0,1021,46.0,4.964285714285714,4.0,16,1.0,2.457274657525729,f,f,1,1,0,0,0,0,0,0,0,0,0,0,300.0
2,1.0,1.0,1.0,1,36,35,4.89,432,21.0,4.8914285714285715,2.0,35,2.0,5.051072248161669,f,t,1,1,0,0,0,0,0,0,0,0,0,0,90.0
2,1.0,1.0,1.0,30,365,0,4.89,913,0.0,4.892857142857143,2.0,0,,4.074859278935287,f,f,0,1,0,0,0,0,0,0,0,0,0,0,65.0
5,1.0,2.0,2.0,1,365,33,4.91,421,21.0,4.858571428571429,10.0,33,2.0,1.1827859613171445,t,t,1,1,0,0,0,0,0,0,0,0,0,0,439.0
4,1.0,1.0,2.0,2,90,29,4.93,428,25.0,4.881428571428572,4.0,58,1.0,0.9202973448527564,f,f,1,1,0,0,0,0,0,0,0,0,0,0,318.0
4,1.5,1.0,2.0,2,365,57,4.91,420,7.0,4.845714285714286,4.0,114,2.0,8.334553916549355,t,f,1,1,0,0,0,0,0,0,0,0,0,0,159.0
7,2.0,3.0,3.0,1,365,10,4.6,509,269.0,4.628571428571428,21.0,10,3.0,7.669913373958634,t,f,1,1,0,0,0,0,0,0,0,0,0,0,240.0
2,1.0,1.0,1.0,3,90,26,5.0,3802,16.0,4.95,2.0,78,2.0,6.0547047398084475,t,f,1,0,0,0,0,0,0,0,0,0,0,0,141.0
6,2.5,3.0,3.0,90,200,3,4.67,702,116.0,4.764285714285714,18.0,270,0.0,7.756869131335806,t,f,0,1,0,0,0,0,0,0,0,0,0,0,998.0
4,2.0,2.0,2.0,90,364,1,5.0,3804,319.0,5.0,8.0,90,2.0,6.908805932578448,f,f,1,0,0,0,0,0,0,0,0,0,0,0,125.0
1,,1.0,1.0,90,365,2,4.0,637,234.0,4.285714285714286,1.0,180,3.0,6.475720369419186,f,f,1,1,0,0,0,0,0,0,0,0,0,0,49.0
2,0.0,1.0,0.0,90,365,5,3.4,913,197.0,3.5714285714285716,2.0,450,0.0,3.891286525483404,f,f,0,1,0,0,0,0,0,0,0,0,0,0,125.0
6,1.0,3.0,3.0,1,365,24,4.5,4268,17.0,4.5128571428571425,18.0,24,2.0,1.0549489788657906,f,f,1,1,0,0,0,0,0,0,0,0,0,0,281.0
2,1.0,1.0,1.0,1,365,13,4.54,2448,22.0,4.5928571428571425,2.0,13,2.0,6.215847065904705,f,t,1,1,0,0,0,0,0,0,0,0,0,0,112.0
3,1.0,1.0,1.0,3,3,0,4.89,2735,0.0,4.892857142857143,3.0,0,,0.4077235491656992,f,f,1,1,0,0,0,0,0,0,0,0,0,0,300.0
4,1.0,1.0,2.0,90,1125,41,5.0,3736,6.0,4.984285714285714,4.0,3690,2.0,3.0849035514868284,f,t,1,1,0,0,0,0,0,0,0,0,0,0,239.0
4,1.0,1.0,2.0,1,365,65,4.94,4131,12.0,4.957142857142857,4.0,65,2.0,4.715304296668674,t,f,1,1,0,0,0,0,0,0,0,0,0,0,150.0
7,2.0,3.0,4.0,1,28,53,4.75,1994,18.0,4.728571428571429,21.0,53,2.0,6.74098693662884,t,f,1,1,0,0,0,0,0,0,0,0,0,0,167.0
2,2.0,1.0,1.0,1,365,6,4.33,917,108.0,4.235714285714286,2.0,6,1.0,5.158234898512698,f,t,1,1,0,0,0,0,0,0,0,0,0,0,169.0
4,1.0,1.0,2.0,1,30,38,4.74,1823,29.0,4.721428571428571,4.0,38,1.0,1.145784354484047,f,t,1,1,0,0,0,0,0,0,0,0,0,0,233.0
1,1.0,2.0,1.0,91,365,0,4.89,1965,0.0,4.892857142857143,2.0,0,,8.410506868850083,,f,1,1,0,0,0,0,0,0,0,0,0,0,53.0
8,1.0,3.0,4.0,90,365,0,4.89,414,0.0,4.892857142857143,24.0,0,,6.181127701254623,f,f,1,1,0,0,0,0,0,0,0,0,0,0,441.0
4,2.0,2.0,2.0,2,100,41,4.9,3415,5.0,4.9071428571428575,8.0,82,2.0,0.755221394940221,t,f,1,1,0,0,0,0,0,0,0,0,0,0,536.0
1,1.0,1.0,1.0,90,365,2,5.0,637,70.0,4.928571428571429,1.0,180,1.0,6.662467706206575,f,f,1,1,0,0,0,0,0,0,0,0,0,0,42.0
6,1.0,2.0,3.0,90,365,32,4.84,543,264.0,4.835714285714286,12.0,2880,3.0,0.34323404218675846,t,f,1,1,0,0,0,0,0,0,0,0,0,0,449.0
4,1.0,1.0,2.0,2,365,67,5.0,411,7.0,4.992857142857143,4.0,134,2.0,3.734037142628506,f,f,1,1,0,0,0,0,0,0,0,0,0,0,193.0
2,1.0,1.0,1.0,91,230,2,5.0,3650,83.0,5.0,2.0,182,1.0,0.9227642429562207,t,f,1,1,0,0,0,0,0,0,0,0,0,0,121.0
2,1.0,1.0,1.0,90,365,13,5.0,1957,31.0,4.965714285714286,2.0,1170,1.0,0.3722173714261338,t,t,1,1,0,0,0,0,0,0,0,0,0,0,246.0
11,2.0,5.0,5.0,2,180,30,4.93,3691,7.0,4.924285714285714,55.0,60,2.0,2.96734384772732,t,t,1,1,0,0,0,0,0,0,0,0,0,0,482.0
10,3.5,5.0,5.0,1,90,40,4.95,536,8.0,4.972857142857143,50.0,40,2.0,6.921143241312957,t,t,0,1,0,0,0,0,0,0,0,0,0,0,638.0
5,1.0,2.0,0.0,90,365,3,4.67,410,304.0,4.905714285714287,10.0,270,2.0,2.1013436423018543,f,f,1,1,0,0,0,0,0,0,0,0,0,0,165.0
1,1.0,1.0,1.0,90,365,2,5.0,637,328.0,4.928571428571429,1.0,180,2.0,6.536948943587488,f,f,1,1,0,0,0,0,0,0,0,0,0,0,49.0
1,1.0,1.0,1.0,90,365,3,5.0,637,297.0,4.905714285714287,1.0,270,2.0,6.126283041965366,f,f,1,1,0,0,0,0,0,0,0,0,0,0,49.0
7,2.0,2.0,4.0,2,27,39,4.74,410,18.0,4.7542857142857144,14.0,78,2.0,0.7953280747104582,t,t,1,1,0,0,0,0,0,0,0,0,0,0,440.0
6,1.0,2.0,3.0,2,365,24,4.92,2289,15.0,4.898571428571429,12.0,48,2.0,5.194827706193298,f,f,1,1,0,0,0,0,0,0,0,0,0,0,168.0
2,1.0,0.0,1.0,2,29,63,4.98,3121,10.0,4.964285714285714,0.0,126,2.0,3.3638439133489353,t,f,1,1,0,0,0,0,0,0,0,0,0,0,130.0
3,1.0,2.0,2.0,90,365,1,5.0,1198,320.0,5.0,6.0,90,2.0,0.8604633082670579,t,f,1,1,0,0,0,0,0,0,0,0,0,0,150.0
1,1.0,1.0,1.0,90,365,1,5.0,637,380.0,5.0,1.0,90,2.0,6.763309338326212,f,f,1,1,0,0,0,0,0,0,0,0,0,0,35.0
2,1.0,1.0,1.0,1,30,29,4.97,2197,7.0,4.937142857142857,2.0,29,2.0,0.41793618306167357,f,f,1,1,0,0,0,0,0,0,0,0,0,0,345.0
2,1.0,1.0,1.0,1,365,31,4.9,4095,17.0,4.804285714285714,2.0,31,2.0,6.4113793037450195,t,f,1,1,0,0,0,0,0,0,0,0,0,0,77.0
4,2.0,2.0,3.0,3,90,9,4.89,1398,196.0,4.89,8.0,27,0.0,4.253722739133309,t,f,1,1,0,0,0,0,0,0,0,0,0,0,480.0
4,1.0,1.0,2.0,1,364,2,5.0,405,198.0,4.928571428571429,4.0,2,0.0,0.6688111251017217,f,f,1,1,0,0,0,0,0,0,0,0,0,0,397.0
5,1.5,2.0,2.0,2,28,64,4.61,405,19.0,4.6499999999999995,10.0,128,2.0,5.773011317099676,f,f,1,1,0,0,0,0,0,0,0,0,0,0,137.0
11,6.5,6.0,6.0,2,365,25,4.88,3445,21.0,4.857142857142857,66.0,50,2.0,4.10473611722998,t,f,1,1,0,0,0,0,0,0,0,0,0,0,1170.0
2,1.0,1.0,1.0,2,365,19,4.79,404,9.0,4.8428571428571425,2.0,38,2.0,8.46285349437255,t,f,0,0,0,0,0,0,0,0,0,0,0,0,127.0
8,3.0,4.0,0.0,1,365,49,4.82,708,26.0,4.811428571428571,32.0,49,1.0,5.601812222569589,f,t,1,1,0,0,0,0,0,0,0,0,0,0,664.0
4,1.0,1.0,2.0,1,365,105,4.85,3250,7.0,4.815714285714286,4.0,105,2.0,2.4918429740332946,t,t,1,1,0,0,0,0,0,0,0,0,0,0,208.0
5,1.0,1.0,2.0,1,365,36,4.97,404,21.0,4.92,5.0,36,2.0,1.1988521031732522,t,t,1,1,0,0,0,0,0,0,0,0,0,0,431.0
4,1.0,2.0,0.0,3,60,25,4.92,4564,18.0,4.925714285714285,8.0,75,2.0,5.7017230703733235,f,f,1,1,0,0,0,0,0,0,0,0,0,0,308.0
1,2.0,1.0,1.0,90,365,0,4.89,3361,0.0,4.892857142857143,1.0,0,,7.859880624025369,f,f,1,1,0,0,0,0,0,0,0,0,0,0,63.0
1,1.0,1.0,1.0,90,98,3,5.0,3359,52.0,5.0,1.0,270,1.0,8.278289708202248,t,f,1,1,0,0,0,0,0,0,0,0,0,0,43.0
4,1.0,2.0,3.0,4,90,41,4.78,3349,15.0,4.789999999999999,8.0,164,2.0,4.543154135579019,t,f,1,1,0,0,0,0,0,0,0,0,0,0,250.0
4,1.0,1.0,2.0,90,180,4,5.0,3125,141.0,4.821428571428571,4.0,360,0.0,2.4518563559489053,t,t,1,0,0,0,0,0,0,0,0,0,0,0,101.0
1,1.0,1.0,0.0,90,365,1,5.0,637,266.0,5.0,1.0,90,3.0,6.7992894001429125,f,f,1,1,0,0,0,0,0,0,0,0,0,0,44.0
6,1.0,1.0,2.0,2,29,29,4.93,1803,14.0,4.917142857142856,6.0,58,2.0,8.63581899194256,t,f,1,1,0,0,0,0,0,0,0,0,0,0,216.0
6,1.5,2.0,3.0,1,60,3,5.0,3318,198.0,4.905714285714287,12.0,3,0.0,8.244613414786151,,f,1,1,0,0,0,0,0,0,0,0,0,0,338.0
5,2.0,2.0,3.0,1,1125,11,5.0,398,10.0,4.961428571428572,10.0,11,2.0,6.284001363335386,f,t,1,1,0,0,0,0,0,0,0,0,0,0,408.0
2,1.0,1.0,1.0,90,365,4,5.0,2387,171.0,4.928571428571429,2.0,360,0.0,2.278069424733424,f,t,1,1,0,0,0,0,0,0,0,0,0,0,118.0
4,1.5,1.0,2.0,1,7,1,5.0,3318,349.0,5.0,4.0,1,2.0,8.14307079640665,,f,1,1,0,0,0,0,0,0,0,0,0,0,188.0
6,2.0,2.0,3.0,2,365,42,4.83,3309,20.0,4.751428571428571,12.0,84,2.0,0.9300592861496598,t,t,1,1,0,0,0,0,0,0,0,0,0,0,297.0
3,1.0,1.0,2.0,1,1125,70,4.96,5052,6.0,4.964285714285714,3.0,70,2.0,5.4098382197817,t,f,1,1,0,0,0,0,0,0,0,0,0,0,173.0
3,1.0,1.0,2.0,2,365,26,4.92,1694,25.0,4.948571428571428,3.0,52,1.0,6.953135051029551,t,f,1,1,0,0,0,0,0,0,0,0,0,0,144.0
1,1.0,1.0,1.0,90,365,2,5.0,637,178.0,5.0,1.0,180,0.0,6.111070505922212,f,f,1,1,0,0,0,0,0,0,0,0,0,0,44.0
2,1.0,1.0,1.0,1,7,22,4.91,776,23.0,4.954285714285715,2.0,22,2.0,5.473858309292877,f,f,1,1,0,0,0,0,0,0,0,0,0,0,134.0
2,1.0,0.0,1.0,90,365,5,4.8,2387,46.0,4.828571428571429,0.0,450,1.0,2.847586658235188,f,t,1,1,0,0,0,0,0,0,0,0,0,0,112.0
2,1.0,0.0,1.0,90,365,4,4.25,2387,85.0,4.678571428571429,0.0,360,1.0,2.6599417781201664,f,t,1,1,0,0,0,0,0,0,0,0,0,0,126.0
2,1.0,0.0,1.0,90,365,3,5.0,2387,282.0,5.0,0.0,270,3.0,2.8448392744429656,f,t,1,1,0,0,0,0,0,0,0,0,0,0,102.0
2,1.0,1.0,0.0,90,365,2,5.0,637,252.0,4.928571428571429,2.0,180,3.0,0.47055965121830584,f,f,1,1,0,0,0,0,0,0,0,0,0,0,105.0
1,1.0,3.0,1.0,91,365,1,4.0,1965,267.0,3.857142857142857,3.0,91,3.0,8.41071654347804,,f,1,1,0,0,0,0,0,0,0,0,0,0,54.0
2,1.5,1.0,2.0,90,365,7,5.0,397,266.0,4.938571428571429,2.0,630,3.0,3.265533329860176,f,f,1,1,0,0,0,0,0,0,0,0,0,0,319.0
3,1.5,2.0,1.0,2,45,32,5.0,396,22.0,4.9471428571428575,6.0,64,2.0,6.482306572746848,t,f,1,1,0,0,0,0,0,0,0,0,0,0,103.0
2,1.0,1.0,1.0,1,365,4,3.0,2462,119.0,3.357142857142857,2.0,4,0.0,4.0673057591910275,f,f,1,1,0,0,0,0,0,0,0,0,0,0,75.0
5,1.0,3.0,3.0,90,180,0,4.89,3532,0.0,4.892857142857143,15.0,0,,4.94225283161332,f,f,1,1,0,0,0,0,0,0,0,0,0,0,121.0
2,1.0,1.0,1.0,90,365,5,5.0,2387,56.0,4.971428571428571,2.0,450,1.0,2.6849648861776694,f,t,1,1,0,0,0,0,0,0,0,0,0,0,118.0
2,1.0,1.0,1.0,90,365,3,5.0,637,9.0,5.0,2.0,270,2.0,5.446411263259019,f,f,1,1,0,0,0,0,0,0,0,0,0,0,65.0
4,1.0,1.0,2.0,5,365,30,4.83,396,8.0,4.837142857142857,4.0,150,2.0,1.0947228915089071,t,t,1,1,0,0,0,0,0,0,0,0,0,0,248.0
2,1.0,1.0,0.0,1,365,1,1.0,2462,401.0,2.0,2.0,1,1.0,4.295369228708372,f,f,1,1,0,0,0,0,0,0,0,0,0,0,80.0
6,2.0,2.0,3.0,3,365,2,5.0,3237,350.0,4.928571428571429,12.0,6,2.0,1.0614683215080356,f,f,1,0,0,0,0,0,0,0,0,0,0,0,611.0
2,1.0,1.0,1.0,1,365,24,4.88,751,5.0,4.894285714285715,2.0,24,2.0,6.435485900309667,t,t,1,1,0,0,0,0,0,0,0,0,0,0,103.0
4,1.0,1.0,3.0,3,365,61,4.9,394,17.0,4.847142857142857,4.0,183,2.0,0.9969915832054348,t,f,1,1,0,0,0,0,0,0,0,0,0,0,239.0
6,2.0,2.0,3.0,1,28,72,4.93,2277,8.0,4.928571428571428,12.0,72,2.0,7.173707018089864,t,f,1,1,0,0,0,0,0,0,0,0,0,0,244.0
2,1.0,1.0,1.0,1,365,19,4.84,751,29.0,4.855714285714286,2.0,19,1.0,6.374360379308464,t,t,1,1,0,0,0,0,0,0,0,0,0,0,101.0
4,1.0,1.0,2.0,2,28,10,4.8,3268,28.0,4.828571428571429,4.0,20,1.0,7.8612307463338755,t,f,1,1,0,0,0,0,0,0,0,0,0,0,235.0
6,1.5,2.0,2.0,2,31,19,4.89,2555,36.0,4.915714285714286,12.0,38,1.0,7.095440035944897,t,f,1,1,0,0,0,0,0,0,0,0,0,0,242.0
2,1.0,1.0,0.0,2,60,1,5.0,2208,397.0,5.0,2.0,2,1.0,6.139523104768153,t,t,1,1,0,0,0,0,0,0,0,0,0,0,134.0
1,1.0,1.0,1.0,90,365,0,4.89,637,0.0,4.892857142857143,1.0,0,,5.37021725776847,f,f,1,1,0,0,0,0,0,0,0,0,0,0,60.0
2,1.0,1.0,0.0,90,365,1,5.0,637,40.0,5.0,2.0,90,1.0,5.496493696701712,f,f,1,1,0,0,0,0,0,0,0,0,0,0,55.0
6,2.0,3.0,3.0,2,25,13,5.0,4257,18.0,4.922857142857143,18.0,26,2.0,1.004526764258725,t,f,1,1,0,0,0,0,0,0,0,0,0,0,637.0
6,2.0,2.0,3.0,2,30,57,4.93,4081,16.0,4.872857142857143,12.0,114,2.0,0.9679123440682759,t,f,1,1,0,0,0,0,0,0,0,0,0,0,476.0
2,1.0,1.0,1.0,1,365,22,4.95,751,5.0,4.8999999999999995,2.0,22,2.0,6.337556766093752,t,t,1,1,0,0,0,0,0,0,0,0,0,0,115.0
2,1.0,1.0,1.0,3,365,10,5.0,2387,295.0,4.9142857142857155,2.0,30,3.0,2.465882644184151,f,t,1,1,0,0,0,0,0,0,0,0,0,0,279.0
4,1.0,2.0,2.0,3,32,28,4.96,2516,15.0,4.968571428571429,8.0,84,2.0,6.265319845204827,t,f,1,1,0,0,0,0,0,0,0,0,0,0,213.0
6,2.0,2.0,4.0,2,365,32,4.88,4208,5.0,4.83,12.0,64,2.0,6.5264037740606256,t,f,1,1,0,0,0,0,0,0,0,0,0,0,159.0
2,1.0,1.0,0.0,90,365,2,4.0,637,266.0,4.357142857142857,2.0,180,3.0,6.534077747609692,f,f,1,1,0,0,0,0,0,0,0,0,0,0,58.0
6,2.0,3.0,3.0,2,365,50,4.94,3030,28.0,4.942857142857143,18.0,100,1.0,6.3135103748702575,t,f,1,1,0,0,0,0,0,0,0,0,0,0,293.0
3,1.0,1.0,1.0,1,30,75,4.95,391,14.0,4.924285714285714,3.0,75,2.0,0.4651995263981713,t,t,1,1,0,0,0,0,0,0,0,0,0,0,241.0
6,2.0,3.0,4.0,2,365,49,4.86,391,37.0,4.872857142857143,18.0,98,1.0,1.0069118698943826,t,f,1,1,0,0,0,0,0,0,0,0,0,0,386.0
3,1.0,0.0,2.0,1,365,48,4.83,390,16.0,4.798571428571429,0.0,48,2.0,4.685897357401634,t,f,1,1,0,0,0,0,0,0,0,0,0,0,194.0
2,1.0,1.0,1.0,1,365,68,4.94,390,6.0,4.942857142857143,2.0,68,2.0,0.653390669197305,t,f,1,1,0,0,0,0,0,0,0,0,0,0,435.0
3,1.0,1.0,2.0,1,28,40,4.83,390,15.0,4.852857142857142,3.0,40,2.0,7.667789797395516,t,f,1,1,0,0,0,0,0,0,0,0,0,0,141.0
2,1.0,1.0,1.0,1,365,17,4.59,2448,196.0,4.630000000000001,2.0,17,0.0,6.136749583963629,f,t,1,1,0,0,0,0,0,0,0,0,0,0,101.0
4,1.0,1.0,2.0,2,120,30,4.87,389,22.0,4.828571428571429,4.0,60,2.0,3.0751117071490977,t,t,1,1,0,0,0,0,0,0,0,0,0,0,173.0
5,1.0,2.0,2.0,1,365,8,5.0,390,16.0,4.965714285714285,10.0,8,2.0,0.5810195792584745,t,f,1,1,0,0,0,0,0,0,0,0,0,0,699.0
4,1.0,1.0,2.0,1,365,27,4.52,816,9.0,4.46,4.0,27,2.0,1.6141208821724242,f,f,1,1,0,0,0,0,0,0,0,0,0,0,160.0
1,1.0,1.0,0.0,1,365,75,4.95,2572,6.0,4.95,1.0,75,2.0,4.489903448524046,t,f,1,0,0,0,0,0,0,0,0,0,0,0,108.0
2,1.0,1.0,1.0,1,365,0,4.89,2462,0.0,4.892857142857143,2.0,0,,4.042856394218888,f,f,1,1,0,0,0,0,0,0,0,0,0,0,85.0
2,1.0,0.0,1.0,2,27,18,5.0,437,22.0,4.975714285714285,0.0,36,2.0,6.712847635755064,t,f,0,1,0,0,0,0,0,0,0,0,0,0,181.0
4,1.0,1.0,2.0,1,365,20,4.9,1336,18.0,4.885714285714286,4.0,20,2.0,0.28249518315608185,t,f,1,1,0,0,0,0,0,0,0,0,0,0,235.0
2,3.5,1.0,1.0,90,365,2,5.0,797,197.0,5.0,2.0,180,0.0,6.5789962984925,f,f,1,1,0,0,0,0,0,0,0,0,0,0,122.0
4,1.0,2.0,2.0,1,30,20,5.0,387,16.0,4.971428571428571,8.0,20,2.0,6.497564064117122,t,f,1,1,0,0,0,0,0,0,0,0,0,0,218.0
2,1.0,0.0,0.0,93,93,2,5.0,2769,185.0,4.928571428571429,0.0,186,0.0,3.711994063406136,f,t,1,1,0,0,0,0,0,0,0,0,0,0,86.0
4,1.0,2.0,2.0,1,1125,52,4.94,386,19.0,4.924285714285714,8.0,52,2.0,5.122149869753216,t,f,1,1,0,0,0,0,0,0,0,0,0,0,217.0
4,1.0,2.0,2.0,3,365,27,5.0,3646,9.0,4.972857142857143,8.0,81,2.0,4.568338649816225,f,f,1,1,0,0,0,0,0,0,0,0,0,0,315.0
5,1.0,2.0,3.0,2,28,64,4.86,2946,6.0,4.9,10.0,128,2.0,8.266526459482845,t,f,1,1,0,0,0,0,0,0,0,0,0,0,127.0
4,1.0,1.0,2.0,2,90,22,4.91,1129,31.0,4.871428571428572,4.0,44,1.0,0.8007054086253239,t,t,1,1,0,0,0,0,0,0,0,0,0,0,179.0
4,1.0,2.0,3.0,90,200,1,5.0,702,329.0,5.0,8.0,90,2.0,7.430433518153368,t,f,0,1,0,0,0,0,0,0,0,0,0,0,356.0
6,3.5,3.0,0.0,90,600,1,5.0,2448,329.0,5.0,18.0,90,2.0,0.9407233497443146,f,f,1,1,0,0,0,0,0,0,0,0,0,0,650.0
4,1.0,1.0,2.0,1,365,29,4.72,578,4.0,4.78,4.0,29,2.0,1.044693511367689,t,f,1,1,0,0,0,0,0,0,0,0,0,0,337.0
6,2.0,2.0,2.0,2,30,4,5.0,384,60.0,4.964285714285714,12.0,8,1.0,2.0956150859421143,f,f,0,1,0,0,0,0,0,0,0,0,0,0,414.0
3,1.0,1.0,1.0,1,365,25,4.96,390,8.0,4.965714285714286,3.0,25,2.0,0.6628229549937911,t,f,1,1,0,0,0,0,0,0,0,0,0,0,492.0
6,1.5,2.0,3.0,1,365,9,5.0,390,9.0,4.905714285714287,12.0,9,2.0,0.6532567070234846,t,f,1,1,0,0,0,0,0,0,0,0,0,0,718.0
5,1.0,2.0,2.0,1,365,4,5.0,390,93.0,4.964285714285714,10.0,4,1.0,0.7404298880698094,t,f,1,1,0,0,0,0,0,0,0,0,0,0,653.0
2,1.0,1.0,1.0,90,200,1,5.0,4003,174.0,5.0,2.0,90,0.0,1.813142558373823,f,f,1,1,0,0,0,0,0,0,0,0,0,0,145.0
4,1.0,1.0,2.0,90,365,21,4.19,382,37.0,4.394285714285715,4.0,1890,1.0,0.7627360176049084,f,f,1,1,0,0,0,0,0,0,0,0,0,0,183.0
4,1.0,2.0,2.0,3,1125,20,5.0,3915,15.0,5.0,8.0,60,2.0,3.5250377882111272,t,f,1,1,0,0,0,0,0,0,0,0,0,0,321.0
2,1.0,1.0,1.0,1,365,2,1.0,2462,294.0,1.2857142857142858,2.0,2,3.0,3.9805475295906656,f,f,1,1,0,0,0,0,0,0,0,0,0,0,79.0
8,2.0,4.0,4.0,1,30,18,4.67,411,16.0,4.715714285714285,32.0,18,2.0,6.564543317312848,t,t,1,1,0,0,0,0,0,0,0,0,0,0,553.0
2,1.0,1.0,1.0,4,30,31,4.94,1358,10.0,4.914285714285714,2.0,124,2.0,1.043299417712024,t,f,1,1,0,0,0,0,0,0,0,0,0,0,239.0
4,1.0,2.0,2.0,2,100,29,5.0,4674,9.0,4.96,8.0,58,2.0,4.869436517329797,t,f,1,1,0,0,0,0,0,0,0,0,0,0,182.0
4,1.0,2.0,2.0,1,365,42,4.95,1637,8.0,4.938571428571429,8.0,42,2.0,5.98331437483877,t,f,1,1,0,0,0,0,0,0,0,0,0,0,372.0
6,1.5,2.0,3.0,90,365,55,4.8,910,9.0,4.772857142857143,12.0,4950,2.0,9.105858615926559,,f,1,1,0,0,0,0,0,0,0,0,0,0,108.0
8,3.0,3.0,5.0,3,18,4,5.0,4866,88.0,4.964285714285714,24.0,12,1.0,5.968510558743949,f,f,1,1,0,0,0,0,0,0,0,0,0,0,638.0
2,1.0,1.0,1.0,1,28,13,4.62,2591,296.0,4.691428571428572,2.0,13,3.0,5.736346266526314,f,f,1,1,0,0,0,0,0,0,0,0,0,0,102.0
2,1.0,1.0,1.0,1,28,11,4.55,2591,16.0,4.637142857142857,2.0,11,2.0,5.81921411693915,f,f,1,1,0,0,0,0,0,0,0,0,0,0,110.0
4,1.0,1.0,2.0,2,365,11,5.0,2552,16.0,4.948571428571428,4.0,22,2.0,2.567323471775926,f,f,1,1,0,0,0,0,0,0,0,0,0,0,283.0
8,2.0,2.0,3.0,2,31,32,4.94,1668,20.0,4.867142857142857,16.0,64,2.0,1.2885598230664923,t,t,1,1,0,0,0,0,0,0,0,0,0,0,525.0
3,1.0,1.0,2.0,2,90,12,4.92,1073,9.0,4.858571428571429,3.0,24,2.0,7.523152758908977,t,f,1,1,0,0,0,0,0,0,0,0,0,0,170.0
6,2.0,2.0,3.0,1,365,11,4.91,2571,16.0,4.897142857142858,12.0,11,2.0,6.047410548009554,t,t,1,1,0,0,0,0,0,0,0,0,0,0,315.0
9,3.5,5.0,5.0,3,365,14,4.93,752,37.0,4.93,45.0,42,1.0,4.024020569757951,t,f,1,1,0,0,0,0,0,0,0,0,0,0,472.0
4,1.0,1.0,2.0,2,365,4,5.0,2387,129.0,4.928571428571429,4.0,8,0.0,1.6511828991366089,f,t,1,1,0,0,0,0,0,0,0,0,0,0,300.0
12,3.0,4.0,5.0,2,365,56,4.89,375,9.0,4.8999999999999995,48.0,112,2.0,5.045359812259626,t,f,1,1,0,0,0,0,0,0,0,0,0,0,588.0
4,1.0,2.0,0.0,2,365,22,4.82,1232,50.0,4.824285714285714,8.0,44,1.0,7.838025350083472,t,f,1,1,0,0,0,0,0,0,0,0,0,0,150.0
5,1.0,3.0,3.0,1,30,30,4.67,1823,19.0,4.724285714285714,15.0,30,2.0,8.100311020841767,f,f,1,1,0,0,0,0,0,0,0,0,0,0,140.0
4,2.0,2.0,2.0,90,365,2,3.0,2387,28.0,3.5714285714285716,8.0,180,1.0,1.8618436307413377,f,t,1,1,0,0,0,0,0,0,0,0,0,0,285.0
5,1.0,2.0,3.0,1,365,29,4.97,2332,15.0,4.947142857142857,10.0,29,2.0,7.08686186828409,,f,1,1,0,0,0,0,0,0,0,0,0,0,180.0
2,1.0,1.0,1.0,3,180,22,5.0,3056,8.0,4.9799999999999995,2.0,66,2.0,7.103196516861362,t,f,1,1,0,0,0,0,0,0,0,0,0,0,164.0
6,3.5,4.0,3.0,3,365,73,4.96,4048,7.0,4.951428571428572,24.0,219,2.0,9.157858698152292,t,f,1,1,0,0,0,0,0,0,0,0,0,0,354.0
6,2.0,2.0,3.0,1,365,35,4.91,3584,17.0,4.904285714285715,12.0,35,2.0,7.56008669264818,t,t,1,1,0,0,0,0,0,0,0,0,0,0,156.0
8,2.0,3.0,3.0,90,365,2,4.0,1942,333.0,4.357142857142857,24.0,180,2.0,3.0152765910819244,f,f,1,1,0,0,0,0,0,0,0,0,0,0,797.0
2,1.0,1.0,0.0,1,30,30,4.87,5299,9.0,4.911428571428571,2.0,30,2.0,4.095927703191186,t,f,1,1,0,0,0,0,0,0,0,0,0,0,128.0
3,1.0,1.0,4.0,2,30,41,4.9,1544,8.0,4.8999999999999995,3.0,82,2.0,1.097024868010126,t,f,1,1,0,0,0,0,0,0,0,0,0,0,237.0
6,2.0,3.0,3.0,90,180,1,5.0,3739,23.0,4.857142857142857,18.0,90,2.0,1.2401633896725999,t,f,1,1,0,0,0,0,0,0,0,0,0,0,283.0
2,2.5,1.0,1.0,90,365,5,4.2,3196,197.0,4.257142857142857,2.0,450,0.0,5.501469266469966,f,f,1,1,0,0,0,0,0,0,0,0,0,0,79.0
2,1.0,1.0,1.0,90,365,1,5.0,3939,305.0,5.0,2.0,90,2.0,0.3629214995030282,t,f,1,1,0,0,0,0,0,0,0,0,0,0,256.0
2,1.0,1.0,1.0,2,8,41,4.93,2642,9.0,4.938571428571429,2.0,82,2.0,8.007296430422446,t,f,1,1,0,0,0,0,0,0,0,0,0,0,116.0
8,2.0,3.0,4.0,2,365,27,4.74,368,24.0,4.751428571428571,24.0,54,1.0,6.606461980458318,t,f,1,1,0,0,0,0,0,0,0,0,0,0,435.0
2,1.0,0.0,1.0,1,90,28,4.79,2002,6.0,4.837142857142857,0.0,28,2.0,8.524865668262509,t,t,1,1,0,0,0,0,0,0,0,0,0,0,114.0
3,0.5,1.0,1.0,2,90,14,4.64,768,60.0,4.775714285714286,3.0,28,1.0,7.93723051686149,f,f,1,1,0,0,0,0,0,0,0,0,0,0,124.0
5,2.0,2.0,2.0,1,365,4,4.75,390,31.0,4.928571428571429,10.0,4,1.0,0.6532567070234846,t,f,1,1,0,0,0,0,0,0,0,0,0,0,751.0
5,1.0,2.0,2.0,3,365,39,5.0,4390,11.0,4.992857142857143,10.0,117,2.0,4.221739920155641,t,f,1,1,0,0,0,0,0,0,0,0,0,0,210.0
1,1.0,1.0,1.0,90,365,0,4.89,637,0.0,4.892857142857143,1.0,0,,6.671004035838393,f,f,1,1,0,0,0,0,0,0,0,0,0,0,38.0
4,1.0,1.0,1.0,2,365,2,5.0,3877,25.0,5.0,4.0,4,1.0,7.130912356870729,f,f,1,1,0,0,0,0,0,0,0,0,0,0,133.0
6,2.0,2.0,3.0,3,180,10,5.0,3665,45.0,4.942857142857143,12.0,30,1.0,1.8406097000313444,t,f,1,1,0,0,0,0,0,0,0,0,0,0,450.0
4,1.0,2.0,3.0,1,29,93,4.92,472,10.0,4.914285714285714,8.0,93,2.0,1.0362449195945147,t,f,1,1,0,0,0,0,0,0,0,0,0,0,343.0
2,1.0,0.0,1.0,1,365,5,3.4,750,296.0,3.5714285714285716,0.0,5,3.0,3.9552223173984564,f,f,0,1,0,0,0,0,0,0,0,0,0,0,76.0
3,1.0,1.0,1.0,2,90,50,5.0,4722,5.0,4.9799999999999995,3.0,100,2.0,4.642450445094017,t,f,1,1,0,0,0,0,0,0,0,0,0,0,181.0
4,1.0,2.0,2.0,91,365,0,4.89,1965,0.0,4.892857142857143,8.0,0,,8.410506868850083,,f,1,1,0,0,0,0,0,0,0,0,0,0,140.0
2,1.0,0.0,1.0,1,365,3,3.0,750,296.0,3.382857142857143,0.0,3,3.0,3.7863979065774642,f,f,0,1,0,0,0,0,0,0,0,0,0,0,80.0
4,1.0,2.0,2.0,1,20,21,4.62,364,10.0,4.687142857142858,8.0,21,2.0,6.1298162382651284,f,t,1,1,0,0,0,0,0,0,0,0,0,0,167.0
4,1.0,1.0,1.0,90,365,0,4.89,1024,0.0,4.892857142857143,4.0,0,,0.9634988210829926,f,f,1,1,0,0,0,0,0,0,0,0,0,0,174.0
5,2.0,2.0,2.0,90,365,1,1.0,367,346.0,3.0,10.0,90,2.0,0.3152341630223649,f,t,1,1,0,0,0,0,0,0,0,0,0,0,500.0
2,1.0,0.0,1.0,1,365,7,3.86,750,65.0,4.144285714285714,0.0,7,1.0,3.835139399917187,f,f,0,1,0,0,0,0,0,0,0,0,0,0,110.0
8,2.0,3.0,3.0,90,365,10,4.6,1194,21.0,4.742857142857143,24.0,900,2.0,5.352020786187309,,f,1,1,0,0,0,0,0,0,0,0,0,0,417.0
4,1.0,1.0,2.0,2,1125,30,4.93,1336,5.0,4.942857142857142,4.0,60,2.0,0.4168662691188919,f,f,1,1,0,0,0,0,0,0,0,0,0,0,321.0
2,1.0,0.0,1.0,1,365,5,3.6,750,28.0,4.142857142857143,0.0,5,1.0,4.001097899603025,f,f,0,1,0,0,0,0,0,0,0,0,0,0,105.0
4,1.0,2.0,2.0,3,30,14,4.86,5331,51.0,4.96,8.0,42,1.0,5.058870240349618,t,f,1,1,0,0,0,0,0,0,0,0,0,0,153.0
1,1.0,1.0,1.0,90,365,3,4.0,637,241.0,4.428571428571429,1.0,270,3.0,6.986697556323514,f,f,1,1,0,0,0,0,0,0,0,0,0,0,41.0
3,1.0,1.0,1.0,90,365,0,4.89,3855,0.0,4.892857142857143,3.0,0,,0.5056608176689937,f,f,0,1,0,0,0,0,0,0,0,0,0,0,130.0
6,2.0,3.0,3.0,3,365,13,5.0,3368,12.0,4.988571428571428,18.0,39,2.0,5.7035800213501835,t,f,1,1,0,0,0,0,0,0,0,0,0,0,315.0
1,1.0,1.0,1.0,90,365,2,5.0,637,51.0,4.857142857142857,1.0,180,1.0,6.4566666783096185,f,f,1,1,0,0,0,0,0,0,0,0,0,0,40.0
1,1.0,1.0,1.0,90,365,3,3.67,637,44.0,3.6214285714285714,1.0,270,1.0,6.701517305370724,f,f,1,1,0,0,0,0,0,0,0,0,0,0,43.0
1,1.0,1.0,1.0,90,365,0,4.89,637,0.0,4.892857142857143,1.0,0,,6.473313324844097,f,f,1,1,0,0,0,0,0,0,0,0,0,0,49.0
6,1.0,2.0,3.0,2,365,25,4.92,3037,18.0,4.931428571428571,12.0,50,2.0,4.656146525790832,t,f,1,1,0,0,0,0,0,0,0,0,0,0,332.0
4,2.0,2.0,2.0,90,365,33,4.7,3190,215.0,4.6571428571428575,8.0,2970,3.0,7.788351786907696,f,f,1,1,0,0,0,0,0,0,0,0,0,0,171.0
4,2.0,2.0,2.0,3,365,6,4.83,363,23.0,4.7128571428571435,8.0,18,2.0,1.1055642129973975,f,f,1,1,0,0,0,0,0,0,0,0,0,0,389.0
1,1.0,1.0,1.0,90,365,4,4.0,637,189.0,4.214285714285714,1.0,360,0.0,7.018459604357084,f,f,1,1,0,0,0,0,0,0,0,0,0,0,41.0
4,3.0,2.0,2.0,90,365,0,4.89,1849,0.0,4.892857142857143,8.0,0,,0.40571598514231455,f,f,1,1,0,0,0,0,0,0,0,0,0,0,400.0
8,3.0,4.0,4.0,1,365,24,4.92,1940,55.0,4.877142857142857,32.0,24,1.0,0.38030445374318145,f,f,1,0,0,0,0,0,0,0,0,0,0,0,1024.0
4,1.0,1.0,2.0,3,365,33,4.97,3836,16.0,4.9399999999999995,4.0,99,2.0,1.9683749255678904,t,f,1,1,0,0,0,0,0,0,0,0,0,0,307.0
3,1.0,1.0,1.0,1,365,2,2.5,750,191.0,2.9285714285714284,3.0,2,0.0,3.7962627870060177,f,f,0,1,0,0,0,0,0,0,0,0,0,0,85.0
1,1.0,1.0,1.0,90,365,1,5.0,637,298.0,5.0,1.0,90,2.0,6.630534220300988,f,f,1,1,0,0,0,0,0,0,0,0,0,0,52.0
1,1.5,1.0,1.0,90,365,0,4.89,637,0.0,4.892857142857143,1.0,0,,6.65048961085069,f,f,1,1,0,0,0,0,0,0,0,0,0,0,52.0
1,1.5,1.0,1.0,90,365,0,4.89,637,0.0,4.892857142857143,1.0,0,,6.461370995992456,f,f,1,1,0,0,0,0,0,0,0,0,0,0,49.0
2,1.0,1.0,1.0,90,250,3,4.33,5246,205.0,4.569999999999999,2.0,270,0.0,5.875772704079623,t,t,1,1,0,0,0,0,0,0,0,0,0,0,101.0
2,1.0,1.0,1.0,2,365,15,4.67,1670,127.0,4.724285714285714,2.0,30,0.0,0.978229658901658,f,f,1,1,0,0,0,0,0,0,0,0,0,0,250.0
4,1.0,1.0,3.0,1,30,28,4.64,1823,22.0,4.698571428571428,4.0,28,2.0,1.0735636956404564,f,t,1,1,0,0,0,0,0,0,0,0,0,0,214.0
4,1.0,2.0,2.0,1,30,11,4.55,3918,16.0,4.508571428571429,8.0,11,2.0,2.7865081092053225,f,f,1,1,0,0,0,0,0,0,0,0,0,0,250.0
3,1.0,2.0,3.0,90,365,0,4.89,360,0.0,4.892857142857143,6.0,0,,6.674806266186347,f,f,1,0,0,0,0,0,0,0,0,0,0,0,100.0
5,1.5,2.0,3.0,1,365,38,4.71,690,13.0,4.761428571428572,10.0,38,2.0,7.936933620014797,t,f,0,1,0,0,0,0,0,0,0,0,0,0,280.0
4,1.0,1.0,1.0,1,365,3,5.0,2554,312.0,4.905714285714287,4.0,3,2.0,6.590927366878391,t,f,1,1,0,0,0,0,0,0,0,0,0,0,120.0
5,1.0,2.0,2.0,1,365,74,4.88,359,16.0,4.908571428571428,10.0,74,2.0,7.8325827749281185,t,f,1,1,0,0,0,0,0,0,0,0,0,0,193.0
2,1.0,1.0,2.0,2,365,39,4.85,808,39.0,4.878571428571428,2.0,78,1.0,0.2510226279794044,t,f,1,1,0,0,0,0,0,0,0,0,0,0,607.0
3,1.0,0.0,1.0,90,365,34,4.88,2509,10.0,4.892857142857143,0.0,3060,2.0,8.055804225096194,t,t,1,1,0,0,0,0,0,0,0,0,0,0,155.0
4,1.0,1.0,2.0,2,1125,52,4.85,357,10.0,4.828571428571428,4.0,104,2.0,1.202467100186277,t,f,1,1,0,0,0,0,0,0,0,0,0,0,229.0
4,1.0,1.0,2.0,1,365,96,4.86,1740,5.0,4.890000000000001,4.0,96,2.0,6.12644095331287,,t,1,1,0,0,0,0,0,0,0,0,0,0,115.0
6,2.0,3.0,3.0,90,365,2,5.0,2387,11.0,5.0,18.0,180,2.0,3.2264487649998,f,t,1,1,0,0,0,0,0,0,0,0,0,0,371.0
2,1.0,1.0,1.0,90,365,5,5.0,2387,16.0,4.914285714285714,2.0,450,2.0,0.9890408490166195,f,t,1,1,0,0,0,0,0,0,0,0,0,0,144.0
1,1.0,1.0,1.0,2,365,6,4.83,1419,24.0,4.761428571428572,1.0,12,1.0,7.5519086207693915,f,f,1,1,0,0,0,0,0,0,0,0,0,0,53.0
4,3.0,2.0,2.0,90,365,4,4.75,2692,334.0,4.857142857142857,8.0,360,2.0,5.494543257233209,f,f,1,1,0,0,0,0,0,0,0,0,0,0,450.0
2,1.0,1.0,1.0,2,365,68,4.87,808,6.0,4.895714285714285,2.0,136,2.0,0.2367389350155957,t,t,1,1,0,0,0,0,0,0,0,0,0,0,99.0
2,1.0,1.0,0.0,2,100,3,4.33,833,197.0,4.62,2.0,6,0.0,7.679421180236213,f,t,1,1,0,0,0,0,0,0,0,0,0,0,126.0
2,1.0,1.0,1.0,1,365,28,4.96,354,29.0,4.851428571428571,2.0,28,1.0,3.5047526906948843,t,t,0,1,0,0,0,0,0,0,0,0,0,0,199.0
12,4.0,5.0,6.0,90,365,57,4.95,2387,8.0,4.95,60.0,5130,2.0,2.3711020459916106,f,t,1,1,0,0,0,0,0,0,0,0,0,0,1187.0
2,1.0,1.0,1.0,2,365,22,4.95,3918,25.0,4.881428571428572,2.0,44,1.0,2.6614662578444603,f,f,1,1,0,0,0,0,0,0,0,0,0,0,237.0
3,1.0,1.0,2.0,1,28,19,4.95,353,4.0,4.911428571428571,3.0,19,2.0,8.679369441622418,t,f,1,1,0,0,0,0,0,0,0,0,0,0,137.0
6,1.0,3.0,3.0,1,365,6,4.67,1300,73.0,4.738571428571428,18.0,6,1.0,7.203479467482891,f,f,1,1,0,0,0,0,0,0,0,0,0,0,488.0
4,1.0,1.0,2.0,1,365,18,4.5,1952,25.0,4.611428571428571,4.0,18,1.0,5.9183380955449545,f,t,1,1,0,0,0,0,0,0,0,0,0,0,74.0
2,1.0,1.0,1.0,1,365,12,4.33,1952,63.0,4.402857142857143,2.0,12,1.0,5.9183380955449545,f,t,1,1,0,0,0,0,0,0,0,0,0,0,74.0
2,1.0,1.0,1.0,1,365,6,4.0,1953,42.0,4.357142857142857,2.0,6,1.0,5.9183380955449545,f,t,1,1,0,0,0,0,0,0,0,0,0,0,66.0
4,1.0,1.0,4.0,2,31,30,5.0,4382,23.0,4.975714285714285,4.0,60,2.0,3.1765818596101663,t,f,1,1,0,0,0,0,0,0,0,0,0,0,300.0
3,1.0,1.0,2.0,1,30,16,4.88,351,12.0,4.92,3.0,16,2.0,0.881742141533447,t,t,1,1,0,0,0,0,0,0,0,0,0,0,256.0
4,1.5,1.0,3.0,7,30,14,4.86,3409,133.0,4.797142857142857,4.0,98,0.0,1.2541748722473507,f,f,1,1,0,0,0,0,0,0,0,0,0,0,184.0
3,1.0,2.0,2.0,90,365,30,4.73,3498,18.0,4.6414285714285715,6.0,2700,2.0,0.7865306922902332,t,t,1,1,0,0,0,0,0,0,0,0,0,0,300.0
3,,1.0,1.0,90,365,0,4.89,1024,0.0,4.892857142857143,3.0,0,,0.974351518140525,f,f,1,1,0,0,0,0,0,0,0,0,0,0,174.0
2,1.0,1.0,1.0,1,365,7,4.29,1953,22.0,4.45,2.0,7,2.0,5.9183380955449545,f,t,1,1,0,0,0,0,0,0,0,0,0,0,66.0
4,1.0,1.0,2.0,3,150,29,4.83,2501,10.0,4.908571428571428,4.0,87,2.0,5.422804119803873,t,f,1,1,0,0,0,0,0,0,0,0,0,0,203.0
2,1.0,2.0,1.0,91,365,0,4.89,1965,0.0,4.892857142857143,4.0,0,,8.359673000988336,,f,1,1,0,0,0,0,0,0,0,0,0,0,54.0
4,1.0,2.0,2.0,90,400,0,4.89,3658,0.0,4.892857142857143,8.0,0,,3.561665811674657,f,f,1,1,0,0,0,0,0,0,0,0,0,0,73.0
2,1.0,1.0,1.0,2,10,28,4.93,1243,21.0,4.968571428571429,2.0,56,2.0,7.393268873400039,t,f,1,1,0,0,0,0,0,0,0,0,0,0,145.0
6,2.0,3.0,3.0,90,365,9,4.0,362,259.0,4.2700000000000005,18.0,810,3.0,1.7974667455731872,f,t,1,1,0,0,0,0,0,0,0,0,0,0,969.0
5,1.0,2.0,2.0,2,365,41,4.66,349,16.0,4.772857142857142,10.0,82,2.0,3.6653790411863962,t,f,1,1,0,0,0,0,0,0,0,0,0,0,419.0
2,1.0,1.0,1.0,1,365,19,4.79,349,41.0,4.765714285714286,2.0,19,1.0,2.80667264859308,f,t,0,1,0,0,0,0,0,0,0,0,0,0,192.0
4,2.0,2.0,2.0,2,90,6,4.67,3128,11.0,4.597142857142857,8.0,12,2.0,3.6876843376766906,f,f,1,1,0,0,0,0,0,0,0,0,0,0,214.0
2,1.0,1.0,1.0,1,365,6,4.17,818,139.0,4.261428571428572,2.0,6,0.0,5.9183380955449545,f,t,1,0,0,0,0,0,0,0,0,0,0,0,66.0
6,2.0,3.0,3.0,2,10,4,5.0,5509,51.0,5.0,18.0,8,1.0,4.84269718816683,f,f,1,1,0,0,0,0,0,0,0,0,0,0,339.0
5,2.0,3.0,3.0,1,365,44,4.7,462,9.0,4.757142857142857,15.0,44,2.0,1.1706416291870259,f,t,0,1,0,0,0,0,0,0,0,0,0,0,313.0
4,1.0,1.0,2.0,1,365,13,4.46,346,9.0,4.517142857142857,4.0,13,2.0,0.9943614153462667,f,t,1,1,0,0,0,0,0,0,0,0,0,0,233.0
2,1.0,1.0,1.0,90,365,1,5.0,1233,192.0,4.857142857142857,2.0,90,0.0,5.023934911745527,f,f,0,1,0,0,0,0,0,0,0,0,0,0,111.0
5,2.0,3.0,3.0,3,365,36,4.69,1416,7.0,4.74,15.0,108,2.0,1.0066212789040316,f,f,1,1,0,0,0,0,0,0,0,0,0,0,381.0
4,1.0,2.0,3.0,2,365,31,4.74,346,9.0,4.759999999999999,8.0,62,2.0,0.7444090509803558,t,t,1,1,0,0,0,0,0,0,0,0,0,0,295.0
2,1.0,1.0,1.0,1,25,53,4.74,346,19.0,4.732857142857143,2.0,53,2.0,6.230434182097733,f,t,0,1,0,0,0,0,0,0,0,0,0,0,74.0
5,1.0,2.0,3.0,1,365,17,4.94,396,18.0,4.772857142857143,10.0,17,2.0,1.524887985189113,f,t,1,1,0,0,0,0,0,0,0,0,0,0,306.0
4,2.0,1.0,1.0,90,365,0,4.89,5782,0.0,4.892857142857143,4.0,0,,2.3123293046684514,f,f,1,1,0,0,0,0,0,0,0,0,0,0,134.0
3,1.0,1.0,1.0,1,100,33,4.94,3434,13.0,4.948571428571428,3.0,33,2.0,3.9832653606333954,t,f,1,1,0,0,0,0,0,0,0,0,0,0,177.0
5,1.0,2.0,3.0,3,90,13,5.0,571,35.0,4.965714285714286,10.0,39,1.0,4.137756438325675,t,f,1,1,0,0,0,0,0,0,0,0,0,0,241.0
4,1.0,1.0,2.0,1,30,36,4.81,412,19.0,4.798571428571428,4.0,36,2.0,1.055265591075924,t,t,1,1,0,0,0,0,0,0,0,0,0,0,186.0
2,1.0,1.0,1.0,2,365,11,5.0,2485,23.0,4.987142857142857,2.0,22,2.0,8.9846853915741,t,t,1,1,0,0,0,0,0,0,0,0,0,0,160.0
4,1.0,2.0,2.0,1,365,20,4.95,3586,58.0,4.892857142857143,8.0,20,1.0,5.824481067706143,t,f,1,1,0,0,0,0,0,0,0,0,0,0,318.0
10,4.0,3.0,5.0,1,30,3,5.0,2122,198.0,5.0,30.0,3,0.0,8.508545008468861,f,f,1,0,0,0,0,0,0,0,0,0,0,0,450.0
5,1.0,2.0,3.0,1,364,35,5.0,342,6.0,4.938571428571429,10.0,35,2.0,7.967881821340682,f,f,1,1,0,0,0,0,0,0,0,0,0,0,155.0
4,1.0,2.0,2.0,91,365,0,4.89,1965,0.0,4.892857142857143,8.0,0,,8.52366471655192,,f,1,1,0,0,0,0,0,0,0,0,0,0,165.0
5,1.0,2.0,3.0,2,365,85,4.85,419,8.0,4.8500000000000005,10.0,170,2.0,7.93202165286566,t,t,1,1,0,0,0,0,0,0,0,0,0,0,180.0
2,1.0,1.0,1.0,2,30,9,5.0,341,79.0,4.968571428571429,2.0,18,1.0,1.229775421592751,t,f,1,1,0,0,0,0,0,0,0,0,0,0,405.0
2,1.0,1.0,1.0,90,365,34,4.88,2509,12.0,4.948571428571428,2.0,3060,2.0,8.277752878284485,t,t,1,1,0,0,0,0,0,0,0,0,0,0,152.0
2,1.0,1.0,1.0,2,365,13,5.0,3243,23.0,4.967142857142856,2.0,26,2.0,2.457274657525729,t,f,1,0,0,0,0,0,0,0,0,0,0,0,193.0
2,1.0,1.0,1.0,90,365,1,5.0,1198,189.0,4.857142857142857,2.0,90,0.0,0.43642119251564215,t,f,1,1,0,0,0,0,0,0,0,0,0,0,135.0
5,2.0,3.0,3.0,2,365,48,4.94,340,15.0,4.921428571428572,15.0,96,2.0,5.913994553909596,t,f,1,1,0,0,0,0,0,0,0,0,0,0,223.0
4,3.0,2.0,2.0,180,365,0,4.89,340,0.0,4.892857142857143,8.0,0,,0.2792233729872658,f,f,1,1,0,0,0,0,0,0,0,0,0,0,257.0
4,2.0,2.0,2.0,90,365,0,4.89,340,0.0,4.892857142857143,8.0,0,,0.3209741400782092,f,f,1,1,0,0,0,0,0,0,0,0,0,0,377.0
4,2.0,2.0,2.0,90,365,0,4.89,340,0.0,4.892857142857143,8.0,0,,0.3015089778756715,f,f,1,1,0,0,0,0,0,0,0,0,0,0,330.0
4,2.0,2.0,2.0,90,365,0,4.89,1024,0.0,4.892857142857143,8.0,0,,1.0307455064797848,f,t,1,1,0,0,0,0,0,0,0,0,0,0,217.0
4,3.0,2.0,2.0,90,365,0,4.89,340,0.0,4.892857142857143,8.0,0,,0.28966296601983477,f,f,1,1,0,0,0,0,0,0,0,0,0,0,430.0
6,2.0,2.0,3.0,3,30,37,4.89,339,9.0,4.878571428571428,12.0,111,2.0,0.5218394120738072,t,f,1,1,0,0,0,0,0,0,0,0,0,0,568.0
2,1.0,1.0,1.0,90,365,1,5.0,3247,297.0,4.714285714285714,2.0,90,2.0,0.28716280838048663,t,f,1,1,0,0,0,0,0,0,0,0,0,0,115.0
5,2.0,2.0,3.0,90,730,2,5.0,2888,91.0,4.928571428571429,10.0,180,1.0,3.2682467392856953,t,f,1,1,0,0,0,0,0,0,0,0,0,0,343.0
7,2.0,3.0,4.0,2,365,26,4.88,1037,17.0,4.894285714285714,21.0,52,2.0,1.0549489788657906,t,f,1,1,0,0,0,0,0,0,0,0,0,0,489.0
4,1.0,1.0,1.0,90,365,2,2.5,447,323.0,2.7142857142857144,4.0,180,2.0,0.6265712039000834,f,t,1,1,0,0,0,0,0,0,0,0,0,0,706.0
4,1.0,1.0,2.0,1,30,35,4.69,1026,24.0,4.751428571428571,4.0,35,1.0,7.054554834852106,,t,1,1,0,0,0,0,0,0,0,0,0,0,124.0
8,4.5,4.0,4.0,1,120,16,4.88,2625,10.0,4.93,32.0,16,2.0,5.928892090508783,t,t,1,1,0,0,0,0,0,0,0,0,0,0,728.0
3,1.0,3.0,3.0,90,365,0,4.89,717,0.0,4.892857142857143,9.0,0,,8.34657059872769,f,f,1,1,0,0,0,0,0,0,0,0,0,0,122.0
5,2.5,2.0,3.0,1,1125,24,5.0,727,27.0,4.971428571428572,10.0,24,1.0,6.034605564472999,t,f,1,1,0,0,0,0,0,0,0,0,0,0,540.0
4,2.0,2.0,2.0,90,365,1,5.0,2387,269.0,5.0,8.0,90,3.0,1.7478964406744857,f,t,1,1,0,0,0,0,0,0,0,0,0,0,299.0
4,1.5,2.0,2.0,1,28,30,4.97,3839,19.0,4.944285714285714,8.0,30,2.0,3.7202828808191257,t,f,1,1,0,0,0,0,0,0,0,0,0,0,192.0
8,2.5,5.0,5.0,90,365,0,4.89,3912,0.0,4.892857142857143,40.0,0,,5.785531279038411,f,f,1,1,0,0,0,0,0,0,0,0,0,0,503.0
1,1.0,1.0,1.0,90,365,1,5.0,637,296.0,4.857142857142857,1.0,90,3.0,6.562064786908568,f,f,1,1,0,0,0,0,0,0,0,0,0,0,49.0
2,1.0,1.0,1.0,1,28,34,4.94,417,4.0,4.927142857142857,2.0,34,2.0,5.5983154210789525,t,t,1,1,0,0,0,0,0,0,0,0,0,0,131.0
3,1.0,1.0,1.0,90,365,0,4.89,1654,0.0,4.892857142857143,3.0,0,,6.427420458687748,f,f,1,1,0,0,0,0,0,0,0,0,0,0,48.0
4,1.0,1.0,2.0,1,90,5,4.2,1099,271.0,4.314285714285715,4.0,5,3.0,0.6799076704783412,f,t,1,1,0,0,0,0,0,0,0,0,0,0,406.0
4,2.0,2.0,2.0,120,730,0,4.89,4090,0.0,4.892857142857143,8.0,0,,0.62731324211233,t,f,1,1,0,0,0,0,0,0,0,0,0,0,220.0
4,1.0,1.0,2.0,90,365,2,3.5,2621,317.0,3.5,4.0,180,2.0,3.7064943325777033,f,f,1,1,0,0,0,0,0,0,0,0,0,0,162.0
2,1.0,1.0,1.0,1,28,50,4.92,3319,16.0,4.908571428571428,2.0,50,2.0,5.902127524541587,t,f,1,1,0,0,0,0,0,0,0,0,0,0,105.0
2,1.0,1.0,1.0,1,365,7,3.57,797,23.0,3.7342857142857144,2.0,7,2.0,6.781436582689978,f,f,1,1,0,0,0,0,0,0,0,0,0,0,112.0
2,2.0,1.0,1.0,1,365,6,3.5,797,27.0,3.857142857142857,2.0,6,1.0,6.675717080799061,f,t,1,1,0,0,0,0,0,0,0,0,0,0,106.0
1,1.0,1.0,1.0,90,365,2,5.0,637,18.0,4.785714285714286,1.0,180,2.0,6.665557599916292,f,f,1,1,0,0,0,0,0,0,0,0,0,0,44.0
2,0.5,1.0,1.0,90,365,1,5.0,3115,330.0,5.0,2.0,90,2.0,7.543268544729638,f,f,1,1,0,0,0,0,0,0,0,0,0,0,129.0
2,0.5,1.0,1.0,90,365,0,4.89,3115,0.0,4.892857142857143,2.0,0,,7.521588425910412,f,f,1,1,0,0,0,0,0,0,0,0,0,0,129.0
2,0.5,1.0,1.0,90,365,0,4.89,3115,0.0,4.892857142857143,2.0,0,,7.396235779431017,f,f,1,1,0,0,0,0,0,0,0,0,0,0,152.0
2,0.5,1.0,1.0,90,365,0,4.89,3115,0.0,4.892857142857143,2.0,0,,5.231044564999197,f,f,1,1,0,0,0,0,0,0,0,0,0,0,175.0
2,0.5,1.0,1.0,90,365,0,4.89,3115,0.0,4.892857142857143,2.0,0,,6.6245135827746955,f,f,1,1,0,0,0,0,0,0,0,0,0,0,152.0
2,1.0,1.0,1.0,90,365,0,4.89,3115,0.0,4.892857142857143,2.0,0,,5.0371494787194,f,f,1,1,0,0,0,0,0,0,0,0,0,0,175.0
2,1.0,1.0,1.0,90,365,0,4.89,3115,0.0,4.892857142857143,2.0,0,,5.127304170576271,f,f,1,1,0,0,0,0,0,0,0,0,0,0,175.0
2,1.0,1.0,1.0,90,365,0,4.89,3115,0.0,4.892857142857143,2.0,0,,1.0249965025287713,f,f,1,1,0,0,0,0,0,0,0,0,0,0,345.0
2,1.0,1.0,1.0,90,90,2,4.0,432,257.0,4.214285714285714,2.0,180,3.0,4.461481290234757,f,f,0,1,0,0,0,0,0,0,0,0,0,0,88.0
3,1.0,1.0,1.0,90,730,2,5.0,3252,177.0,5.0,3.0,180,0.0,0.9408443144307569,f,f,1,1,0,0,0,0,0,0,0,0,0,0,157.0
5,2.0,2.0,3.0,3,180,37,4.86,329,7.0,4.904285714285714,10.0,111,2.0,0.47360711351578405,t,f,0,1,0,0,0,0,0,0,0,0,0,0,402.0
6,2.0,3.0,3.0,1,365,60,4.92,328,18.0,4.904285714285714,18.0,60,2.0,6.075559503772991,t,f,1,1,0,0,0,0,0,0,0,0,0,0,212.0
2,1.0,1.0,1.0,90,365,0,4.89,1654,0.0,4.892857142857143,2.0,0,,6.364391378306368,f,f,1,1,0,0,0,0,0,0,0,0,0,0,64.0
4,1.0,2.0,2.0,3,90,6,5.0,3979,22.0,4.975714285714285,8.0,18,2.0,4.545125917998601,t,f,1,1,0,0,0,0,0,0,0,0,0,0,293.0
2,1.0,0.0,1.0,3,20,21,5.0,3905,6.0,4.964285714285714,0.0,63,2.0,4.692051858286841,f,f,1,1,0,0,0,0,0,0,0,0,0,0,131.0
2,1.0,1.0,1.0,1,365,17,4.06,1952,20.0,4.319999999999999,2.0,17,2.0,6.7834968914571165,f,t,1,1,0,0,0,0,0,0,0,0,0,0,74.0
4,2.0,2.0,3.0,90,130,1,5.0,3321,266.0,5.0,8.0,90,3.0,2.176989967987863,f,f,1,1,0,0,0,0,0,0,0,0,0,0,195.0
4,2.5,1.0,2.0,3,60,5,4.8,326,50.0,4.857142857142857,4.0,15,1.0,2.3920801773941944,f,f,1,1,0,0,0,0,0,0,0,0,0,0,318.0
2,1.0,1.0,1.0,90,365,3,3.33,432,235.0,3.7157142857142853,2.0,270,3.0,4.512071493563843,f,f,0,1,0,0,0,0,0,0,0,0,0,0,88.0
4,1.5,2.0,2.0,1,35,40,5.0,4680,7.0,4.941428571428571,8.0,40,2.0,5.053761040587439,t,f,0,1,0,0,0,0,0,0,0,0,0,0,174.0
6,2.0,3.0,3.0,2,28,27,4.93,326,13.0,4.9314285714285715,18.0,54,2.0,7.452703246209005,t,f,1,1,0,0,0,0,0,0,0,0,0,0,292.0
2,1.0,1.0,1.0,1,365,0,4.89,913,0.0,4.892857142857143,2.0,0,,3.962168608915486,f,f,0,1,0,0,0,0,0,0,0,0,0,0,70.0
7,1.0,3.0,1.0,1,365,2,5.0,2474,197.0,5.0,21.0,2,0.0,5.326804350524548,f,f,1,1,0,0,0,0,0,0,0,0,0,0,268.0
2,1.0,1.0,1.0,2,365,28,4.96,2972,7.0,4.902857142857143,2.0,56,2.0,0.48624882740259495,t,f,1,1,0,0,0,0,0,0,0,0,0,0,279.0
2,1.0,0.0,1.0,1,7,41,4.95,325,7.0,4.9071428571428575,0.0,41,2.0,7.721014354001695,t,f,1,1,0,0,0,0,0,0,0,0,0,0,102.0
2,1.0,1.0,1.0,90,365,1,5.0,2607,115.0,5.0,2.0,90,1.0,0.8223351159221212,f,f,1,1,0,0,0,0,0,0,0,0,0,0,135.0
2,1.0,1.0,1.0,90,365,2,5.0,2854,40.0,5.0,2.0,180,1.0,2.9622463513824484,t,t,1,1,0,0,0,0,0,0,0,0,0,0,81.0
3,1.0,1.0,2.0,2,28,24,4.92,865,21.0,4.8999999999999995,3.0,48,2.0,5.610127790538393,t,f,1,1,0,0,0,0,0,0,0,0,0,0,180.0
4,1.0,0.0,2.0,90,365,4,5.0,2387,108.0,4.857142857142857,0.0,360,1.0,2.3959796883662494,f,t,1,1,0,0,0,0,0,0,0,0,0,0,191.0
4,1.0,2.0,2.0,2,365,19,4.84,1300,56.0,4.804285714285714,8.0,38,1.0,7.092331287150463,f,f,1,1,0,0,0,0,0,0,0,0,0,0,402.0
2,1.0,1.0,1.0,2,365,1,5.0,1300,276.0,4.571428571428571,2.0,2,3.0,7.153632185998422,f,f,1,1,0,0,0,0,0,0,0,0,0,0,303.0
4,1.0,1.0,1.0,1,365,25,4.92,2474,20.0,4.954285714285715,4.0,25,2.0,5.298729948131397,f,f,1,1,0,0,0,0,0,0,0,0,0,0,113.0
8,3.5,3.0,8.0,3,28,23,4.91,1955,8.0,4.877142857142857,24.0,69,2.0,6.0422372657478585,t,t,1,1,0,0,0,0,0,0,0,0,0,0,517.0
6,1.5,3.0,3.0,90,365,1,5.0,2621,305.0,5.0,18.0,90,2.0,7.3545294721176555,f,f,1,1,0,0,0,0,0,0,0,0,0,0,424.0
2,1.0,0.0,1.0,90,365,1,5.0,2387,299.0,5.0,0.0,90,2.0,2.3196422574398348,f,t,1,1,0,0,0,0,0,0,0,0,0,0,33.0
5,1.5,2.0,2.0,2,28,35,4.83,321,10.0,4.762857142857143,10.0,70,2.0,7.779818245654065,t,f,1,1,0,0,0,0,0,0,0,0,0,0,180.0
2,1.0,1.0,1.0,1,1125,19,4.79,3633,32.0,4.78,2.0,19,1.0,7.4985782203508355,f,f,1,1,0,0,0,0,0,0,0,0,0,0,81.0
2,1.0,1.0,2.0,1,1125,32,4.69,3633,45.0,4.724285714285714,2.0,32,1.0,7.506888139067684,f,f,1,1,0,0,0,0,0,0,0,0,0,0,97.0
2,1.0,1.0,1.0,1,1125,16,4.56,3633,51.0,4.569999999999999,2.0,16,1.0,7.568942009005672,f,f,1,1,0,0,0,0,0,0,0,0,0,0,78.0
11,2.0,4.0,4.0,1,365,0,4.89,2474,0.0,4.892857142857143,44.0,0,,5.350560039644068,f,f,1,1,0,0,0,0,0,0,0,0,0,0,431.0
8,2.5,3.0,5.0,2,365,33,4.85,2111,10.0,4.884285714285714,24.0,66,2.0,8.954824844938106,f,f,1,1,0,0,0,0,0,0,0,0,0,0,330.0
5,1.0,2.0,2.0,90,365,20,4.0,390,197.0,4.328571428571428,10.0,1800,0.0,7.022231507659473,f,t,0,1,0,0,0,0,0,0,0,0,0,0,195.0
2,1.0,1.0,1.0,90,365,2,4.0,2387,143.0,4.214285714285714,2.0,180,0.0,0.9576946965553969,f,t,1,1,0,0,0,0,0,0,0,0,0,0,263.0
5,1.0,2.0,2.0,1,365,1,5.0,2474,122.0,5.0,10.0,1,0.0,5.258059371554896,f,f,1,1,0,0,0,0,0,0,0,0,0,0,232.0
10,3.5,5.0,5.0,1,30,48,5.0,354,9.0,4.941428571428572,50.0,48,2.0,5.937223674456706,t,f,1,1,0,0,0,0,0,0,0,0,0,0,456.0
2,2.0,1.0,1.0,1,365,8,4.38,797,23.0,4.448571428571428,2.0,8,2.0,6.668817531221002,f,t,1,1,0,0,0,0,0,0,0,0,0,0,103.0
2,1.0,1.0,1.0,3,365,4,5.0,316,38.0,5.0,2.0,12,1.0,5.602300422429425,t,f,1,1,0,0,0,0,0,0,0,0,0,0,137.0
2,1.0,1.0,1.0,3,365,6,5.0,316,10.0,5.0,2.0,18,2.0,5.659374689769592,t,f,1,1,0,0,0,0,0,0,0,0,0,0,138.0
1,1.0,1.0,1.0,3,365,10,4.9,316,10.0,4.928571428571429,1.0,30,2.0,5.696296248679833,t,f,1,1,0,0,0,0,0,0,0,0,0,0,125.0
3,1.0,1.0,2.0,3,365,8,5.0,316,21.0,4.948571428571428,3.0,24,2.0,5.7061838764138,t,f,1,1,0,0,0,0,0,0,0,0,0,0,189.0
6,1.0,2.0,3.0,2,365,9,5.0,3931,30.0,4.890000000000001,12.0,18,1.0,5.6221534592147195,t,f,1,1,0,0,0,0,0,0,0,0,0,0,262.0
2,1.0,1.0,1.0,90,365,0,4.89,2868,0.0,4.892857142857143,2.0,0,,0.5881141611459741,f,f,1,1,0,0,0,0,0,0,0,0,0,0,227.0
4,1.0,1.0,2.0,2,365,15,5.0,2098,8.0,4.934285714285714,4.0,30,2.0,5.71788874502917,t,f,1,1,0,0,0,0,0,0,0,0,0,0,154.0
6,2.0,3.0,3.0,2,365,26,4.62,2387,8.0,4.738571428571428,18.0,52,2.0,4.063967881106432,f,t,1,1,0,0,0,0,0,0,0,0,0,0,637.0
4,1.5,2.0,2.0,90,365,24,4.79,2550,19.0,4.804285714285713,8.0,2160,2.0,8.641813058867585,t,f,1,1,0,0,0,0,0,0,0,0,0,0,240.0
2,1.0,1.0,1.0,90,365,2,5.0,2387,134.0,4.785714285714286,2.0,180,0.0,3.091716014533987,f,t,1,1,0,0,0,0,0,0,0,0,0,0,113.0
4,1.0,2.0,4.0,1,28,32,4.97,2921,16.0,4.9157142857142855,8.0,32,2.0,6.257541703095331,,f,1,1,0,0,0,0,0,0,0,0,0,0,266.0
3,1.0,1.0,1.0,90,365,0,4.89,5782,0.0,4.892857142857143,3.0,0,,1.0493310190361353,f,f,1,1,0,0,0,0,0,0,0,0,0,0,228.0
2,1.0,0.0,1.0,90,365,1,5.0,2387,143.0,4.857142857142857,0.0,90,0.0,0.4585972825087792,f,t,1,1,0,0,0,0,0,0,0,0,0,0,183.0
5,1.0,1.0,2.0,2,365,22,4.73,3062,28.0,4.765714285714286,5.0,44,1.0,0.3919782787313048,,t,1,1,0,0,0,0,0,0,0,0,0,0,295.0
6,2.0,2.0,4.0,1,90,46,4.63,2358,5.0,4.752857142857144,12.0,46,2.0,6.828321693013467,f,t,1,1,0,0,0,0,0,0,0,0,0,0,209.0
2,1.0,0.0,1.0,1,365,5,3.2,313,47.0,3.5142857142857147,0.0,5,1.0,3.985164302093828,f,f,0,1,0,0,0,0,0,0,0,0,0,0,65.0
2,1.0,1.0,1.0,1,28,22,5.0,417,12.0,4.952857142857143,2.0,22,2.0,5.513360391867917,t,t,1,1,0,0,0,0,0,0,0,0,0,0,130.0
4,1.0,1.0,2.0,1,89,52,4.96,3302,8.0,4.880000000000001,4.0,52,2.0,1.7018627440811276,t,f,1,1,0,0,0,0,0,0,0,0,0,0,222.0
4,1.0,2.0,3.0,3,365,7,4.71,2652,50.0,4.691428571428572,8.0,21,1.0,5.467000007116027,t,t,1,1,0,0,0,0,0,0,0,0,0,0,180.0
4,2.0,2.0,2.0,30,356,2,4.5,2045,8.0,4.5,8.0,60,2.0,1.7242754306567003,f,f,1,1,0,0,0,0,0,0,0,0,0,0,275.0
6,2.5,3.0,3.0,90,365,0,4.89,3858,0.0,4.892857142857143,18.0,0,,5.0774169548676165,t,f,1,1,0,0,0,0,0,0,0,0,0,0,269.0
1,1.0,1.0,1.0,90,365,2,5.0,637,258.0,4.928571428571429,1.0,180,3.0,6.0373270344800725,f,f,1,1,0,0,0,0,0,0,0,0,0,0,42.0
4,1.0,2.0,2.0,2,90,14,4.57,658,23.0,4.724285714285714,8.0,28,2.0,6.793347119890156,t,f,1,1,0,0,0,0,0,0,0,0,0,0,134.0
8,1.0,2.0,4.0,2,365,27,4.67,2307,17.0,4.747142857142856,16.0,54,2.0,7.636986514769721,,f,1,1,0,0,0,0,0,0,0,0,0,0,228.0
5,1.0,2.0,3.0,1,1125,50,4.86,311,12.0,4.808571428571429,10.0,50,2.0,0.9800985293130056,f,t,1,1,0,0,0,0,0,0,0,0,0,0,236.0
6,1.0,3.0,4.0,1,365,14,4.57,3042,31.0,4.651428571428572,18.0,14,1.0,3.5679053586710543,f,f,1,0,0,0,0,0,0,0,0,0,0,0,270.0
3,1.0,1.0,1.0,1,365,1,5.0,2474,269.0,5.0,3.0,1,3.0,5.434510530140891,f,f,1,1,0,0,0,0,0,0,0,0,0,0,125.0
3,1.0,1.0,2.0,2,20,19,4.84,2117,47.0,4.825714285714286,3.0,38,1.0,5.209519337840705,t,t,1,1,0,0,0,0,0,0,0,0,0,0,140.0
4,1.0,2.0,4.0,1,240,35,4.8,310,20.0,4.83,8.0,35,2.0,7.158519718585987,t,f,1,1,0,0,0,0,0,0,0,0,0,0,147.0
2,1.0,1.0,1.0,90,365,4,4.5,4755,29.0,4.571428571428571,2.0,360,1.0,5.557066539928464,f,f,1,1,0,0,0,0,0,0,0,0,0,0,211.0
4,1.0,2.0,3.0,90,365,4,5.0,2220,56.0,5.0,8.0,360,1.0,4.582339983344944,f,f,1,1,0,0,0,0,0,0,0,0,0,0,90.0
2,1.0,0.0,1.0,90,365,0,4.89,313,0.0,4.892857142857143,0.0,0,,4.006050428374733,f,f,0,1,0,0,0,0,0,0,0,0,0,0,105.0
2,1.0,1.0,1.0,90,365,0,4.89,309,0.0,4.892857142857143,2.0,0,,7.518810124796007,f,f,0,1,0,0,0,0,0,0,0,0,0,0,133.0
2,1.0,1.0,1.0,90,365,1,4.0,309,54.0,4.285714285714286,2.0,90,1.0,7.518810124796007,f,f,0,1,0,0,0,0,0,0,0,0,0,0,93.0
4,2.0,2.0,2.0,90,365,0,4.89,1024,0.0,4.892857142857143,8.0,0,,0.8004445233461747,f,f,1,1,0,0,0,0,0,0,0,0,0,0,239.0
4,1.0,1.0,2.0,1,730,63,4.97,1740,4.0,4.918571428571428,4.0,63,2.0,6.330705230832397,,t,1,1,0,0,0,0,0,0,0,0,0,0,187.0
2,1.0,1.0,1.0,1,27,48,4.85,2923,11.0,4.878571428571428,2.0,48,2.0,6.819404971291398,t,f,1,1,0,0,0,0,0,0,0,0,0,0,110.0
4,1.0,2.0,2.0,2,29,16,4.88,3058,21.0,4.868571428571428,8.0,32,2.0,4.973015021442007,f,f,1,1,0,0,0,0,0,0,0,0,0,0,83.0
4,2.0,2.0,2.0,3,365,39,4.9,308,8.0,4.937142857142858,8.0,117,2.0,0.48951471429957444,t,f,1,1,0,0,0,0,0,0,0,0,0,0,496.0
4,1.0,2.0,2.0,2,30,24,5.0,350,15.0,4.952857142857143,8.0,48,2.0,7.969560210817393,t,f,1,0,0,0,0,0,0,0,0,0,0,0,209.0
3,1.0,1.0,2.0,1,90,73,4.95,337,11.0,4.928571428571429,3.0,73,2.0,5.717271797450071,t,f,0,1,0,0,0,0,0,0,0,0,0,0,140.0
2,1.0,1.0,1.0,2,365,13,4.85,3241,9.0,4.868571428571428,2.0,26,2.0,7.523859950995335,t,f,1,1,0,0,0,0,0,0,0,0,0,0,179.0
8,2.0,4.0,4.0,3,365,47,4.91,3667,16.0,4.941428571428572,32.0,141,2.0,5.43550434425434,t,t,1,1,0,0,0,0,0,0,0,0,0,0,427.0
1,1.0,1.0,1.0,1,5,27,4.89,3424,9.0,4.882857142857143,1.0,27,2.0,1.709393127472244,t,f,1,0,0,0,0,0,0,0,0,0,0,0,209.0
4,1.5,2.0,3.0,2,29,38,5.0,3408,9.0,4.945714285714287,8.0,76,2.0,6.975260827431681,t,f,1,1,0,0,0,0,0,0,0,0,0,0,186.0
4,1.0,2.0,2.0,2,60,12,4.92,3826,23.0,4.941428571428572,8.0,24,2.0,1.0147410036727227,t,f,1,1,0,0,0,0,0,0,0,0,0,0,266.0
5,1.0,2.0,3.0,1,365,21,4.62,462,41.0,4.678571428571429,10.0,21,1.0,1.089357044635907,f,t,0,1,0,0,0,0,0,0,0,0,0,0,275.0
1,1.0,1.0,1.0,90,365,0,4.89,2387,0.0,4.892857142857143,1.0,0,,2.4152725699907673,f,t,1,1,0,0,0,0,0,0,0,0,0,0,138.0
1,1.0,0.0,1.0,90,365,5,4.8,2387,52.0,4.914285714285714,0.0,450,1.0,2.446369587183146,f,t,1,1,0,0,0,0,0,0,0,0,0,0,119.0
6,2.5,3.0,4.0,2,365,37,4.73,2387,4.0,4.808571428571429,18.0,74,2.0,1.8600518840415943,f,t,1,1,0,0,0,0,0,0,0,0,0,0,690.0
4,2.0,2.0,2.0,90,365,41,4.98,2755,16.0,4.921428571428571,8.0,3690,2.0,0.9281681386924201,,f,1,1,0,0,0,0,0,0,0,0,0,0,467.0
5,1.0,2.0,3.0,3,30,5,4.4,1187,28.0,4.428571428571429,10.0,15,1.0,5.761224141541591,f,f,1,1,0,0,0,0,0,0,0,0,0,0,312.0
6,2.5,3.0,3.0,3,60,14,5.0,304,27.0,4.97,18.0,42,1.0,8.032315004595253,t,f,1,1,0,0,0,0,0,0,0,0,0,0,321.0
2,1.0,1.0,1.0,1,365,3,2.0,313,56.0,2.3814285714285717,2.0,3,1.0,4.052259000589486,f,t,0,1,0,0,0,0,0,0,0,0,0,0,70.0
4,2.0,2.0,2.0,90,180,0,4.89,5030,0.0,4.892857142857143,8.0,0,,10.689950208500086,t,f,1,1,0,0,0,0,0,0,0,0,0,0,149.0
6,2.0,3.0,3.0,2,365,23,4.91,2849,16.0,4.832857142857143,18.0,46,2.0,5.132710683312367,t,t,1,1,0,0,0,0,0,0,0,0,0,0,481.0
8,3.0,3.0,5.0,1,365,62,4.66,1860,20.0,4.731428571428571,24.0,62,2.0,6.805662079438971,f,t,1,0,0,0,0,0,0,0,0,0,0,0,400.0
3,1.0,2.0,2.0,2,365,71,4.82,3743,16.0,4.844285714285713,6.0,142,2.0,0.9529313574216235,f,t,1,1,0,0,0,0,0,0,0,0,0,0,366.0
3,1.0,2.0,3.0,1,365,1,4.0,462,107.0,4.571428571428571,6.0,1,1.0,0.9743501773851996,f,t,0,1,0,0,0,0,0,0,0,0,0,0,334.0
2,1.0,1.0,1.0,2,60,18,5.0,1789,5.0,4.984285714285714,2.0,36,2.0,5.527373285751691,t,f,1,0,0,0,0,0,0,0,0,0,0,0,108.0
4,1.0,1.0,2.0,2,365,31,4.77,3212,9.0,4.8428571428571425,4.0,62,2.0,4.132273821167123,t,t,1,1,0,0,0,0,0,0,0,0,0,0,166.0
2,1.0,1.0,2.0,2,30,12,4.92,3714,22.0,4.808571428571428,2.0,24,2.0,7.192274251848334,f,t,1,1,0,0,0,0,0,0,0,0,0,0,145.0
4,2.0,2.0,2.0,90,365,0,4.89,1723,0.0,4.892857142857143,8.0,0,,0.47203918991212307,f,f,0,1,0,0,0,0,0,0,0,0,0,0,248.0
4,1.0,2.0,2.0,3,28,11,4.55,637,42.0,4.652857142857143,8.0,33,1.0,4.955685809837727,f,f,1,1,0,0,0,0,0,0,0,0,0,0,160.0
2,1.0,1.0,1.0,90,365,0,4.89,3078,0.0,4.892857142857143,2.0,0,,2.5774017465356467,f,f,1,1,0,0,0,0,0,0,0,0,0,0,115.0
2,1.0,1.0,1.0,90,365,4,4.0,2387,92.0,4.5,2.0,360,1.0,3.1848712684734743,f,t,1,1,0,0,0,0,0,0,0,0,0,0,166.0
4,1.0,1.0,2.0,2,30,8,4.75,3323,16.0,4.7871428571428565,4.0,16,2.0,1.0034382254674086,t,f,1,1,0,0,0,0,0,0,0,0,0,0,338.0
1,0.5,1.0,1.0,1,365,8,4.0,1420,25.0,4.307142857142856,1.0,8,1.0,7.945495087395689,f,t,1,1,0,0,0,0,0,0,0,0,0,0,54.0
1,1.0,1.0,1.0,90,365,1,5.0,637,252.0,5.0,1.0,90,3.0,6.577207189311625,f,f,1,1,0,0,0,0,0,0,0,0,0,0,52.0
5,1.0,2.0,3.0,2,365,28,4.96,1637,9.0,4.911428571428572,10.0,56,2.0,3.8064724386831563,t,f,1,1,0,0,0,0,0,0,0,0,0,0,336.0
8,2.0,3.0,4.0,90,365,20,4.75,2099,4.0,4.75,24.0,1800,2.0,0.911113282143977,f,t,1,1,0,0,0,0,0,0,0,0,0,0,637.0
4,1.0,1.0,2.0,2,31,2,5.0,297,282.0,5.0,4.0,4,3.0,0.3919782787313048,f,t,1,1,0,0,0,0,0,0,0,0,0,0,572.0
2,1.0,1.0,1.0,90,365,0,4.89,2555,0.0,4.892857142857143,2.0,0,,0.43563292605520837,f,f,1,1,0,0,0,0,0,0,0,0,0,0,96.0
2,1.0,1.0,1.0,2,25,19,4.89,300,18.0,4.85,2.0,38,2.0,0.3992595197219519,f,f,1,1,0,0,0,0,0,0,0,0,0,0,309.0
1,1.0,1.0,1.0,90,365,1,5.0,730,234.0,5.0,1.0,90,3.0,6.835149842621711,f,f,1,1,0,0,0,0,0,0,0,0,0,0,59.0
4,1.0,1.0,2.0,1,365,10,5.0,4772,25.0,4.942857142857143,4.0,10,1.0,1.0519636621500987,f,f,1,1,0,0,0,0,0,0,0,0,0,0,287.0
6,2.0,2.0,3.0,90,365,9,4.33,1021,14.0,4.475714285714285,12.0,810,2.0,1.0286801860934152,t,t,1,1,0,0,0,0,0,0,0,0,0,0,744.0
2,1.0,1.0,1.0,1,365,1,1.0,1788,236.0,1.4285714285714286,2.0,1,3.0,4.3157579502715775,f,f,1,1,0,0,0,0,0,0,0,0,0,0,67.0
2,1.0,1.0,1.0,1,30,51,4.73,1983,9.0,4.76,2.0,51,2.0,4.136602799575807,f,f,1,1,0,0,0,0,0,0,0,0,0,0,171.0
3,1.0,1.0,1.0,5,20,9,5.0,4749,38.0,4.968571428571429,3.0,45,1.0,0.45562228794033816,t,f,1,1,0,0,0,0,0,0,0,0,0,0,282.0
4,1.0,2.0,2.0,1,30,52,4.98,2589,5.0,4.957142857142857,8.0,52,2.0,4.5511816152959135,t,t,1,1,0,0,0,0,0,0,0,0,0,0,182.0
2,1.0,0.0,1.0,1,365,2,3.5,313,297.0,3.9285714285714284,0.0,2,2.0,4.097435210082376,f,f,0,1,0,0,0,0,0,0,0,0,0,0,65.0
2,1.0,1.0,1.0,90,365,0,4.89,637,0.0,4.892857142857143,2.0,0,,6.977336338834659,f,f,1,1,0,0,0,0,0,0,0,0,0,0,47.0
1,1.0,1.0,1.0,90,365,1,5.0,637,236.0,4.857142857142857,1.0,90,3.0,6.1380896235358,f,f,1,1,0,0,0,0,0,0,0,0,0,0,40.0
2,1.0,1.0,1.0,90,365,0,4.89,637,0.0,4.892857142857143,2.0,0,,6.08419376521528,f,f,1,1,0,0,0,0,0,0,0,0,0,0,48.0
1,1.0,1.0,1.0,90,365,0,4.89,637,0.0,4.892857142857143,1.0,0,,6.106031766716334,f,f,1,1,0,0,0,0,0,0,0,0,0,0,42.0
4,1.0,1.0,1.0,1,365,2,4.5,370,43.0,4.714285714285714,4.0,2,1.0,0.48514481194849574,t,t,1,1,0,0,0,0,0,0,0,0,0,0,366.0
4,1.0,2.0,2.0,90,365,1,5.0,2387,173.0,4.857142857142857,8.0,90,0.0,2.0380912418236967,f,t,1,1,0,0,0,0,0,0,0,0,0,0,60.0
2,1.0,1.0,1.0,1,5,1,5.0,3025,9.0,5.0,2.0,1,2.0,1.6141208821724242,f,f,1,1,0,0,0,0,0,0,0,0,0,0,166.0
4,1.0,2.0,0.0,90,365,28,4.64,571,15.0,4.8,8.0,2520,2.0,0.7068786768928549,f,t,1,1,0,0,0,0,0,0,0,0,0,0,264.0
1,1.0,1.0,1.0,90,365,1,5.0,2387,234.0,4.857142857142857,1.0,90,3.0,2.4260620762517138,f,t,1,1,0,0,0,0,0,0,0,0,0,0,111.0
1,1.0,0.0,1.0,90,365,2,5.0,2387,127.0,4.857142857142857,0.0,180,0.0,2.509611691032717,f,t,1,1,0,0,0,0,0,0,0,0,0,0,105.0
2,1.0,1.0,1.0,1,6,37,4.95,1459,8.0,4.927142857142856,2.0,37,2.0,5.903549993668063,f,f,1,0,0,0,0,0,0,0,0,0,0,0,95.0
2,1.0,1.0,1.0,90,365,12,4.33,916,22.0,4.4399999999999995,2.0,1080,2.0,0.4558028980815917,f,t,1,1,0,0,0,0,0,0,0,0,0,0,257.0
5,2.0,3.0,3.0,90,365,0,4.89,462,0.0,4.892857142857143,15.0,0,,1.0731620150518888,f,t,0,1,0,0,0,0,0,0,0,0,0,0,313.0
5,2.0,3.0,3.0,1,90,38,4.74,1823,19.0,4.7299999999999995,15.0,38,2.0,0.7272569754121722,f,t,1,1,0,0,0,0,0,0,0,0,0,0,343.0
2,1.0,1.0,1.0,1,365,2,4.0,913,128.0,3.7857142857142856,2.0,2,0.0,3.898172888494345,f,f,0,1,0,0,0,0,0,0,0,0,0,0,65.0
4,2.0,2.0,2.0,90,365,3,5.0,2387,98.0,5.0,8.0,270,1.0,1.0534496521357581,f,t,1,1,0,0,0,0,0,0,0,0,0,0,172.0
4,1.0,1.0,2.0,2,29,52,4.9,3054,16.0,4.811428571428572,4.0,104,2.0,1.0483467282354904,t,t,1,1,0,0,0,0,0,0,0,0,0,0,291.0
5,3.0,3.0,3.0,90,365,0,4.89,2141,0.0,4.892857142857143,15.0,0,,8.591122115650442,f,f,1,0,0,0,0,0,0,0,0,0,0,0,248.0
4,1.0,0.0,2.0,2,365,7,5.0,909,9.0,5.0,0.0,14,2.0,2.2702037077383626,t,t,1,1,0,0,0,0,0,0,0,0,0,0,207.0
2,1.0,1.0,1.0,3,21,23,4.96,289,20.0,4.908571428571428,2.0,69,2.0,1.0509636944686753,t,f,1,1,0,0,0,0,0,0,0,0,0,0,246.0
6,2.0,2.0,3.0,2,7,13,4.77,921,11.0,4.78,12.0,26,2.0,0.9463210025068227,t,t,1,1,0,0,0,0,0,0,0,0,0,0,483.0
4,2.0,2.0,2.0,90,180,1,5.0,2002,144.0,5.0,8.0,90,0.0,1.8107887930417514,t,f,1,1,0,0,0,0,0,0,0,0,0,0,140.0
2,1.0,0.0,1.0,1,365,1,1.0,313,31.0,1.8571428571428572,0.0,1,1.0,3.999213500571048,f,f,0,1,0,0,0,0,0,0,0,0,0,0,66.0
6,1.0,2.0,3.0,2,1125,43,4.86,4080,4.0,4.8500000000000005,12.0,86,2.0,8.350982569294386,t,f,1,1,0,0,0,0,0,0,0,0,0,0,191.0
4,1.0,2.0,2.0,90,365,0,4.89,5042,0.0,4.892857142857143,8.0,0,,5.1170176812582095,f,f,1,1,0,0,0,0,0,0,0,0,0,0,283.0
6,3.0,3.0,4.0,1,10,25,4.8,308,12.0,4.765714285714286,18.0,25,2.0,6.640256581380892,t,t,0,1,0,0,0,0,0,0,0,0,0,0,289.0
4,1.0,2.0,2.0,2,365,7,4.86,1773,23.0,4.795714285714285,8.0,14,2.0,5.153836818625233,t,f,1,1,0,0,0,0,0,0,0,0,0,0,242.0
3,1.0,1.0,2.0,90,365,0,4.89,2022,0.0,4.892857142857143,3.0,0,,1.1620210504419273,f,f,1,1,0,0,0,0,0,0,0,0,0,0,130.0
6,1.0,2.0,3.0,1,89,61,4.98,3512,17.0,4.961428571428572,12.0,61,2.0,6.665914954019322,t,f,1,1,0,0,0,0,0,0,0,0,0,0,165.0
2,1.0,1.0,1.0,3,90,11,4.64,664,8.0,4.61142857142857,2.0,33,2.0,2.7571999365708852,f,f,1,1,0,0,0,0,0,0,0,0,0,0,181.0
4,1.0,2.0,2.0,2,365,8,4.88,287,36.0,4.912857142857143,8.0,16,1.0,6.4119181707200275,f,f,0,0,0,0,0,0,0,0,0,0,0,0,150.0
4,2.0,2.0,2.0,2,28,17,4.94,1965,58.0,4.974285714285714,8.0,34,1.0,0.9643140197357679,f,f,1,1,0,0,0,0,0,0,0,0,0,0,547.0
2,1.0,1.0,1.0,3,21,44,4.98,2184,7.0,4.941428571428572,2.0,132,2.0,0.9632861608597765,t,f,1,1,0,0,0,0,0,0,0,0,0,0,194.0
4,1.0,2.0,2.0,1,89,41,4.95,286,9.0,4.931428571428571,8.0,41,2.0,7.563947047791486,t,f,1,1,0,0,0,0,0,0,0,0,0,0,142.0
14,5.5,7.0,10.0,2,90,27,4.81,2438,16.0,4.835714285714286,98.0,54,2.0,3.975779462302471,f,f,1,1,0,0,0,0,0,0,0,0,0,0,1179.0
6,1.0,1.0,3.0,1,365,57,4.93,1999,11.0,4.874285714285714,6.0,57,2.0,5.252545316469104,t,f,1,0,0,0,0,0,0,0,0,0,0,0,176.0
4,1.0,1.0,3.0,2,30,31,4.71,1422,30.0,4.662857142857143,4.0,62,1.0,1.0519636621500987,,t,1,1,0,0,0,0,0,0,0,0,0,0,328.0
7,2.0,3.0,3.0,1,29,56,4.86,289,25.0,4.801428571428572,21.0,56,1.0,0.9240052431816764,t,f,1,1,0,0,0,0,0,0,0,0,0,0,558.0
4,2.0,2.0,2.0,90,365,2,5.0,2387,79.0,4.642857142857143,8.0,180,1.0,1.7112552036459086,f,t,1,1,0,0,0,0,0,0,0,0,0,0,143.0
4,2.0,2.0,3.0,90,700,24,4.83,3933,9.0,4.911428571428572,8.0,2160,2.0,2.192756227823128,t,f,1,1,0,0,0,0,0,0,0,0,0,0,375.0
4,2.0,2.0,2.0,2,365,15,4.67,2387,6.0,4.798571428571429,8.0,30,2.0,0.9953873583459005,f,t,1,1,0,0,0,0,0,0,0,0,0,0,528.0
1,0.5,1.0,1.0,2,365,4,5.0,405,25.0,4.964285714285714,1.0,8,1.0,6.5294402504399045,f,f,0,1,0,0,0,0,0,0,0,0,0,0,123.0
5,1.5,2.0,2.0,1,89,41,4.83,2229,16.0,4.92,10.0,41,2.0,6.703923315794726,t,f,1,1,0,0,0,0,0,0,0,0,0,0,280.0
9,2.0,4.0,5.0,3,365,5,4.8,2652,20.0,4.771428571428571,36.0,15,2.0,5.476284283751786,t,t,1,1,0,0,0,0,0,0,0,0,0,0,315.0
6,2.5,2.0,5.0,1,80,26,5.0,3269,11.0,4.927142857142857,12.0,26,2.0,2.9639658517737826,,f,1,1,0,0,0,0,0,0,0,0,0,0,389.0
4,1.0,2.0,2.0,3,365,1,5.0,2652,48.0,5.0,8.0,3,1.0,5.587647122345918,t,f,1,1,0,0,0,0,0,0,0,0,0,0,180.0
4,1.0,1.0,2.0,1,15,8,4.63,1414,17.0,4.752857142857143,4.0,8,2.0,7.111331783986942,f,f,1,1,0,0,0,0,0,0,0,0,0,0,190.0
4,1.0,2.0,2.0,2,365,5,4.4,280,13.0,4.428571428571429,8.0,10,2.0,7.837673824159554,f,f,0,0,0,0,0,0,0,0,0,0,0,0,126.0
4,1.0,2.0,2.0,1,89,13,5.0,3418,11.0,4.988571428571428,8.0,13,2.0,7.909316637655994,t,f,1,1,0,0,0,0,0,0,0,0,0,0,238.0
6,3.0,3.0,3.0,3,180,20,4.95,2944,7.0,4.935714285714286,18.0,60,2.0,8.101427038671355,t,f,1,1,0,0,0,0,0,0,0,0,0,0,426.0
4,1.0,2.0,2.0,2,30,12,5.0,2733,9.0,4.91857142857143,8.0,24,2.0,8.687000583267716,f,f,1,1,0,0,0,0,0,0,0,0,0,0,144.0
3,1.0,1.0,1.0,3,365,2,5.0,2646,198.0,4.785714285714286,3.0,6,0.0,6.774342895816576,t,t,1,1,0,0,0,0,0,0,0,0,0,0,254.0
3,1.0,1.0,1.0,1,365,33,4.88,2185,23.0,4.854285714285715,3.0,33,2.0,6.093120324078206,,t,0,1,0,0,0,0,0,0,0,0,0,0,124.0
8,2.0,3.0,3.0,1,365,47,4.77,1354,23.0,4.777142857142857,24.0,47,2.0,1.1387130017055407,,t,1,1,0,0,0,0,0,0,0,0,0,0,434.0
5,2.0,2.0,2.0,90,365,4,3.0,277,193.0,2.9642857142857144,10.0,360,0.0,0.9594532760276874,f,t,1,1,0,0,0,0,0,0,0,0,0,0,601.0
6,1.0,3.0,3.0,1,365,10,4.8,3248,95.0,4.8428571428571425,18.0,10,1.0,5.5169674320500315,t,t,1,1,0,0,0,0,0,0,0,0,0,0,312.0
6,1.0,2.0,3.0,1,365,9,4.44,277,114.0,4.475714285714285,12.0,9,1.0,0.9548017796511589,f,t,1,1,0,0,0,0,0,0,0,0,0,0,431.0
6,1.0,4.0,4.0,90,180,0,4.89,3532,0.0,4.892857142857143,24.0,0,,5.048978829417103,f,f,1,1,0,0,0,0,0,0,0,0,0,0,210.0
4,1.0,1.0,2.0,1,90,20,4.7,3408,9.0,4.821428571428571,4.0,20,2.0,4.457750174481457,t,f,1,1,0,0,0,0,0,0,0,0,0,0,126.0
4,1.0,2.0,2.0,2,60,21,4.95,3751,5.0,4.922857142857143,8.0,42,2.0,3.406565869554901,f,t,1,1,0,0,0,0,0,0,0,0,0,0,194.0
2,1.0,1.0,1.0,3,365,25,4.96,3569,6.0,4.914285714285714,2.0,75,2.0,0.9202973448527564,f,f,1,0,0,0,0,0,0,0,0,0,0,0,255.0
4,1.0,2.0,2.0,90,365,2,5.0,3748,72.0,4.928571428571429,8.0,180,1.0,4.154800855835034,f,t,1,1,0,0,0,0,0,0,0,0,0,0,164.0
3,1.0,1.0,2.0,1,28,25,4.92,2921,29.0,4.908571428571428,3.0,25,1.0,5.781805118665492,,f,1,1,0,0,0,0,0,0,0,0,0,0,155.0
4,1.0,1.0,1.0,1,90,2,4.5,273,69.0,4.785714285714286,4.0,2,1.0,4.211939426630386,f,t,1,1,0,0,0,0,0,0,0,0,0,0,170.0
1,1.0,1.0,1.0,3,365,1,5.0,405,175.0,5.0,1.0,3,0.0,6.543866757325345,f,f,0,1,0,0,0,0,0,0,0,0,0,0,117.0
2,3.0,1.0,2.0,90,1125,5,4.0,3025,219.0,3.9714285714285715,2.0,450,3.0,1.2846146885109582,f,f,1,1,0,0,0,0,0,0,0,0,0,0,305.0
4,2.0,2.0,2.0,2,365,6,5.0,271,16.0,4.951428571428571,8.0,12,2.0,1.016141943452962,f,f,1,1,0,0,0,0,0,0,0,0,0,0,461.0
2,1.0,1.0,1.0,1,365,30,5.0,328,39.0,4.981428571428571,2.0,30,1.0,5.873630376398064,t,f,1,1,0,0,0,0,0,0,0,0,0,0,110.0
4,1.0,1.0,2.0,1,60,11,4.27,686,9.0,4.5842857142857145,4.0,11,2.0,8.773635869320918,t,f,1,1,0,0,0,0,0,0,0,0,0,0,103.0
5,2.0,2.0,3.0,1,365,53,4.98,2909,12.0,4.97,10.0,53,2.0,7.998346163597162,t,f,1,1,0,0,0,0,0,0,0,0,0,0,227.0
2,1.0,0.0,1.0,1,365,64,4.92,4423,6.0,4.918571428571428,0.0,64,2.0,7.828977500863679,t,t,1,1,0,0,0,0,0,0,0,0,0,0,151.0
2,1.0,1.0,1.0,90,365,3,5.0,2224,53.0,5.0,2.0,270,1.0,4.403177854494706,f,f,1,1,0,0,0,0,0,0,0,0,0,0,95.0
2,1.0,1.0,1.0,90,365,0,4.89,4401,0.0,4.892857142857143,2.0,0,,3.3804121894522603,f,f,1,1,0,0,0,0,0,0,0,0,0,0,100.0
4,2.0,2.0,2.0,90,365,0,4.89,3189,0.0,4.892857142857143,8.0,0,,0.5889672706333219,t,f,1,1,0,0,0,0,0,0,0,0,0,0,165.0
4,1.0,2.0,2.0,3,90,14,4.93,2667,9.0,4.88,8.0,42,2.0,4.109508846869799,t,t,1,1,0,0,0,0,0,0,0,0,0,0,185.0
3,3.0,2.0,4.0,2,365,2,5.0,3958,197.0,4.928571428571429,6.0,4,0.0,3.9522409027491205,f,f,1,1,0,0,0,0,0,0,0,0,0,0,400.0
4,1.0,2.0,2.0,1,365,2,4.0,797,28.0,4.0,8.0,2,1.0,6.5955019396174475,f,t,1,1,0,0,0,0,0,0,0,0,0,0,190.0
3,1.0,1.0,2.0,2,21,35,5.0,3608,8.0,4.987142857142857,3.0,70,2.0,3.86739875184188,t,f,1,1,0,0,0,0,0,0,0,0,0,0,140.0
5,2.0,2.0,1.0,90,150,0,4.89,584,0.0,4.892857142857143,10.0,0,,1.67035435761613,f,f,1,1,0,0,0,0,0,0,0,0,0,0,167.0
4,1.0,2.0,3.0,1,28,21,5.0,3070,4.0,4.909999999999999,8.0,21,2.0,0.8004445233461747,t,f,1,1,0,0,0,0,0,0,0,0,0,0,293.0
7,2.0,3.0,4.0,90,365,30,4.9,2456,10.0,4.8342857142857145,21.0,2700,2.0,6.022695096603837,t,t,1,1,0,0,0,0,0,0,0,0,0,0,256.0
4,2.0,2.0,2.0,30,90,1,5.0,4479,172.0,5.0,8.0,30,0.0,3.603094394743959,f,t,1,1,0,0,0,0,0,0,0,0,0,0,230.0
3,1.0,0.0,1.0,90,365,1,5.0,633,125.0,5.0,0.0,90,0.0,4.637846188626988,f,f,1,1,0,0,0,0,0,0,0,0,0,0,120.0
1,1.0,1.0,1.0,90,365,0,4.89,637,0.0,4.892857142857143,1.0,0,,5.3386389383434025,f,f,1,1,0,0,0,0,0,0,0,0,0,0,45.0
1,1.0,1.0,1.0,90,365,2,5.0,637,129.0,5.0,1.0,180,0.0,5.449103371599717,f,f,1,1,0,0,0,0,0,0,0,0,0,0,45.0
3,1.0,2.0,2.0,3,30,0,4.89,3227,0.0,4.892857142857143,6.0,0,,5.5501090843414636,f,f,1,1,0,0,0,0,0,0,0,0,0,0,258.0
7,3.5,4.0,4.0,2,30,4,5.0,1299,9.0,4.892857142857143,28.0,8,2.0,5.958884761747814,f,f,1,1,0,0,0,0,0,0,0,0,0,0,1100.0
2,1.0,1.0,1.0,2,365,26,4.62,260,13.0,4.682857142857143,2.0,52,2.0,0.34164652740785195,f,t,1,1,0,0,0,0,0,0,0,0,0,0,320.0
2,1.0,1.0,2.0,3,365,13,5.0,260,4.0,4.977142857142858,2.0,39,2.0,0.4308049226472608,f,f,1,1,0,0,0,0,0,0,0,0,0,0,381.0
2,1.0,1.0,1.0,90,365,5,4.4,1953,44.0,4.514285714285714,2.0,450,1.0,0.9976426521049466,f,t,1,1,0,0,0,0,0,0,0,0,0,0,388.0
9,4.0,4.0,4.0,90,365,2,5.0,2890,261.0,5.0,36.0,180,3.0,8.067488155187414,t,f,1,1,0,0,0,0,0,0,0,0,0,0,450.0
5,1.0,1.0,2.0,2,14,25,4.96,4633,13.0,4.88,5.0,50,2.0,3.754115520522558,t,f,1,0,0,0,0,0,0,0,0,0,0,0,119.0
2,1.0,1.0,1.0,2,365,13,4.92,2140,4.0,4.748571428571429,2.0,26,2.0,8.740640555935245,f,f,1,1,0,0,0,0,0,0,0,0,0,0,50.0
6,1.5,3.0,3.0,1,30,16,4.88,292,89.0,4.75,18.0,16,1.0,7.615872635804142,t,t,1,0,0,0,0,0,0,0,0,0,0,0,334.0
4,1.0,2.0,2.0,1,1125,36,4.83,3966,12.0,4.87,8.0,36,2.0,4.090829032513428,t,f,1,1,0,0,0,0,0,0,0,0,0,0,228.0
4,1.0,2.0,2.0,1,365,35,4.77,3323,24.0,4.784285714285715,8.0,35,1.0,3.71188792565237,f,f,1,1,0,0,0,0,0,0,0,0,0,0,206.0
4,1.0,2.0,3.0,2,180,8,5.0,2102,17.0,4.982857142857143,8.0,16,2.0,6.4331172179047345,t,f,1,1,0,0,0,0,0,0,0,0,0,0,180.0
4,1.0,1.0,1.0,90,365,17,4.53,986,24.0,4.621428571428572,4.0,1530,1.0,0.9074323041891146,f,f,1,1,0,0,0,0,0,0,0,0,0,0,300.0
2,1.0,1.0,1.0,90,365,0,4.89,3189,0.0,4.892857142857143,2.0,0,,0.6102352165918737,t,t,1,1,0,0,0,0,0,0,0,0,0,0,202.0
4,1.0,1.0,2.0,2,365,14,4.86,4789,15.0,4.859999999999999,4.0,28,2.0,2.6261875795486946,f,f,1,1,0,0,0,0,0,0,0,0,0,0,183.0
4,2.0,1.0,2.0,1,30,7,4.86,2840,9.0,4.878571428571428,4.0,7,2.0,0.5799679391432425,f,f,1,1,0,0,0,0,0,0,0,0,0,0,353.0
2,1.0,1.0,1.0,3,31,31,5.0,2677,14.0,4.96,2.0,93,2.0,2.3611975887306036,t,f,1,1,0,0,0,0,0,0,0,0,0,0,242.0
1,1.0,1.0,1.0,3,25,2,5.0,405,10.0,5.0,1.0,6,2.0,6.478957682714402,f,f,0,1,0,0,0,0,0,0,0,0,0,0,122.0
6,2.0,2.0,3.0,1,365,6,5.0,2136,19.0,4.975714285714285,12.0,6,2.0,1.0356633156862205,f,f,1,1,0,0,0,0,0,0,0,0,0,0,306.0
4,1.0,2.0,2.0,90,365,0,4.89,1953,0.0,4.892857142857143,8.0,0,,7.156400933099981,f,t,1,1,0,0,0,0,0,0,0,0,0,0,136.0
1,1.5,1.0,1.0,90,365,2,5.0,637,116.0,5.0,1.0,180,0.0,5.442297929435072,f,f,1,1,0,0,0,0,0,0,0,0,0,0,40.0
6,2.0,2.0,3.0,2,365,19,4.84,2245,29.0,4.894285714285714,12.0,38,1.0,0.4778076852071239,f,f,1,1,0,0,0,0,0,0,0,0,0,0,348.0
2,1.0,1.0,1.0,2,30,0,4.89,3578,0.0,4.892857142857143,2.0,0,,10.300879621425672,f,f,1,1,0,0,0,0,0,0,0,0,0,0,134.0
6,2.0,3.0,3.0,90,180,1,5.0,2950,90.0,5.0,18.0,90,1.0,1.0719390983427317,f,t,1,1,0,0,0,0,0,0,0,0,0,0,300.0
4,1.0,2.0,2.0,2,365,19,5.0,251,8.0,4.985714285714286,8.0,38,2.0,7.633669414532317,t,f,1,1,0,0,0,0,0,0,0,0,0,0,207.0
6,2.0,3.0,3.0,2,365,28,4.96,3609,11.0,4.958571428571429,18.0,56,2.0,4.315141906382042,t,f,1,1,0,0,0,0,0,0,0,0,0,0,259.0
4,1.0,1.0,2.0,90,365,44,4.86,1412,18.0,4.858571428571429,4.0,3960,2.0,4.6105404283535085,t,f,1,1,0,0,0,0,0,0,0,0,0,0,263.0
2,1.0,1.0,2.0,2,35,7,5.0,261,4.0,5.0,2.0,14,2.0,5.367050387174281,f,f,1,1,0,0,0,0,0,0,0,0,0,0,104.0
3,1.0,1.0,1.0,2,365,5,5.0,261,5.0,5.0,3.0,10,2.0,5.367050387174281,f,f,1,1,0,0,0,0,0,0,0,0,0,0,111.0
4,1.0,1.0,2.0,2,180,35,5.0,4590,5.0,4.982857142857143,4.0,70,2.0,4.825466597578543,t,f,1,1,0,0,0,0,0,0,0,0,0,0,118.0
4,2.0,2.0,3.0,3,365,7,5.0,249,15.0,5.0,8.0,21,2.0,2.5313336736726604,f,f,0,1,0,0,0,0,0,0,0,0,0,0,293.0
4,1.0,2.0,2.0,1,365,50,4.76,3323,20.0,4.797142857142857,8.0,50,2.0,3.659421082747763,f,f,1,1,0,0,0,0,0,0,0,0,0,0,148.0
5,2.0,3.0,3.0,2,365,28,4.82,1053,17.0,4.7542857142857144,15.0,56,2.0,1.0367012228842176,f,f,1,1,0,0,0,0,0,0,0,0,0,0,354.0
6,2.0,2.0,3.0,90,365,0,4.89,2387,0.0,4.892857142857143,12.0,0,,0.9809047824783379,f,t,1,1,0,0,0,0,0,0,0,0,0,0,213.0
4,1.0,2.0,2.0,90,365,0,4.89,5022,0.0,4.892857142857143,8.0,0,,2.5639707538166294,f,t,1,1,0,0,0,0,0,0,0,0,0,0,152.0
6,2.5,3.0,4.0,1,365,24,5.0,1637,21.0,5.0,18.0,24,2.0,6.845468007239125,t,f,1,1,0,0,0,0,0,0,0,0,0,0,417.0
8,2.0,3.0,4.0,90,180,20,4.55,1413,22.0,4.557142857142858,24.0,1800,2.0,7.6580514296855915,f,t,1,1,0,0,0,0,0,0,0,0,0,0,236.0
16,16.0,16.0,20.0,90,365,0,4.89,247,0.0,4.892857142857143,256.0,0,,0.519254941065002,f,f,1,1,0,0,0,0,0,0,0,0,0,0,248.0
5,1.0,2.0,3.0,2,90,7,5.0,3772,5.0,4.918571428571428,10.0,14,2.0,5.872912759607573,f,f,1,1,0,0,0,0,0,0,0,0,0,0,243.0
3,1.0,3.0,3.0,90,365,0,4.89,2919,0.0,4.892857142857143,9.0,0,,0.5215371940705666,f,f,1,1,0,0,0,0,0,0,0,0,0,0,160.0
2,1.0,0.0,1.0,1,31,40,4.93,4138,6.0,4.872857142857143,0.0,40,2.0,1.2544989907200192,f,f,1,1,0,0,0,0,0,0,0,0,0,0,350.0
4,1.0,1.0,2.0,2,365,0,4.89,245,0.0,4.892857142857143,4.0,0,,0.8454122714256386,f,f,1,1,0,0,0,0,0,0,0,0,0,0,298.0
4,1.0,1.0,3.0,2,365,9,4.78,2387,42.0,4.764285714285714,4.0,18,1.0,4.465032504466206,f,t,1,1,0,0,0,0,0,0,0,0,0,0,197.0
3,1.0,1.0,1.0,90,365,0,4.89,2387,0.0,4.892857142857143,3.0,0,,1.7325473312658268,f,f,1,1,0,0,0,0,0,0,0,0,0,0,144.0
2,1.0,0.0,1.0,1,89,47,4.85,3410,21.0,4.867142857142857,0.0,47,2.0,3.5894305279246184,t,f,1,1,0,0,0,0,0,0,0,0,0,0,103.0
4,1.0,2.0,3.0,3,21,21,4.76,244,5.0,4.7385714285714275,8.0,63,2.0,6.645480553586544,f,f,1,1,0,0,0,0,0,0,0,0,0,0,147.0
4,1.0,1.0,2.0,1,365,20,4.6,858,18.0,4.707142857142857,4.0,20,2.0,0.9489346948734989,,t,1,1,0,0,0,0,0,0,0,0,0,0,253.0
4,2.0,2.0,2.0,91,365,0,4.89,244,0.0,4.892857142857143,8.0,0,,0.6576556250910652,f,f,1,1,0,0,0,0,0,0,0,0,0,0,660.0
3,1.0,1.0,1.0,2,365,11,4.64,2140,8.0,4.7299999999999995,3.0,22,2.0,8.535030214991577,f,f,1,1,0,0,0,0,0,0,0,0,0,0,52.0
3,1.0,2.0,2.0,1,60,46,4.8,243,8.0,4.85,6.0,46,2.0,5.445691909523642,f,f,1,1,0,0,0,0,0,0,0,0,0,0,149.0
2,1.0,1.0,1.0,2,365,10,4.7,2140,13.0,4.628571428571428,2.0,20,2.0,8.538253944898385,f,f,1,1,0,0,0,0,0,0,0,0,0,0,52.0
9,1.0,3.0,3.0,2,365,0,4.89,2140,0.0,4.892857142857143,27.0,0,,8.517094064027853,f,f,1,1,0,0,0,0,0,0,0,0,0,0,279.0
2,2.0,1.0,1.0,90,365,0,4.89,677,0.0,4.892857142857143,2.0,0,,5.7264410963681,f,f,0,0,0,0,0,0,0,0,0,0,0,0,93.0
1,1.0,1.0,1.0,90,365,0,4.89,637,0.0,4.892857142857143,1.0,0,,5.4169294282963385,f,f,1,1,0,0,0,0,0,0,0,0,0,0,46.0
7,2.0,3.0,5.0,1,365,28,4.89,1994,9.0,4.832857142857143,21.0,28,2.0,7.3458285138842,t,t,1,1,0,0,0,0,0,0,0,0,0,0,241.0
2,1.0,1.0,1.0,1,365,22,4.73,241,18.0,4.758571428571429,2.0,22,2.0,8.079695513728764,,f,0,1,0,0,0,0,0,0,0,0,0,0,80.0
2,1.0,1.0,1.0,1,365,2,5.0,234,197.0,5.0,2.0,2,0.0,8.110421232100212,f,f,1,1,0,0,0,0,0,0,0,0,0,0,70.0
5,1.0,2.0,3.0,2,180,23,4.78,1850,19.0,4.707142857142857,10.0,46,2.0,1.0066200515198473,t,f,1,1,0,0,0,0,0,0,0,0,0,0,245.0
3,1.0,1.0,1.0,1,90,1,5.0,1926,210.0,5.0,3.0,1,3.0,0.6169379315363795,t,f,1,1,0,0,0,0,0,0,0,0,0,0,195.0
4,1.0,2.0,2.0,2,365,22,4.95,240,3.0,4.945714285714286,8.0,44,2.0,6.866897129500844,t,f,1,1,0,0,0,0,0,0,0,0,0,0,150.0
4,1.0,2.0,3.0,2,90,17,4.76,239,9.0,4.754285714285714,8.0,34,2.0,3.797542479984273,f,f,0,1,0,0,0,0,0,0,0,0,0,0,180.0
6,2.0,3.0,3.0,3,7,0,4.89,3280,0.0,4.892857142857143,18.0,0,,4.3626911042484835,f,f,1,1,0,0,0,0,0,0,0,0,0,0,810.0
4,1.0,1.0,2.0,1,365,15,5.0,2906,27.0,4.951428571428571,4.0,15,1.0,4.443742109346309,f,f,1,1,0,0,0,0,0,0,0,0,0,0,203.0
6,2.0,3.0,4.0,2,30,15,5.0,3685,8.0,4.99,18.0,30,2.0,5.622140431794059,f,f,1,1,0,0,0,0,0,0,0,0,0,0,545.0
5,1.0,2.0,3.0,90,365,23,4.87,986,12.0,4.825714285714286,10.0,2070,2.0,1.2118408441671191,f,f,1,1,0,0,0,0,0,0,0,0,0,0,347.0
3,2.0,1.0,4.0,90,1125,0,4.89,3546,0.0,4.892857142857143,3.0,0,,4.4577594763077055,f,f,1,0,0,0,0,0,0,0,0,0,0,0,120.0
4,1.0,1.0,2.0,2,28,20,4.85,238,5.0,4.885714285714285,4.0,40,2.0,0.41310117568810245,t,f,1,1,0,0,0,0,0,0,0,0,0,0,349.0
8,1.0,3.0,4.0,90,700,32,4.59,301,10.0,4.695714285714287,24.0,2880,2.0,6.741257379648721,t,f,1,0,0,0,0,0,0,0,0,0,0,0,193.0
6,2.5,3.0,3.0,90,365,2,5.0,992,50.0,5.0,18.0,180,1.0,4.0063236188967455,f,t,1,1,0,0,0,0,0,0,0,0,0,0,350.0
4,2.0,2.0,2.0,2,180,3,5.0,237,22.0,4.905714285714287,8.0,6,2.0,1.6137607282723931,f,f,1,1,0,0,0,0,0,0,0,0,0,0,224.0
4,1.0,1.0,2.0,2,365,16,5.0,2636,8.0,4.982857142857143,4.0,32,2.0,7.094563306717107,f,f,1,1,0,0,0,0,0,0,0,0,0,0,150.0
2,1.0,1.0,1.0,1,365,6,4.83,237,36.0,4.831428571428572,2.0,6,1.0,8.324125771278725,t,t,1,1,0,0,0,0,0,0,0,0,0,0,125.0
2,1.0,1.0,1.0,1,365,0,4.89,2115,0.0,4.892857142857143,2.0,0,,5.827499039360058,t,f,0,1,0,0,0,0,0,0,0,0,0,0,189.0
3,1.0,1.0,2.0,1,90,49,4.9,3774,8.0,4.9314285714285715,3.0,49,2.0,7.082780901170821,t,t,1,1,0,0,0,0,0,0,0,0,0,0,184.0
4,2.0,2.0,3.0,1,365,28,5.0,3104,17.0,4.974285714285714,8.0,28,2.0,5.917393894191103,t,f,1,1,0,0,0,0,0,0,0,0,0,0,179.0
4,1.0,2.0,2.0,3,30,38,4.84,2984,5.0,4.878571428571428,8.0,114,2.0,6.676843754466333,t,f,1,0,0,0,0,0,0,0,0,0,0,0,165.0
1,1.0,1.0,1.0,90,365,0,4.89,2971,0.0,4.892857142857143,1.0,0,,5.078661506224771,f,f,0,0,0,0,0,0,0,0,0,0,0,0,48.0
2,2.0,1.0,1.0,1,365,10,4.6,1313,34.0,4.628571428571428,2.0,10,1.0,6.965522457406834,t,f,0,1,0,0,0,0,0,0,0,0,0,0,148.0
6,1.0,3.0,3.0,2,365,11,4.82,3602,4.0,4.832857142857143,18.0,22,2.0,4.9764634808636385,f,f,1,1,0,0,0,0,0,0,0,0,0,0,258.0
2,0.5,1.0,1.0,1,365,66,4.76,1465,10.0,4.738571428571428,2.0,66,2.0,5.728390338198481,f,t,1,1,0,0,0,0,0,0,0,0,0,0,118.0
2,2.0,1.0,1.0,1,365,0,4.89,797,0.0,4.892857142857143,2.0,0,,6.7275429795925765,f,t,1,1,0,0,0,0,0,0,0,0,0,0,94.0
3,1.0,1.0,1.0,3,30,8,5.0,3163,4.0,5.0,3.0,24,2.0,5.66051979632382,f,t,1,1,0,0,0,0,0,0,0,0,0,0,189.0
2,1.0,1.0,1.0,90,365,1,5.0,2365,198.0,5.0,2.0,90,0.0,3.7711427022131625,f,f,1,1,0,0,0,0,0,0,0,0,0,0,588.0
4,1.0,1.0,2.0,3,10,0,4.89,3444,0.0,4.892857142857143,4.0,0,,0.9339857273143226,f,f,1,1,0,0,0,0,0,0,0,0,0,0,286.0
2,1.0,1.0,1.0,2,365,5,3.4,2825,15.0,3.4857142857142853,2.0,10,2.0,1.23423218160625,f,f,1,1,0,0,0,0,0,0,0,0,0,0,117.0
8,2.0,2.0,2.0,1,365,10,5.0,1193,9.0,4.914285714285714,16.0,10,2.0,0.952421254779891,f,t,1,0,0,0,0,0,0,0,0,0,0,0,488.0
2,1.0,1.0,1.0,1,14,53,5.0,231,8.0,4.997142857142857,2.0,53,2.0,4.13959354490082,t,f,1,1,0,0,0,0,0,0,0,0,0,0,181.0
9,3.0,4.0,5.0,2,180,14,4.64,3309,5.0,4.744285714285715,36.0,28,2.0,4.28729495038762,t,f,1,1,0,0,0,0,0,0,0,0,0,0,497.0
4,1.0,1.0,2.0,1,365,22,4.86,2199,25.0,4.9399999999999995,4.0,22,1.0,3.6104601489157293,t,t,1,1,0,0,0,0,0,0,0,0,0,0,357.0
6,2.0,2.0,3.0,90,365,0,4.89,230,0.0,4.892857142857143,12.0,0,,5.055646270909515,f,f,1,1,0,0,0,0,0,0,0,0,0,0,200.0
4,2.5,2.0,2.0,90,365,0,4.89,1329,0.0,4.892857142857143,8.0,0,,0.38674633012742915,f,f,1,1,0,0,0,0,0,0,0,0,0,0,330.0
8,2.0,4.0,5.0,1,28,63,4.7,2283,4.0,4.688571428571429,32.0,63,2.0,0.9048858717218065,t,t,1,1,0,0,0,0,0,0,0,0,0,0,607.0
2,0.5,1.0,1.0,1,365,47,4.89,1465,7.0,4.882857142857143,2.0,47,2.0,5.728390338198481,f,t,1,1,0,0,0,0,0,0,0,0,0,0,118.0
3,1.0,1.0,2.0,2,365,30,4.9,227,9.0,4.88,3.0,60,2.0,0.9281681386924201,t,t,1,1,0,0,0,0,0,0,0,0,0,0,180.0
6,2.0,3.0,3.0,1,90,24,4.71,5608,4.0,4.765714285714286,18.0,24,2.0,6.693479240196868,t,f,1,1,0,0,0,0,0,0,0,0,0,0,283.0
8,3.0,3.0,5.0,1,365,50,4.7,1860,9.0,4.74,24.0,50,2.0,6.915678204379779,f,t,1,0,0,0,0,0,0,0,0,0,0,0,345.0
6,3.0,4.0,4.0,90,180,1,5.0,5081,198.0,5.0,24.0,90,0.0,3.723369965386627,f,f,1,1,0,0,0,0,0,0,0,0,0,0,383.0
2,0.0,1.0,1.0,90,365,1,5.0,3343,24.0,4.857142857142857,2.0,90,1.0,3.618515927548597,t,f,1,1,0,0,0,0,0,0,0,0,0,0,72.0
4,1.0,2.0,2.0,30,360,0,4.89,512,0.0,4.892857142857143,8.0,0,,5.245396978912928,f,f,1,1,0,0,0,0,0,0,0,0,0,0,87.0
6,2.0,3.0,3.0,1,365,15,4.73,224,11.0,4.648571428571429,18.0,15,2.0,6.97358272261556,t,t,1,1,0,0,0,0,0,0,0,0,0,0,361.0
2,1.0,1.0,1.0,2,365,6,5.0,4163,14.0,4.784285714285714,2.0,12,2.0,4.116847314300054,f,f,1,1,0,0,0,0,0,0,0,0,0,0,248.0
2,1.0,1.0,1.0,1,365,2,4.5,1788,38.0,4.642857142857143,2.0,2,1.0,3.8295402589623384,f,f,1,1,0,0,0,0,0,0,0,0,0,0,76.0
4,1.0,2.0,2.0,1,365,23,4.7,1419,19.0,4.788571428571429,8.0,23,2.0,4.208599331019928,f,t,0,1,0,0,0,0,0,0,0,0,0,0,222.0
2,1.0,2.0,2.0,90,350,0,4.89,4510,0.0,4.892857142857143,4.0,0,,4.793776885239165,f,t,1,1,0,0,0,0,0,0,0,0,0,0,113.0
4,1.0,2.0,2.0,2,5,38,4.97,3856,4.0,4.9628571428571435,8.0,76,2.0,5.04188416313725,t,f,1,1,0,0,0,0,0,0,0,0,0,0,146.0
5,2.0,2.0,2.0,90,90,0,4.89,2584,0.0,4.892857142857143,10.0,0,,1.5104547832003152,f,f,1,1,0,0,0,0,0,0,0,0,0,0,359.0
1,1.0,1.0,1.0,90,365,0,4.89,637,0.0,4.892857142857143,1.0,0,,5.5091165139537654,f,f,1,1,0,0,0,0,0,0,0,0,0,0,41.0
2,1.0,1.0,1.0,3,365,7,4.57,3961,7.0,4.632857142857143,2.0,21,2.0,3.321661113277597,t,f,1,1,0,0,0,0,0,0,0,0,0,0,251.0
16,5.5,5.0,2.0,1,1125,29,4.72,958,9.0,4.767142857142857,80.0,29,2.0,6.714332192645244,f,t,0,1,0,0,0,0,0,0,0,0,0,0,731.0
3,1.0,1.0,2.0,1,365,13,5.0,221,9.0,4.967142857142858,3.0,13,2.0,7.857683813425637,t,t,1,1,0,0,0,0,0,0,0,0,0,0,147.0
4,1.0,3.0,3.0,2,90,20,5.0,221,4.0,4.985714285714286,12.0,40,2.0,9.179238777590284,t,f,1,1,0,0,0,0,0,0,0,0,0,0,149.0
6,1.0,1.0,3.0,2,180,28,4.96,226,19.0,4.947142857142857,6.0,56,2.0,0.35571741979926935,t,f,1,1,0,0,0,0,0,0,0,0,0,0,288.0
8,2.0,3.0,3.0,1,365,28,4.75,1285,8.0,4.748571428571429,24.0,28,2.0,6.772083286703757,t,f,1,1,0,0,0,0,0,0,0,0,0,0,352.0
3,2.0,3.0,2.0,1,365,11,4.64,2185,7.0,4.677142857142857,9.0,11,2.0,6.122035657574592,,f,0,1,0,0,0,0,0,0,0,0,0,0,149.0
5,1.0,2.0,2.0,2,21,1,5.0,2694,213.0,5.0,10.0,2,3.0,5.505195299318617,f,t,1,1,0,0,0,0,0,0,0,0,0,0,342.0
1,1.0,1.0,1.0,90,180,1,5.0,1161,153.0,5.0,1.0,90,0.0,2.914472325248249,f,t,1,1,0,0,0,0,0,0,0,0,0,0,199.0
4,2.0,,4.0,90,365,0,4.89,2119,0.0,4.892857142857143,,0,,4.661879219239889,f,f,1,0,0,0,0,0,0,0,0,0,0,0,572.0
6,1.0,2.0,3.0,2,60,19,4.79,2462,7.0,4.862857142857143,12.0,38,2.0,6.630972629562252,f,f,1,1,0,0,0,0,0,0,0,0,0,0,134.0
4,1.0,2.0,2.0,2,31,28,5.0,2513,8.0,4.958571428571429,8.0,56,2.0,0.4152433462381933,t,f,1,1,0,0,0,0,0,0,0,0,0,0,404.0
4,1.0,2.0,2.0,2,365,16,4.94,4076,9.0,4.912857142857143,8.0,32,2.0,4.661865591655205,,f,1,1,0,0,0,0,0,0,0,0,0,0,218.0
4,2.0,2.0,2.0,90,365,1,5.0,2387,101.0,5.0,8.0,90,1.0,5.195995321557406,f,t,1,1,0,0,0,0,0,0,0,0,0,0,185.0
8,2.0,3.0,4.0,1,365,4,5.0,215,21.0,5.0,24.0,4,2.0,5.087637398685925,f,f,1,1,0,0,0,0,0,0,0,0,0,0,295.0
2,1.0,2.0,2.0,91,360,3,5.0,2587,177.0,4.7628571428571425,4.0,273,0.0,1.0261304223626333,f,f,0,1,0,0,0,0,0,0,0,0,0,0,143.0
4,2.0,2.0,2.0,30,365,1,5.0,2387,171.0,4.571428571428571,8.0,30,0.0,0.2746190572540975,f,t,1,1,0,0,0,0,0,0,0,0,0,0,396.0
4,1.0,1.0,2.0,2,5,9,5.0,3382,9.0,4.890000000000001,4.0,18,2.0,5.906317344368491,f,f,0,1,0,0,0,0,0,0,0,0,0,0,150.0
4,1.0,1.0,2.0,90,180,4,4.0,1161,194.0,4.142857142857143,4.0,360,0.0,2.6802264134029894,f,t,1,1,0,0,0,0,0,0,0,0,0,0,299.0
2,1.0,1.0,1.0,90,364,2,5.0,213,148.0,5.0,2.0,180,0.0,1.0886633897286533,f,t,1,1,0,0,0,0,0,0,0,0,0,0,235.0
4,1.5,2.0,2.0,2,8,7,5.0,3931,27.0,5.0,8.0,14,1.0,3.1852405189610407,t,f,1,1,0,0,0,0,0,0,0,0,0,0,630.0
2,2.0,1.0,1.0,1,28,43,4.53,1069,6.0,4.5928571428571425,2.0,43,2.0,2.339322212525051,f,t,1,1,0,0,0,0,0,0,0,0,0,0,95.0
6,2.0,2.0,3.0,2,180,24,4.96,213,22.0,4.852857142857142,12.0,48,2.0,1.0519636621500987,t,t,1,1,0,0,0,0,0,0,0,0,0,0,316.0
4,2.0,2.0,2.0,90,365,0,4.89,3072,0.0,4.892857142857143,8.0,0,,0.8809625848175541,f,f,1,1,0,0,0,0,0,0,0,0,0,0,1750.0
4,1.0,2.0,3.0,90,365,3,4.67,2004,78.0,4.905714285714287,8.0,270,1.0,8.923775025997609,f,t,1,1,0,0,0,0,0,0,0,0,0,0,212.0
4,1.0,1.0,2.0,1,365,24,4.88,340,10.0,4.805714285714286,4.0,24,2.0,1.1427264050303938,t,f,0,1,0,0,0,0,0,0,0,0,0,0,333.0
4,1.0,2.0,2.0,90,365,2,3.5,3547,56.0,3.5714285714285716,8.0,180,1.0,8.123089688016375,f,f,0,1,0,0,0,0,0,0,0,0,0,0,99.0
8,2.0,2.0,4.0,90,365,0,4.89,220,0.0,4.892857142857143,16.0,0,,6.1266908281648504,f,f,0,1,0,0,0,0,0,0,0,0,0,0,959.0
3,1.0,1.0,2.0,90,180,1,5.0,4668,86.0,4.714285714285714,3.0,90,1.0,2.49010309155159,f,f,1,1,0,0,0,0,0,0,0,0,0,0,158.0
2,2.0,1.0,1.0,90,365,1,5.0,3861,109.0,5.0,2.0,90,1.0,0.5687666086884031,t,f,1,1,0,0,0,0,0,0,0,0,0,0,144.0
6,2.5,3.0,3.0,1,365,10,5.0,212,12.0,4.971428571428571,18.0,10,2.0,2.081458811677797,f,t,1,1,0,0,0,0,0,0,0,0,0,0,427.0
4,1.0,1.0,2.0,90,180,0,4.89,1161,0.0,4.892857142857143,4.0,0,,2.670987346622344,f,t,1,1,0,0,0,0,0,0,0,0,0,0,299.0
4,1.0,1.0,2.0,1,365,8,4.88,1637,156.0,4.897142857142858,4.0,8,0.0,2.746274660503941,t,f,1,1,0,0,0,0,0,0,0,0,0,0,399.0
6,1.0,2.0,4.0,1,365,29,4.72,318,9.0,4.822857142857143,12.0,29,2.0,6.283565155261827,t,f,1,1,0,0,0,0,0,0,0,0,0,0,159.0
6,2.5,2.0,2.0,90,365,1,5.0,1165,175.0,5.0,12.0,90,0.0,1.8943717760657945,f,t,1,1,0,0,0,0,0,0,0,0,0,0,253.0
2,1.0,1.0,1.0,6,60,11,4.91,3187,11.0,4.987142857142857,2.0,66,2.0,2.376445243034475,f,f,1,1,0,0,0,0,0,0,0,0,0,0,247.0
2,1.0,1.0,1.0,3,180,4,5.0,3392,31.0,5.0,2.0,12,1.0,7.806402406813328,f,f,1,1,0,0,0,0,0,0,0,0,0,0,152.0
11,4.0,4.0,6.0,1,365,33,4.91,404,19.0,4.922857142857143,44.0,33,2.0,7.799571313119106,t,f,1,1,0,0,0,0,0,0,0,0,0,0,444.0
3,1.0,2.0,2.0,1,3,41,4.88,3122,5.0,4.869999999999999,6.0,41,2.0,2.9436416174339586,t,f,1,0,0,0,0,0,0,0,0,0,0,0,140.0
2,1.0,1.0,1.0,2,30,9,5.0,258,10.0,4.984285714285714,2.0,18,2.0,3.514987999082352,f,f,1,1,0,0,0,0,0,0,0,0,0,0,158.0
4,1.0,1.0,2.0,1,1125,18,4.89,2927,26.0,4.857142857142857,4.0,18,1.0,5.982658048275067,f,t,1,1,0,0,0,0,0,0,0,0,0,0,152.0
3,1.0,1.0,2.0,1,80,30,4.9,3295,10.0,4.908571428571428,3.0,30,2.0,5.5752871641394,t,f,1,1,0,0,0,0,0,0,0,0,0,0,112.0
3,1.5,1.0,1.0,90,365,0,4.89,2143,0.0,4.892857142857143,3.0,0,,4.626030636458657,f,f,1,1,0,0,0,0,0,0,0,0,0,0,60.0
4,1.0,2.0,2.0,91,365,0,4.89,3814,0.0,4.892857142857143,8.0,0,,6.699460917756617,f,t,1,1,0,0,0,0,0,0,0,0,0,0,175.0
5,3.0,3.0,3.0,1,60,0,4.89,4212,0.0,4.892857142857143,15.0,0,,4.689984353087698,f,f,1,1,0,0,0,0,0,0,0,0,0,0,352.0
7,2.5,4.0,4.0,2,30,22,4.82,206,37.0,4.8,28.0,44,1.0,2.8441424584847677,t,f,1,1,0,0,0,0,0,0,0,0,0,0,325.0
3,1.0,1.0,1.0,2,15,12,4.42,205,15.0,4.595714285714286,3.0,24,2.0,0.9462708310966916,f,f,1,1,0,0,0,0,0,0,0,0,0,0,184.0
9,1.5,5.0,5.0,1,365,0,4.89,2199,0.0,4.892857142857143,45.0,0,,3.6104601489157293,t,t,1,1,0,0,0,0,0,0,0,0,0,0,2800.0
6,2.5,3.0,3.0,90,365,0,4.89,2482,0.0,4.892857142857143,18.0,0,,4.138147745744809,f,f,1,0,0,0,0,0,0,0,0,0,0,0,450.0
7,2.0,3.0,4.0,2,30,42,5.0,4334,9.0,4.977142857142858,21.0,84,2.0,2.9364123498060746,t,f,1,1,0,0,0,0,0,0,0,0,0,0,361.0
4,1.0,2.0,2.0,1,30,1,5.0,2586,30.0,5.0,8.0,1,1.0,6.379957560948475,f,f,1,1,0,0,0,0,0,0,0,0,0,0,177.0
6,1.0,2.0,3.0,1,89,37,4.86,3410,12.0,4.868571428571428,12.0,37,2.0,3.3945305639035754,t,f,1,1,0,0,0,0,0,0,0,0,0,0,194.0
5,2.0,2.0,3.0,180,365,0,4.89,2422,0.0,4.892857142857143,10.0,0,,9.06596458229996,f,f,1,1,0,0,0,0,0,0,0,0,0,0,152.0
2,1.0,1.0,1.0,1,365,0,4.89,4097,0.0,4.892857142857143,2.0,0,,5.307434262422971,f,t,1,1,0,0,0,0,0,0,0,0,0,0,153.0
2,1.0,1.0,1.0,90,365,0,4.89,1161,0.0,4.892857142857143,2.0,0,,2.7843279205444667,f,t,1,1,0,0,0,0,0,0,0,0,0,0,265.0
4,1.0,1.0,2.0,2,26,9,5.0,203,7.0,4.937142857142858,4.0,18,2.0,3.3381546628387655,f,f,1,0,0,0,0,0,0,0,0,0,0,0,126.0
3,1.0,1.0,2.0,2,365,5,4.6,1509,55.0,4.828571428571428,3.0,10,1.0,1.0997434324594804,t,t,1,1,0,0,0,0,0,0,0,0,0,0,317.0
3,1.0,1.0,2.0,2,365,11,5.0,1509,60.0,4.884285714285714,3.0,22,1.0,1.1101503653800153,t,t,1,1,0,0,0,0,0,0,0,0,0,0,349.0
6,1.0,3.0,3.0,3,21,27,4.93,202,7.0,4.952857142857143,18.0,81,2.0,5.971382568707497,t,f,1,1,0,0,0,0,0,0,0,0,0,0,224.0
4,2.0,3.0,3.0,2,90,16,4.88,1169,6.0,4.948571428571428,12.0,32,2.0,7.630667002073211,t,f,1,1,0,0,0,0,0,0,0,0,0,0,321.0
2,1.0,0.0,2.0,1,90,6,4.83,201,21.0,4.832857142857143,0.0,6,2.0,6.238062970192264,f,t,1,1,0,0,0,0,0,0,0,0,0,0,110.0
2,2.0,1.0,1.0,1,28,26,4.42,1069,26.0,4.619999999999999,2.0,26,1.0,2.272852088058654,f,t,1,1,0,0,0,0,0,0,0,0,0,0,80.0
2,1.0,1.0,1.0,90,365,1,5.0,2387,199.0,4.857142857142857,2.0,90,0.0,2.106344931827516,f,t,1,1,0,0,0,0,0,0,0,0,0,0,137.0
1,1.0,1.0,1.0,90,365,0,4.89,229,0.0,4.892857142857143,1.0,0,,6.613800715830671,f,f,0,1,0,0,0,0,0,0,0,0,0,0,500.0
5,1.0,2.0,2.0,1,365,11,5.0,200,7.0,4.961428571428572,10.0,11,2.0,7.72729512339717,t,t,1,1,0,0,0,0,0,0,0,0,0,0,216.0
4,1.0,1.0,2.0,3,90,11,5.0,4077,7.0,4.961428571428572,4.0,33,2.0,4.792567093322678,f,f,1,1,0,0,0,0,0,0,0,0,0,0,147.0
3,1.0,1.0,2.0,2,7,6,5.0,2481,10.0,4.928571428571429,3.0,12,2.0,0.9089189210151138,f,f,1,1,0,0,0,0,0,0,0,0,0,0,306.0
4,2.0,2.0,3.0,90,365,0,4.89,5782,0.0,4.892857142857143,8.0,0,,4.454557076616243,f,f,1,1,0,0,0,0,0,0,0,0,0,0,215.0
7,3.0,3.0,3.0,1,365,16,4.88,75,17.0,4.85,21.0,16,2.0,7.031408274780293,f,t,0,1,0,0,0,0,0,0,0,0,0,0,243.0
2,0.0,0.0,2.0,90,365,0,4.89,1304,0.0,4.892857142857143,0.0,0,,6.403204487171846,f,t,0,0,0,0,0,0,0,0,0,0,0,0,52.0
7,2.0,3.0,3.0,2,365,13,4.85,199,24.0,4.804285714285713,21.0,26,1.0,0.9456933088383073,t,t,1,1,0,0,0,0,0,0,0,0,0,0,331.0
4,2.0,2.0,2.0,90,210,0,4.89,2950,0.0,4.892857142857143,8.0,0,,0.40845769575110286,t,t,1,1,0,0,0,0,0,0,0,0,0,0,438.0
8,2.0,2.0,2.0,90,365,44,4.75,1193,23.0,4.724285714285714,16.0,3960,2.0,0.8501919281293836,f,f,1,0,0,0,0,0,0,0,0,0,0,0,539.0
4,2.0,2.0,2.0,2,365,29,4.97,198,18.0,4.952857142857142,8.0,58,2.0,0.9271651130272434,t,f,1,1,0,0,0,0,0,0,0,0,0,0,345.0
4,2.0,2.0,2.0,91,365,0,4.89,244,0.0,4.892857142857143,8.0,0,,0.6203460317880267,f,t,1,1,0,0,0,0,0,0,0,0,0,0,513.0
1,1.0,1.0,1.0,90,365,1,2.0,432,205.0,3.0,1.0,90,0.0,9.055029892077581,f,f,0,1,0,0,0,0,0,0,0,0,0,0,108.0
2,1.0,1.0,1.0,3,7,0,4.89,1394,0.0,4.892857142857143,2.0,0,,2.7484370738961243,f,f,1,1,0,0,0,0,0,0,0,0,0,0,198.0
2,1.0,1.0,1.0,1,365,12,4.83,200,9.0,4.917142857142857,2.0,12,2.0,3.796262110492433,t,f,1,1,0,0,0,0,0,0,0,0,0,0,105.0
4,1.0,1.0,2.0,1,365,3,4.67,197,28.0,4.952857142857143,4.0,3,1.0,7.63806450898468,f,t,1,0,0,0,0,0,0,0,0,0,0,0,309.0
4,1.0,1.0,2.0,30,730,0,4.89,1210,0.0,4.892857142857143,4.0,0,,0.694106372491347,t,f,1,1,0,0,0,0,0,0,0,0,0,0,500.0
4,1.0,1.0,1.0,2,30,1,5.0,3995,101.0,5.0,4.0,2,1.0,6.694612707309713,t,f,1,1,0,0,0,0,0,0,0,0,0,0,189.0
4,1.0,1.0,2.0,1,365,22,4.95,909,16.0,4.918571428571428,4.0,22,2.0,2.579861049791858,t,t,1,1,0,0,0,0,0,0,0,0,0,0,196.0
3,1.0,1.0,2.0,1,1125,11,5.0,196,9.0,4.987142857142857,3.0,11,2.0,7.461532603020037,t,t,1,0,0,0,0,0,0,0,0,0,0,0,151.0
7,2.0,3.0,4.0,90,365,39,4.77,543,16.0,4.791428571428573,21.0,3510,2.0,2.2020803524421475,t,f,1,1,0,0,0,0,0,0,0,0,0,0,359.0
6,2.5,3.0,3.0,3,30,7,4.86,1362,51.0,4.92,18.0,21,1.0,7.366203474379158,f,f,0,1,0,0,0,0,0,0,0,0,0,0,295.0
8,2.0,2.0,2.0,1,150,14,4.64,195,28.0,4.671428571428572,16.0,14,1.0,1.0947228915089071,f,t,1,1,0,0,0,0,0,0,0,0,0,0,330.0
9,1.5,4.0,5.0,2,365,10,5.0,2849,15.0,4.942857142857143,36.0,20,2.0,5.1201267493611695,t,t,1,1,0,0,0,0,0,0,0,0,0,0,555.0
7,2.0,3.0,3.0,1,365,43,4.67,194,13.0,4.735714285714286,21.0,43,2.0,1.0889512017050103,t,t,1,1,0,0,0,0,0,0,0,0,0,0,273.0
2,1.0,1.0,1.0,1,365,26,4.42,683,9.0,4.577142857142857,2.0,26,2.0,5.682699504261845,f,f,1,1,0,0,0,0,0,0,0,0,0,0,131.0
5,3.0,4.0,4.0,90,365,0,4.89,1450,0.0,4.892857142857143,20.0,0,,6.971039299275,f,f,1,1,0,0,0,0,0,0,0,0,0,0,250.0
7,2.0,3.0,4.0,90,365,31,4.77,301,16.0,4.811428571428571,21.0,2790,2.0,1.0458929102700034,t,f,1,0,0,0,0,0,0,0,0,0,0,0,370.0
4,1.0,2.0,2.0,2,1125,19,4.95,4200,7.0,4.924285714285714,8.0,38,2.0,7.563635335741165,f,f,1,1,0,0,0,0,0,0,0,0,0,0,139.0
4,2.0,2.0,2.0,3,30,3,5.0,1099,8.0,5.0,8.0,9,2.0,0.40121585698788953,f,f,1,1,0,0,0,0,0,0,0,0,0,0,428.0
1,1.0,1.0,1.0,90,365,1,5.0,1570,51.0,5.0,1.0,90,1.0,5.626431171925933,f,f,1,1,0,0,0,0,0,0,0,0,0,0,41.0
4,2.0,2.0,2.0,4,365,33,4.91,2710,7.0,4.944285714285715,8.0,132,2.0,0.6903597278258485,t,t,1,1,0,0,0,0,0,0,0,0,0,0,305.0
5,1.5,2.0,3.0,2,1125,18,4.83,2284,37.0,4.885714285714285,10.0,36,1.0,6.902856091364545,t,f,1,1,0,0,0,0,0,0,0,0,0,0,179.0
4,1.0,1.0,2.0,2,90,16,4.88,3129,13.0,4.938571428571429,4.0,32,2.0,2.0145340007869366,f,f,1,1,0,0,0,0,0,0,0,0,0,0,257.0
10,2.0,4.0,6.0,2,365,29,4.86,2307,22.0,4.852857142857142,40.0,58,2.0,4.978248652718726,,f,1,1,0,0,0,0,0,0,0,0,0,0,373.0
4,1.0,1.0,1.0,90,365,5,5.0,633,174.0,4.942857142857143,4.0,450,0.0,1.0947228915089071,f,f,1,1,0,0,0,0,0,0,0,0,0,0,523.0
3,1.0,1.0,1.0,1,365,36,4.75,423,17.0,4.777142857142858,3.0,36,2.0,0.8063309306809457,f,t,1,1,0,0,0,0,0,0,0,0,0,0,231.0
5,1.0,2.0,2.0,3,28,2,5.0,190,22.0,5.0,10.0,6,2.0,4.093591267560753,f,f,1,1,0,0,0,0,0,0,0,0,0,0,320.0
2,1.0,1.0,1.0,1,365,16,4.38,200,9.0,4.448571428571428,2.0,16,2.0,3.753679144014506,t,f,1,1,0,0,0,0,0,0,0,0,0,0,121.0
2,1.0,1.0,1.0,1,30,7,4.86,200,11.0,4.7542857142857144,2.0,7,2.0,3.9853779344051916,t,f,1,1,0,0,0,0,0,0,0,0,0,0,125.0
7,2.0,3.0,4.0,1,1125,29,4.97,190,5.0,4.927142857142856,21.0,29,2.0,0.9347293414447523,t,t,1,0,0,0,0,0,0,0,0,0,0,0,365.0
2,1.0,1.0,1.0,90,365,6,5.0,300,94.0,4.951428571428571,2.0,540,1.0,0.5060736311775762,f,f,1,1,0,0,0,0,0,0,0,0,0,0,100.0
4,2.0,2.0,2.0,2,365,25,4.96,190,7.0,4.965714285714285,8.0,50,2.0,0.17809275336755992,t,f,0,1,0,0,0,0,0,0,0,0,0,0,408.0
2,1.0,1.0,1.0,90,180,0,4.89,1161,0.0,4.892857142857143,2.0,0,,2.5305462851679725,f,t,1,1,0,0,0,0,0,0,0,0,0,0,93.0
4,1.0,2.0,2.0,1,365,6,4.33,1951,15.0,4.618571428571428,8.0,6,2.0,7.495725600254595,t,t,1,1,0,0,0,0,0,0,0,0,0,0,135.0
4,2.5,2.0,2.0,90,365,0,4.89,682,0.0,4.892857142857143,8.0,0,,0.5312738838423334,f,f,0,1,0,0,0,0,0,0,0,0,0,0,1800.0
4,1.0,2.0,2.0,90,365,0,4.89,5782,0.0,4.892857142857143,8.0,0,,0.6202862273706364,f,t,1,1,0,0,0,0,0,0,0,0,0,0,266.0
4,2.0,2.0,2.0,120,365,0,4.89,2045,0.0,4.892857142857143,8.0,0,,1.046618424329895,t,t,1,1,0,0,0,0,0,0,0,0,0,0,390.0
10,4.0,5.0,5.0,90,365,8,3.88,188,44.0,4.038571428571428,50.0,720,1.0,8.878564867796134,f,t,1,1,0,0,0,0,0,0,0,0,0,0,411.0
4,1.0,2.0,2.0,1,80,10,4.9,188,9.0,4.8,8.0,10,2.0,1.0563529176994377,f,t,1,1,0,0,0,0,0,0,0,0,0,0,194.0
2,2.0,1.0,1.0,90,365,0,4.89,4478,0.0,4.892857142857143,2.0,0,,0.8169051122168396,f,f,1,1,0,0,0,0,0,0,0,0,0,0,1027.0
7,2.0,2.0,3.0,2,180,15,5.0,187,50.0,4.942857142857143,14.0,30,1.0,1.0066212789040316,t,t,1,1,0,0,0,0,0,0,0,0,0,0,435.0
2,1.0,1.0,1.0,2,120,17,4.65,3979,10.0,4.722857142857143,2.0,34,2.0,6.493252765055305,f,f,1,1,0,0,0,0,0,0,0,0,0,0,113.0
7,2.0,3.0,3.0,3,365,2,5.0,186,142.0,5.0,21.0,6,0.0,0.9141791923197673,f,t,0,1,0,0,0,0,0,0,0,0,0,0,669.0
2,1.0,0.0,1.0,1,45,15,5.0,3370,21.0,4.904285714285714,0.0,15,2.0,5.947252437650021,t,f,1,1,0,0,0,0,0,0,0,0,0,0,71.0
4,2.0,2.0,2.0,90,365,0,4.89,5782,0.0,4.892857142857143,8.0,0,,10.72670144692408,f,t,1,1,0,0,0,0,0,0,0,0,0,0,175.0
9,2.5,3.0,5.0,1,90,27,4.85,186,8.0,4.8185714285714285,27.0,27,2.0,6.996206098408116,t,t,1,1,0,0,0,0,0,0,0,0,0,0,668.0
2,1.0,2.0,2.0,90,120,0,4.89,2278,0.0,4.892857142857143,4.0,0,,4.916420442827478,f,f,1,1,0,0,0,0,0,0,0,0,0,0,95.0
2,1.0,1.0,1.0,1,365,3,5.0,205,92.0,4.857142857142857,2.0,3,1.0,6.562306899656528,f,f,0,1,0,0,0,0,0,0,0,0,0,0,120.0
9,2.0,4.0,5.0,1,365,51,4.86,2120,10.0,4.831428571428572,36.0,51,2.0,1.1210555167204033,t,f,1,1,0,0,0,0,0,0,0,0,0,0,718.0
2,1.0,1.0,1.0,1,90,0,4.89,184,0.0,4.892857142857143,2.0,0,,0.9361095987537533,f,f,0,1,0,0,0,0,0,0,0,0,0,0,400.0
2,1.0,1.0,1.0,90,365,0,4.89,309,0.0,4.892857142857143,2.0,0,,7.518810124796007,f,f,0,1,0,0,0,0,0,0,0,0,0,0,49.0
2,1.0,1.0,1.0,90,365,0,4.89,309,0.0,4.892857142857143,2.0,0,,7.518810124796007,f,f,0,1,0,0,0,0,0,0,0,0,0,0,94.0
3,1.0,1.0,2.0,1,90,0,4.89,184,0.0,4.892857142857143,3.0,0,,1.031494090774708,f,f,0,1,0,0,0,0,0,0,0,0,0,0,400.0
3,1.0,1.0,2.0,2,90,21,4.81,3018,6.0,4.877142857142857,3.0,42,2.0,7.627227330364048,f,f,1,1,0,0,0,0,0,0,0,0,0,0,124.0
5,1.0,1.0,3.0,4,365,23,4.57,183,44.0,4.617142857142857,5.0,92,1.0,0.9573320831215487,f,f,1,1,0,0,0,0,0,0,0,0,0,0,256.0
2,1.0,1.0,1.0,90,150,6,5.0,3963,26.0,4.881428571428572,2.0,540,1.0,1.5016937865855156,f,t,1,1,0,0,0,0,0,0,0,0,0,0,141.0
4,1.0,2.0,3.0,3,28,14,5.0,2316,17.0,4.99,8.0,42,2.0,6.435426842972303,f,f,1,1,0,0,0,0,0,0,0,0,0,0,113.0
3,1.0,1.0,1.0,100,365,1,5.0,2471,36.0,4.714285714285714,3.0,100,1.0,0.31484546265813085,,t,1,0,0,0,0,0,0,0,0,0,0,0,623.0
4,1.0,1.0,1.0,1,365,0,4.89,3100,0.0,4.892857142857143,4.0,0,,1.1222314875320587,f,t,1,1,0,0,0,0,0,0,0,0,0,0,219.0
4,1.0,1.0,2.0,90,180,11,4.55,552,44.0,4.677142857142857,4.0,990,1.0,0.3919782787313048,t,f,1,1,0,0,0,0,0,0,0,0,0,0,368.0
6,1.0,3.0,3.0,1,365,1,5.0,181,52.0,5.0,18.0,1,1.0,7.148907363781099,f,f,1,1,0,0,0,0,0,0,0,0,0,0,406.0
2,1.0,1.0,1.0,90,365,0,4.89,3338,0.0,4.892857142857143,2.0,0,,0.2507122917690244,f,f,1,1,0,0,0,0,0,0,0,0,0,0,263.0
6,1.0,2.0,4.0,1,1125,20,4.8,180,19.0,4.8999999999999995,12.0,20,2.0,6.3180773881090495,t,t,1,1,0,0,0,0,0,0,0,0,0,0,178.0
6,1.0,2.0,3.0,2,90,14,4.43,179,18.0,4.491428571428571,12.0,28,2.0,5.4026664211338895,f,t,1,1,0,0,0,0,0,0,0,0,0,0,132.0
3,1.0,2.0,2.0,7,365,16,4.94,872,8.0,4.911428571428572,6.0,112,2.0,1.9766858485765908,t,f,1,1,0,0,0,0,0,0,0,0,0,0,263.0
2,1.0,1.0,1.0,1,365,2,4.0,913,118.0,3.9285714285714284,2.0,2,0.0,4.1372348320989865,f,f,0,1,0,0,0,0,0,0,0,0,0,0,75.0
2,1.0,1.0,1.0,1,365,1,4.0,913,34.0,4.714285714285714,2.0,1,1.0,3.8675400415057672,f,t,0,1,0,0,0,0,0,0,0,0,0,0,94.0
12,2.0,3.0,4.0,1,365,24,4.88,1285,9.0,4.864285714285715,36.0,24,2.0,7.368834513924862,t,f,1,1,0,0,0,0,0,0,0,0,0,0,388.0
6,2.5,3.0,5.0,3,29,10,4.9,4009,13.0,4.928571428571429,18.0,30,2.0,3.927546496016446,f,f,1,1,0,0,0,0,0,0,0,0,0,0,485.0
2,1.0,1.0,1.0,1,365,2,4.0,913,50.0,3.5714285714285716,2.0,2,1.0,3.9880094357138005,f,f,0,1,0,0,0,0,0,0,0,0,0,0,60.0
2,1.0,1.0,1.0,2,365,12,5.0,4248,9.0,4.964285714285714,2.0,24,2.0,2.5267574118869836,t,f,1,1,0,0,0,0,0,0,0,0,0,0,200.0
2,1.0,1.0,1.0,1,365,8,3.88,1788,23.0,4.145714285714286,2.0,8,2.0,3.742523892249291,f,f,1,1,0,0,0,0,0,0,0,0,0,0,94.0
4,1.0,1.0,6.0,1,28,20,4.85,672,19.0,4.814285714285714,4.0,20,2.0,0.7671325171327061,t,f,1,1,0,0,0,0,0,0,0,0,0,0,280.0
5,2.0,2.0,2.0,1,90,2,5.0,3169,149.0,4.928571428571429,10.0,2,0.0,0.9195824427409857,f,f,1,1,0,0,0,0,0,0,0,0,0,0,486.0
2,1.0,1.0,2.0,90,365,1,5.0,2530,80.0,5.0,2.0,90,1.0,6.420496146932956,f,t,1,1,0,0,0,0,0,0,0,0,0,0,52.0
2,1.0,1.0,1.0,1,90,2,5.0,3169,30.0,4.857142857142857,2.0,2,1.0,0.9292239537715896,f,f,1,1,0,0,0,0,0,0,0,0,0,0,400.0
2,1.0,1.0,1.0,90,365,2,5.0,1193,130.0,4.928571428571429,2.0,180,0.0,5.6250538563457235,f,t,1,0,0,0,0,0,0,0,0,0,0,0,75.0
8,1.0,3.0,3.0,1,365,3,4.67,175,45.0,4.8100000000000005,24.0,3,1.0,2.306436725201147,f,t,1,1,0,0,0,0,0,0,0,0,0,0,438.0
4,2.0,2.0,2.0,90,180,0,4.89,3618,0.0,4.892857142857143,8.0,0,,0.39696448128251893,f,f,1,1,0,0,0,0,0,0,0,0,0,0,249.0
2,1.0,1.0,1.0,90,365,6,4.83,633,95.0,4.857142857142857,2.0,540,1.0,4.544450576366341,f,f,1,1,0,0,0,0,0,0,0,0,0,0,54.0
4,1.5,2.0,2.0,1,365,12,4.67,4394,31.0,4.678571428571429,8.0,12,1.0,6.31157949910032,f,t,1,1,0,0,0,0,0,0,0,0,0,0,203.0
2,1.0,1.0,1.0,90,730,0,4.89,2888,0.0,4.892857142857143,2.0,0,,3.205649847608186,t,f,1,1,0,0,0,0,0,0,0,0,0,0,275.0
6,2.5,3.0,3.0,90,365,0,4.89,2387,0.0,4.892857142857143,18.0,0,,5.579102146420757,f,t,1,1,0,0,0,0,0,0,0,0,0,0,425.0
6,1.5,3.0,3.0,1,30,13,4.62,1823,23.0,4.75,18.0,13,2.0,7.3088510360366925,f,t,1,1,0,0,0,0,0,0,0,0,0,0,156.0
3,1.0,2.0,2.0,2,365,2,4.5,181,12.0,4.285714285714286,6.0,4,2.0,4.084770740310244,f,f,1,1,0,0,0,0,0,0,0,0,0,0,193.0
3,1.0,1.0,2.0,90,365,0,4.89,1024,0.0,4.892857142857143,3.0,0,,0.8383555159494755,f,f,1,1,0,0,0,0,0,0,0,0,0,0,293.0
8,2.5,3.0,3.0,2,365,3,5.0,172,19.0,4.905714285714287,24.0,6,2.0,1.1431294595869448,f,t,1,1,0,0,0,0,0,0,0,0,0,0,1195.0
6,2.0,3.0,3.0,100,365,5,5.0,1354,24.0,4.914285714285714,18.0,500,1.0,5.332660130944295,,f,1,1,0,0,0,0,0,0,0,0,0,0,344.0
3,1.0,1.0,1.0,1,90,9,5.0,3791,6.0,4.921428571428572,3.0,9,2.0,3.0290967044408013,f,f,1,1,0,0,0,0,0,0,0,0,0,0,236.0
4,1.0,1.0,2.0,90,364,1,5.0,3153,58.0,5.0,4.0,90,1.0,6.924186143957551,f,f,1,1,0,0,0,0,0,0,0,0,0,0,95.0
1,0.5,1.0,1.0,1,365,1,1.0,1420,23.0,1.0,1.0,1,2.0,7.945495087395689,f,t,1,1,0,0,0,0,0,0,0,0,0,0,54.0
1,1.0,1.0,1.0,2,7,5,5.0,2481,37.0,5.0,1.0,10,1.0,0.9035250530111695,f,f,1,1,0,0,0,0,0,0,0,0,0,0,271.0
5,2.0,2.0,3.0,2,365,15,4.93,220,12.0,4.885714285714286,10.0,30,2.0,6.95027964163501,f,f,1,1,0,0,0,0,0,0,0,0,0,0,232.0
8,2.0,4.0,5.0,90,600,0,4.89,1068,0.0,4.892857142857143,32.0,0,,7.861264881700997,t,f,1,1,0,0,0,0,0,0,0,0,0,0,295.0
2,1.0,1.0,1.0,90,365,0,4.89,3189,0.0,4.892857142857143,2.0,0,,0.7041732728116195,t,f,1,1,0,0,0,0,0,0,0,0,0,0,140.0
4,1.0,1.0,2.0,1,25,22,4.95,3367,5.0,4.938571428571429,4.0,22,2.0,4.837309222972027,t,f,1,1,0,0,0,0,0,0,0,0,0,0,136.0
4,1.0,2.0,2.0,2,365,10,4.9,4308,6.0,4.9,8.0,20,2.0,5.1501303621491825,t,t,1,1,0,0,0,0,0,0,0,0,0,0,121.0
2,1.0,1.0,1.0,1,1125,16,4.88,200,15.0,4.75,2.0,16,2.0,3.7776224633931976,t,f,1,1,0,0,0,0,0,0,0,0,0,0,101.0
3,1.0,1.0,1.0,90,365,1,5.0,2143,98.0,4.714285714285714,3.0,90,1.0,4.544450576366341,f,f,1,1,0,0,0,0,0,0,0,0,0,0,90.0
2,1.0,1.0,1.0,90,365,1,5.0,2387,137.0,5.0,2.0,90,0.0,0.28231020760534614,f,t,1,1,0,0,0,0,0,0,0,0,0,0,215.0
4,1.0,1.0,2.0,1,365,23,4.87,2859,6.0,4.808571428571429,4.0,23,2.0,0.5474466978339623,t,f,1,1,0,0,0,0,0,0,0,0,0,0,243.0
2,1.0,1.0,2.0,90,365,8,4.25,2530,27.0,4.501428571428571,2.0,720,1.0,6.41269040343166,f,t,1,1,0,0,0,0,0,0,0,0,0,0,66.0
12,5.0,5.0,6.0,2,365,13,4.38,164,22.0,4.591428571428572,60.0,26,2.0,6.065378202948448,f,t,1,1,0,0,0,0,0,0,0,0,0,0,199.0
6,1.0,1.0,2.0,1,14,21,5.0,187,44.0,4.945714285714286,6.0,21,1.0,8.04983448240897,t,f,1,1,0,0,0,0,0,0,0,0,0,0,178.0
2,1.0,1.0,1.0,90,365,1,5.0,276,128.0,5.0,2.0,90,0.0,7.56497161494966,f,t,1,1,0,0,0,0,0,0,0,0,0,0,43.0
3,1.0,2.0,2.0,3,90,0,4.89,1760,0.0,4.892857142857143,6.0,0,,0.6957512515241673,t,f,1,1,0,0,0,0,0,0,0,0,0,0,207.0
3,1.0,1.0,1.0,2,365,14,4.57,162,19.0,4.55,3.0,28,2.0,1.1013586039145864,t,f,0,1,0,0,0,0,0,0,0,0,0,0,225.0
8,2.0,3.0,3.0,2,1125,15,4.93,162,15.0,4.865714285714286,24.0,30,2.0,1.0523520090202452,f,f,1,1,0,0,0,0,0,0,0,0,0,0,625.0
1,1.0,1.0,1.0,90,365,0,4.89,5166,0.0,4.892857142857143,1.0,0,,6.7532312601249425,f,f,1,1,0,0,0,0,0,0,0,0,0,0,50.0
2,1.0,1.0,1.0,90,730,1,5.0,2888,23.0,4.857142857142857,2.0,90,2.0,3.3647016479155356,t,f,1,1,0,0,0,0,0,0,0,0,0,0,198.0
2,0.5,1.0,1.0,1,365,1,5.0,455,157.0,4.571428571428571,2.0,1,0.0,6.615176730170965,t,f,1,1,0,0,0,0,0,0,0,0,0,0,108.0
6,2.0,2.0,2.0,90,365,1,5.0,2387,126.0,5.0,12.0,90,0.0,0.8634173239192323,f,t,1,1,0,0,0,0,0,0,0,0,0,0,354.0
2,1.0,1.0,1.0,90,365,0,4.89,730,0.0,4.892857142857143,2.0,0,,6.704714993166561,f,t,1,1,0,0,0,0,0,0,0,0,0,0,45.0
5,1.0,2.0,3.0,1,365,22,5.0,909,8.0,4.9799999999999995,10.0,22,2.0,4.471186169164331,t,t,1,1,0,0,0,0,0,0,0,0,0,0,297.0
2,1.0,1.0,1.0,1,365,4,3.5,205,10.0,3.7142857142857144,2.0,4,2.0,6.571582784278818,f,f,0,1,0,0,0,0,0,0,0,0,0,0,96.0
3,1.0,2.0,2.0,1,365,18,4.83,3036,20.0,4.894285714285715,6.0,18,2.0,7.05160057651054,t,f,1,1,0,0,0,0,0,0,0,0,0,0,128.0
2,1.0,1.0,1.0,2,28,0,4.89,711,0.0,4.892857142857143,2.0,0,,5.504325990756411,f,t,1,1,0,0,0,0,0,0,0,0,0,0,80.0
4,1.0,2.0,2.0,90,730,0,4.89,2888,0.0,4.892857142857143,8.0,0,,3.1580049773319283,t,f,1,1,0,0,0,0,0,0,0,0,0,0,238.0
4,2.0,2.0,2.0,3,40,13,5.0,1347,5.0,4.965714285714285,8.0,39,2.0,0.9936249013596616,f,f,1,1,0,0,0,0,0,0,0,0,0,0,436.0
4,1.0,2.0,2.0,1,15,20,4.8,3001,22.0,4.8999999999999995,8.0,20,2.0,7.184628630309159,f,f,1,1,0,0,0,0,0,0,0,0,0,0,179.0
4,1.0,2.0,2.0,1,365,10,3.9,683,11.0,4.071428571428571,8.0,10,2.0,5.782842764973872,f,f,1,1,0,0,0,0,0,0,0,0,0,0,162.0
3,1.0,2.0,2.0,2,14,27,5.0,3803,10.0,4.9628571428571435,6.0,54,2.0,3.530544370582417,t,f,1,1,0,0,0,0,0,0,0,0,0,0,184.0
4,1.0,2.0,2.0,2,30,20,4.95,523,4.0,4.992857142857143,8.0,40,2.0,5.179182922997618,f,t,1,1,0,0,0,0,0,0,0,0,0,0,94.0
2,1.0,1.0,1.0,1,365,3,3.33,205,27.0,3.904285714285714,2.0,3,1.0,6.571582784278818,f,f,0,1,0,0,0,0,0,0,0,0,0,0,108.0
4,1.0,2.0,2.0,1,365,16,4.56,3582,10.0,4.661428571428572,8.0,16,2.0,5.504993589815057,f,f,1,1,0,0,0,0,0,0,0,0,0,0,122.0
5,1.0,2.0,3.0,2,365,16,5.0,156,13.0,4.9399999999999995,10.0,32,2.0,0.36193754908848264,t,f,1,1,0,0,0,0,0,0,0,0,0,0,608.0
2,1.0,1.0,1.0,1,365,8,4.88,156,6.0,4.895714285714285,2.0,8,2.0,7.561909145961012,t,t,1,1,0,0,0,0,0,0,0,0,0,0,126.0
4,1.0,1.0,3.0,90,365,1,5.0,1516,106.0,5.0,4.0,90,1.0,1.1073420169994979,f,f,1,1,0,0,0,0,0,0,0,0,0,0,136.0
4,2.0,2.0,2.0,1,90,0,4.89,838,0.0,4.892857142857143,8.0,0,,0.9237923298012403,f,f,1,1,0,0,0,0,0,0,0,0,0,0,222.0
2,1.0,1.0,1.0,90,730,1,5.0,2888,21.0,5.0,2.0,90,2.0,3.4001389892226115,t,f,1,1,0,0,0,0,0,0,0,0,0,0,128.0
2,1.0,1.0,1.0,30,365,0,4.89,992,0.0,4.892857142857143,2.0,0,,1.1077441117318658,f,t,1,1,0,0,0,0,0,0,0,0,0,0,375.0
2,1.0,1.0,1.0,90,180,2,4.5,154,56.0,4.785714285714286,2.0,180,1.0,2.559131628365675,f,t,0,1,0,0,0,0,0,0,0,0,0,0,105.0
4,1.0,2.0,2.0,1,90,12,4.58,4858,22.0,4.6899999999999995,8.0,12,2.0,5.753642513778949,t,f,1,1,0,0,0,0,0,0,0,0,0,0,227.0
4,2.5,2.0,2.0,30,180,0,4.89,1823,0.0,4.892857142857143,8.0,0,,6.99767540809932,f,f,1,1,0,0,0,0,0,0,0,0,0,0,144.0
2,1.0,1.0,1.0,2,28,9,4.89,3065,13.0,4.8428571428571425,2.0,18,2.0,4.064136800135749,f,t,1,1,0,0,0,0,0,0,0,0,0,0,133.0
2,1.0,1.0,1.0,90,180,2,3.0,154,142.0,3.2142857142857144,2.0,180,0.0,2.6441988107571075,f,t,0,1,0,0,0,0,0,0,0,0,0,0,99.0
4,2.0,2.0,2.0,1,365,8,4.75,2583,48.0,4.644285714285714,8.0,8,1.0,8.755604180866088,f,f,1,1,0,0,0,0,0,0,0,0,0,0,206.0
8,2.0,3.0,4.0,1,365,24,4.63,1321,25.0,4.672857142857143,24.0,24,1.0,4.309684186135011,t,f,1,1,0,0,0,0,0,0,0,0,0,0,342.0
1,1.0,1.0,1.0,2,90,6,5.0,4858,30.0,4.857142857142857,1.0,12,1.0,5.807169677075588,t,f,1,1,0,0,0,0,0,0,0,0,0,0,100.0
2,1.0,1.0,1.0,2,90,6,5.0,4858,16.0,4.881428571428572,2.0,12,2.0,5.633515774496705,t,f,1,1,0,0,0,0,0,0,0,0,0,0,96.0
2,1.0,1.0,1.0,2,90,3,4.67,4858,23.0,4.858571428571429,2.0,6,2.0,5.665336712767389,t,f,1,1,0,0,0,0,0,0,0,0,0,0,100.0
4,1.0,2.0,2.0,90,365,0,4.89,158,0.0,4.892857142857143,8.0,0,,9.00564591431546,f,t,1,1,0,0,0,0,0,0,0,0,0,0,390.0
5,2.0,2.0,2.0,90,365,3,4.0,711,38.0,3.9528571428571433,10.0,270,1.0,1.9927786832175804,f,t,1,1,0,0,0,0,0,0,0,0,0,0,207.0
2,1.5,1.0,1.0,90,365,0,4.89,2318,0.0,4.892857142857143,2.0,0,,8.08809558353723,f,f,1,0,0,0,0,0,0,0,0,0,0,0,428.0
2,1.0,1.0,1.0,90,365,0,4.89,730,0.0,4.892857142857143,2.0,0,,6.2435309911229275,f,t,1,1,0,0,0,0,0,0,0,0,0,0,48.0
4,1.0,2.0,2.0,2,30,17,4.88,477,9.0,4.9142857142857155,8.0,34,2.0,1.2840187447288511,f,f,1,1,0,0,0,0,0,0,0,0,0,0,264.0
6,2.0,2.0,3.0,2,28,2,5.0,3297,15.0,5.0,12.0,4,2.0,2.8612670639308164,,f,1,1,0,0,0,0,0,0,0,0,0,0,338.0
2,1.0,1.0,1.0,90,365,7,4.14,2441,20.0,4.265714285714286,2.0,630,2.0,1.1806759440968684,f,t,1,1,0,0,0,0,0,0,0,0,0,0,220.0
2,1.0,1.0,1.0,3,365,1,5.0,148,51.0,5.0,2.0,3,1.0,3.255579511502479,f,f,1,1,0,0,0,0,0,0,0,0,0,0,163.0
2,1.0,1.0,2.0,90,180,0,4.89,154,0.0,4.892857142857143,2.0,0,,2.6901348492971953,f,t,0,1,0,0,0,0,0,0,0,0,0,0,137.0
2,1.0,1.0,1.0,90,180,1,5.0,154,76.0,4.714285714285714,2.0,90,1.0,2.746755228296153,f,t,0,1,0,0,0,0,0,0,0,0,0,0,99.0
1,1.0,1.0,1.0,90,180,2,4.0,154,86.0,4.285714285714286,1.0,180,1.0,2.582417459532899,f,t,0,1,0,0,0,0,0,0,0,0,0,0,73.0
2,1.0,1.0,1.0,2,365,4,5.0,2606,25.0,4.928571428571429,2.0,8,1.0,4.362255359279198,f,f,0,1,0,0,0,0,0,0,0,0,0,0,157.0
5,2.0,3.0,3.0,1,365,35,4.89,1884,11.0,4.882857142857143,15.0,35,2.0,0.8513343064802541,,t,1,1,0,0,0,0,0,0,0,0,0,0,218.0
5,2.0,2.0,2.0,1,365,33,4.82,1884,6.0,4.807142857142858,10.0,33,2.0,1.0519636621500987,,t,1,1,0,0,0,0,0,0,0,0,0,0,294.0
4,1.0,1.0,1.0,2,365,2,5.0,4123,10.0,5.0,4.0,4,2.0,0.2900960934997528,f,f,1,1,0,0,0,0,0,0,0,0,0,0,309.0
2,1.0,1.0,1.0,90,90,12,4.33,217,15.0,4.487142857142857,2.0,1080,2.0,3.992347561608869,f,t,1,1,0,0,0,0,0,0,0,0,0,0,96.0
2,1.0,1.0,1.0,1,95,14,4.57,3454,17.0,4.591428571428572,2.0,14,2.0,8.87942717452673,f,t,1,1,0,0,0,0,0,0,0,0,0,0,70.0
4,1.0,1.0,2.0,1,365,15,5.0,144,18.0,4.894285714285714,4.0,15,2.0,0.3113050164685899,f,f,1,1,0,0,0,0,0,0,0,0,0,0,253.0
2,1.0,1.0,1.0,1,365,1,4.0,455,27.0,4.0,2.0,1,1.0,6.571543000553358,t,f,1,1,0,0,0,0,0,0,0,0,0,0,108.0
4,1.0,1.0,2.0,14,365,1,5.0,2403,51.0,5.0,4.0,14,1.0,0.8580198979454241,t,f,1,1,0,0,0,0,0,0,0,0,0,0,358.0
1,1.5,1.0,1.0,90,365,0,4.89,637,0.0,4.892857142857143,1.0,0,,6.548831992847482,f,f,1,1,0,0,0,0,0,0,0,0,0,0,44.0
2,1.0,1.0,1.0,1,7,0,4.89,4281,0.0,4.892857142857143,2.0,0,,0.9172308696680127,f,f,1,1,0,0,0,0,0,0,0,0,0,0,215.0
4,1.0,1.0,1.0,2,365,32,4.69,146,16.0,4.652857142857143,4.0,64,2.0,0.9805454510851931,t,f,0,1,0,0,0,0,0,0,0,0,0,0,188.0
2,1.0,1.0,1.0,3,365,4,4.75,3309,14.0,4.785714285714286,2.0,12,2.0,7.411401060210483,f,f,1,1,0,0,0,0,0,0,0,0,0,0,158.0
4,2.0,2.0,2.0,90,365,0,4.89,3189,0.0,4.892857142857143,8.0,0,,1.1109082489660373,t,f,1,1,0,0,0,0,0,0,0,0,0,0,254.0
4,1.0,1.0,2.0,90,365,0,4.89,2387,0.0,4.892857142857143,4.0,0,,0.8918843745534133,f,t,1,1,0,0,0,0,0,0,0,0,0,0,195.0
6,1.0,2.0,3.0,2,365,6,5.0,269,23.0,5.0,12.0,12,2.0,6.482828135884059,t,f,1,1,0,0,0,0,0,0,0,0,0,0,227.0
3,1.0,1.0,1.0,2,30,4,5.0,4686,59.0,5.0,3.0,8,1.0,6.209215531971,f,f,1,1,0,0,0,0,0,0,0,0,0,0,196.0
4,1.0,2.0,2.0,2,89,25,5.0,139,4.0,4.982857142857143,8.0,50,2.0,4.119756671130663,t,f,1,0,0,0,0,0,0,0,0,0,0,0,221.0
3,1.0,1.0,2.0,90,365,0,4.89,2387,0.0,4.892857142857143,3.0,0,,2.1036893075314964,f,t,1,1,0,0,0,0,0,0,0,0,0,0,165.0
4,2.0,2.0,2.0,4,1125,15,5.0,2224,6.0,4.971428571428571,8.0,60,2.0,0.6870918587600359,t,t,1,1,0,0,0,0,0,0,0,0,0,0,285.0
3,1.0,1.0,1.0,2,65,13,5.0,5671,8.0,4.988571428571428,3.0,26,2.0,3.026291374515659,f,f,1,1,0,0,0,0,0,0,0,0,0,0,216.0
5,2.0,3.0,3.0,1,365,34,4.79,168,14.0,4.815714285714286,15.0,34,2.0,0.9494570933679436,t,t,1,1,0,0,0,0,0,0,0,0,0,0,468.0
4,1.0,1.0,2.0,2,365,18,5.0,138,22.0,4.927142857142856,4.0,36,2.0,1.0947228915089071,f,f,1,1,0,0,0,0,0,0,0,0,0,0,310.0
2,1.0,0.0,2.0,90,365,4,3.5,2530,30.0,4.035714285714286,0.0,360,1.0,6.214944531827447,f,t,1,1,0,0,0,0,0,0,0,0,0,0,56.0
8,3.0,3.0,5.0,1,65,1,5.0,3325,21.0,4.714285714285714,24.0,1,2.0,3.06061455636635,f,f,1,1,0,0,0,0,0,0,0,0,0,0,654.0
1,1.0,1.0,1.0,90,180,1,5.0,154,72.0,4.714285714285714,1.0,90,1.0,2.6275300300048334,f,t,0,1,0,0,0,0,0,0,0,0,0,0,73.0
4,1.0,2.0,3.0,1,89,19,4.79,262,8.0,4.841428571428572,8.0,19,2.0,5.297136472562439,,f,1,1,0,0,0,0,0,0,0,0,0,0,140.0
4,2.0,2.0,2.0,5,14,1,5.0,4359,121.0,5.0,8.0,5,0.0,3.280762296476522,f,f,1,1,0,0,0,0,0,0,0,0,0,0,476.0
4,2.0,2.0,2.0,4,365,6,5.0,269,51.0,5.0,8.0,24,1.0,5.587534265824149,t,f,1,1,0,0,0,0,0,0,0,0,0,0,330.0
2,0.0,1.0,1.0,1,365,0,4.89,913,0.0,4.892857142857143,2.0,0,,3.990396015892921,f,t,0,1,0,0,0,0,0,0,0,0,0,0,78.0
2,1.0,1.0,1.0,2,365,8,4.5,3450,25.0,4.538571428571428,2.0,16,1.0,5.567543607415013,f,f,1,1,0,0,0,0,0,0,0,0,0,0,110.0
4,2.0,1.0,1.0,2,365,5,5.0,134,20.0,4.8,4.0,10,2.0,8.139163247224296,f,f,0,1,0,0,0,0,0,0,0,0,0,0,203.0
2,1.0,1.0,1.0,90,365,1,1.0,1707,54.0,1.0,2.0,90,1.0,0.9595171134104322,f,f,1,1,0,0,0,0,0,0,0,0,0,0,116.0
2,1.0,1.0,1.0,3,365,4,4.75,1548,33.0,4.857142857142857,2.0,12,1.0,0.8530729012903485,t,t,1,1,0,0,0,0,0,0,0,0,0,0,219.0
2,1.0,1.0,1.0,1,1125,5,4.8,354,22.0,4.771428571428571,2.0,5,2.0,7.681028971484584,t,f,1,1,0,0,0,0,0,0,0,0,0,0,71.0
2,1.0,1.0,1.0,1,365,6,4.67,135,6.0,4.785714285714286,2.0,6,2.0,5.439065073156581,f,f,1,1,0,0,0,0,0,0,0,0,0,0,112.0
2,1.0,1.0,1.0,1,365,15,4.87,200,8.0,4.904285714285714,2.0,15,2.0,7.7756884546139835,t,t,1,1,0,0,0,0,0,0,0,0,0,0,140.0
1,1.0,1.0,1.0,90,180,1,5.0,154,116.0,5.0,1.0,90,0.0,2.685068388963668,f,t,0,1,0,0,0,0,0,0,0,0,0,0,65.0
2,1.0,1.0,1.0,90,180,0,4.89,154,0.0,4.892857142857143,2.0,0,,2.7233002114840166,f,t,0,1,0,0,0,0,0,0,0,0,0,0,110.0
5,2.0,2.0,3.0,90,365,0,4.89,3550,0.0,4.892857142857143,10.0,0,,7.406369792735971,f,t,1,1,0,0,0,0,0,0,0,0,0,0,261.0
2,1.0,1.0,1.0,1,365,11,5.0,354,24.0,4.832857142857143,2.0,11,1.0,7.734403397569174,t,t,1,1,0,0,0,0,0,0,0,0,0,0,71.0
2,1.0,1.0,1.0,1,365,12,4.75,354,6.0,4.774285714285715,2.0,12,2.0,7.700297985671335,t,t,1,1,0,0,0,0,0,0,0,0,0,0,70.0
4,2.0,2.0,2.0,1,80,22,4.86,188,6.0,4.822857142857143,8.0,22,2.0,1.0539261015765244,f,t,1,1,0,0,0,0,0,0,0,0,0,0,242.0
4,1.0,1.0,2.0,90,180,0,4.89,554,0.0,4.892857142857143,4.0,0,,1.0519636621500987,t,f,1,1,0,0,0,0,0,0,0,0,0,0,318.0
2,1.0,1.0,1.0,2,365,3,4.33,2825,30.0,4.428571428571429,2.0,6,1.0,1.1733008357058223,f,f,1,1,0,0,0,0,0,0,0,0,0,0,143.0
2,1.0,1.0,1.0,90,545,0,4.89,3134,0.0,4.892857142857143,2.0,0,,0.5262146818762085,f,f,1,1,0,0,0,0,0,0,0,0,0,0,105.0
4,1.0,2.0,2.0,1,365,0,4.89,2467,0.0,4.892857142857143,8.0,0,,6.159122783429009,f,t,1,1,0,0,0,0,0,0,0,0,0,0,218.0
4,2.0,2.0,2.0,90,365,0,4.89,2387,0.0,4.892857142857143,8.0,0,,0.4429628670808866,f,t,1,1,0,0,0,0,0,0,0,0,0,0,299.0
2,1.0,1.0,1.0,90,365,1,4.0,1363,65.0,4.285714285714286,2.0,90,1.0,3.607175541377821,t,t,1,1,0,0,0,0,0,0,0,0,0,0,220.0
4,2.0,2.0,2.0,3,28,8,5.0,130,5.0,4.982857142857142,8.0,24,2.0,0.32907005509621934,f,f,1,1,0,0,0,0,0,0,0,0,0,0,314.0
6,2.0,2.0,3.0,1,31,19,4.79,3546,12.0,4.841428571428572,12.0,19,2.0,7.16306112885796,t,f,1,1,0,0,0,0,0,0,0,0,0,0,222.0
3,1.0,1.0,2.0,2,365,9,4.89,145,23.0,4.89,3.0,18,2.0,4.486508592949944,t,t,1,1,0,0,0,0,0,0,0,0,0,0,222.0
4,1.0,2.0,2.0,1,30,27,4.85,1133,9.0,4.855714285714286,8.0,27,2.0,5.8647503884745555,f,f,1,1,0,0,0,0,0,0,0,0,0,0,119.0
1,1.0,1.0,1.0,91,180,0,4.89,2591,0.0,4.892857142857143,1.0,0,,6.25486507925569,t,t,1,1,0,0,0,0,0,0,0,0,0,0,87.0
4,1.0,1.0,2.0,2,365,7,5.0,128,20.0,4.938571428571429,4.0,14,2.0,0.8004445233461747,f,f,1,1,0,0,0,0,0,0,0,0,0,0,325.0
2,1.0,0.0,1.0,1,365,2,3.0,913,120.0,3.0714285714285716,0.0,2,0.0,4.056274265425442,f,f,0,1,0,0,0,0,0,0,0,0,0,0,62.0
3,1.0,1.0,3.0,1,31,17,4.94,2881,13.0,4.871428571428572,3.0,17,2.0,6.684034500548408,f,f,1,1,0,0,0,0,0,0,0,0,0,0,349.0
2,1.0,1.0,1.0,90,365,0,4.89,4466,0.0,4.892857142857143,2.0,0,,3.434140864646881,f,t,1,1,0,0,0,0,0,0,0,0,0,0,100.0
2,2.0,1.0,1.0,1,365,5,4.4,3294,25.0,4.714285714285714,2.0,5,1.0,6.281993200702203,f,t,1,1,0,0,0,0,0,0,0,0,0,0,99.0
2,2.0,1.0,2.0,1,30,33,4.42,1069,19.0,4.545714285714285,2.0,33,2.0,2.2828761965792905,f,t,1,1,0,0,0,0,0,0,0,0,0,0,94.0
2,1.0,1.0,1.0,1,365,2,1.5,1788,107.0,2.642857142857143,2.0,2,1.0,3.913290549028755,f,f,1,1,0,0,0,0,0,0,0,0,0,0,72.0
4,1.0,2.0,3.0,90,365,0,4.89,4232,0.0,4.892857142857143,8.0,0,,4.680342746436958,f,f,1,1,0,0,0,0,0,0,0,0,0,0,160.0
6,1.0,2.0,3.0,1,14,5,4.4,2479,16.0,4.371428571428572,12.0,5,2.0,5.57351452713986,f,t,0,1,0,0,0,0,0,0,0,0,0,0,147.0
8,2.0,4.0,6.0,2,365,5,4.8,125,33.0,4.771428571428571,32.0,10,1.0,0.9703675296997988,f,t,0,1,0,0,0,0,0,0,0,0,0,0,400.0
6,2.0,4.0,4.0,1,365,14,4.64,1884,10.0,4.671428571428572,24.0,14,2.0,1.0519636621500987,,t,1,1,0,0,0,0,0,0,0,0,0,0,394.0
2,0.5,1.0,2.0,90,365,0,4.89,125,0.0,4.892857142857143,2.0,0,,6.379216668922909,f,f,1,0,0,0,0,0,0,0,0,0,0,0,97.0
4,1.0,2.0,2.0,3,1125,6,5.0,950,17.0,5.0,8.0,18,2.0,6.384212579543798,f,f,1,1,0,0,0,0,0,0,0,0,0,0,213.0
4,2.0,2.0,2.0,90,365,0,4.89,2387,0.0,4.892857142857143,8.0,0,,1.9038132836176895,f,t,1,1,0,0,0,0,0,0,0,0,0,0,449.0
6,2.0,3.0,3.0,2,90,17,4.65,134,9.0,4.782857142857144,18.0,34,2.0,8.059719260567258,f,f,1,0,0,0,0,0,0,0,0,0,0,0,300.0
6,1.0,2.0,3.0,90,365,32,4.81,301,12.0,4.811428571428571,12.0,2880,2.0,1.0945713292504686,t,f,1,0,0,0,0,0,0,0,0,0,0,0,356.0
6,1.0,1.0,2.0,2,365,13,4.77,128,18.0,4.781428571428571,6.0,26,2.0,1.0947228915089071,f,t,1,1,0,0,0,0,0,0,0,0,0,0,195.0
2,1.0,1.0,2.0,90,365,0,4.89,154,0.0,4.892857142857143,2.0,0,,2.7264953413007147,f,t,0,1,0,0,0,0,0,0,0,0,0,0,115.0
2,1.0,1.0,1.0,90,365,1,5.0,154,60.0,4.857142857142857,2.0,90,1.0,2.559030406710254,f,t,0,1,0,0,0,0,0,0,0,0,0,0,105.0
2,1.0,1.0,1.0,90,180,1,5.0,154,24.0,5.0,2.0,90,1.0,2.582182145629155,f,t,0,1,0,0,0,0,0,0,0,0,0,0,115.0
7,4.0,4.0,4.0,90,365,0,4.89,154,0.0,4.892857142857143,28.0,0,,2.778372157068946,f,t,0,1,0,0,0,0,0,0,0,0,0,0,467.0
2,1.0,1.0,1.0,30,365,1,5.0,3757,47.0,5.0,2.0,30,1.0,1.2224282239637,t,f,1,1,0,0,0,0,0,0,0,0,0,0,195.0
6,1.0,2.0,3.0,90,1125,12,4.75,2120,12.0,4.857142857142857,12.0,1080,2.0,0.45882128891826723,t,f,1,1,0,0,0,0,0,0,0,0,0,0,358.0
2,1.0,1.0,1.0,90,365,0,4.89,276,0.0,4.892857142857143,2.0,0,,7.307302919957835,f,t,1,1,0,0,0,0,0,0,0,0,0,0,42.0
6,2.0,3.0,3.0,2,365,0,4.89,122,0.0,4.892857142857143,18.0,0,,1.069711223927969,f,t,0,1,0,0,0,0,0,0,0,0,0,0,350.0
2,1.0,1.0,1.0,2,365,5,5.0,1548,23.0,4.971428571428571,2.0,10,2.0,0.7877443609743789,t,t,1,1,0,0,0,0,0,0,0,0,0,0,256.0
7,3.5,4.0,3.0,3,365,17,5.0,122,23.0,4.982857142857143,28.0,51,2.0,9.20254441336516,f,f,0,1,0,0,0,0,0,0,0,0,0,0,312.0
4,1.0,2.0,2.0,2,365,9,5.0,2902,5.0,4.952857142857143,8.0,18,2.0,5.3917287452619735,f,f,1,1,0,0,0,0,0,0,0,0,0,0,206.0
6,4.5,5.0,7.0,90,365,0,4.89,2846,0.0,4.892857142857143,30.0,0,,6.456244090409931,f,f,1,1,0,0,0,0,0,0,0,0,0,0,1000.0
1,1.0,1.0,1.0,90,365,0,4.89,3877,0.0,4.892857142857143,1.0,0,,1.244347843753756,f,t,1,1,0,0,0,0,0,0,0,0,0,0,179.0
4,1.0,2.0,2.0,3,365,8,4.88,3281,23.0,4.627142857142857,8.0,24,2.0,0.9300592861496598,f,f,1,1,0,0,0,0,0,0,0,0,0,0,334.0
4,1.0,1.0,2.0,2,21,11,5.0,131,8.0,4.884285714285714,4.0,22,2.0,0.39203520524042473,f,f,1,1,0,0,0,0,0,0,0,0,0,0,300.0
15,4.5,5.0,8.0,3,365,9,5.0,2307,26.0,5.0,75.0,27,1.0,5.999615553366001,,f,1,1,0,0,0,0,0,0,0,0,0,0,879.0
2,1.0,1.0,1.0,3,14,13,4.92,3071,16.0,4.911428571428571,2.0,39,2.0,3.946887154353849,f,f,1,1,0,0,0,0,0,0,0,0,0,0,93.0
5,1.0,2.0,3.0,2,180,22,4.45,1869,11.0,4.589999999999999,10.0,44,2.0,5.615246712978929,f,t,1,1,0,0,0,0,0,0,0,0,0,0,121.0
2,0.0,0.0,1.0,1,365,2,3.5,913,108.0,3.7857142857142856,0.0,2,1.0,4.136493046615134,f,t,0,1,0,0,0,0,0,0,0,0,0,0,75.0
1,1.0,0.0,1.0,1,365,0,4.89,913,0.0,4.892857142857143,0.0,0,,4.019106648687347,f,f,0,1,0,0,0,0,0,0,0,0,0,0,82.0
6,2.0,2.0,2.0,90,180,0,4.89,2815,0.0,4.892857142857143,12.0,0,,0.6541914922576478,f,f,1,1,0,0,0,0,0,0,0,0,0,0,602.0
4,2.0,2.0,2.0,3,365,12,5.0,118,15.0,5.0,8.0,36,2.0,2.499485614620324,f,f,1,0,0,0,0,0,0,0,0,0,0,0,431.0
2,1.0,1.0,1.0,90,365,1,5.0,637,50.0,5.0,2.0,90,1.0,5.550903603192744,f,f,1,1,0,0,0,0,0,0,0,0,0,0,124.0
2,1.0,1.0,1.0,1,14,15,5.0,3779,8.0,4.97,2.0,15,2.0,4.313240241847144,f,f,1,1,0,0,0,0,0,0,0,0,0,0,135.0
4,2.0,2.0,3.0,1,365,22,4.91,3274,4.0,4.881428571428572,8.0,22,2.0,0.9240052431816764,f,f,1,1,0,0,0,0,0,0,0,0,0,0,285.0
3,1.0,1.0,2.0,1,365,1,3.0,1788,49.0,3.0,3.0,1,1.0,3.997585080848128,f,f,1,1,0,0,0,0,0,0,0,0,0,0,87.0
11,2.5,5.0,6.0,1,30,18,4.17,512,4.0,4.348571428571428,55.0,18,2.0,5.25973691817149,f,f,1,1,0,0,0,0,0,0,0,0,0,0,553.0
6,1.0,1.0,3.0,3,365,6,5.0,117,5.0,5.0,6.0,18,2.0,0.26483869733820986,f,f,1,0,0,0,0,0,0,0,0,0,0,0,476.0
6,1.5,2.0,3.0,2,365,10,4.9,116,29.0,4.8,12.0,20,1.0,4.076546545741368,f,f,1,1,0,0,0,0,0,0,0,0,0,0,328.0
5,1.0,2.0,3.0,1,365,13,4.92,269,26.0,4.847142857142857,10.0,13,1.0,1.028749317032051,f,t,1,1,0,0,0,0,0,0,0,0,0,0,283.0
2,1.0,1.0,1.0,90,365,1,5.0,154,96.0,4.857142857142857,2.0,90,1.0,2.515551361914193,f,t,0,1,0,0,0,0,0,0,0,0,0,0,75.0
8,2.0,3.0,3.0,90,150,3,4.0,3467,23.0,4.238571428571428,24.0,270,2.0,0.9360087211503555,f,t,1,1,0,0,0,0,0,0,0,0,0,0,336.0
2,1.0,1.0,1.0,90,365,0,4.89,2530,0.0,4.892857142857143,2.0,0,,7.404186164772659,f,t,1,1,0,0,0,0,0,0,0,0,0,0,52.0
4,1.0,2.0,2.0,2,365,11,5.0,2320,5.0,4.987142857142857,8.0,22,2.0,3.7932158729384162,f,f,1,1,0,0,0,0,0,0,0,0,0,0,226.0
1,1.0,1.0,1.0,90,365,0,4.89,154,0.0,4.892857142857143,1.0,0,,2.72589942683279,f,t,0,1,0,0,0,0,0,0,0,0,0,0,73.0
1,1.0,1.0,1.0,90,365,1,5.0,154,108.0,5.0,1.0,90,1.0,2.525210163702913,f,t,0,1,0,0,0,0,0,0,0,0,0,0,60.0
8,2.0,3.0,3.0,1,150,2,3.0,272,20.0,3.5,24.0,2,2.0,0.9360087211503555,f,t,1,1,0,0,0,0,0,0,0,0,0,0,270.0
6,2.0,3.0,5.0,2,365,10,4.9,3227,21.0,4.828571428571429,18.0,20,2.0,1.0519636621500987,t,t,1,0,0,0,0,0,0,0,0,0,0,0,211.0
4,1.5,2.0,2.0,4,1125,13,4.77,2736,4.0,4.692857142857143,8.0,52,2.0,0.8263215939518737,t,t,1,1,0,0,0,0,0,0,0,0,0,0,228.0
4,1.0,1.0,2.0,1,100,5,5.0,114,36.0,4.971428571428571,4.0,5,1.0,5.783739533447168,f,t,1,1,0,0,0,0,0,0,0,0,0,0,120.0
3,1.0,1.0,2.0,90,180,0,4.89,1823,0.0,4.892857142857143,3.0,0,,0.44408823103365247,f,f,1,1,0,0,0,0,0,0,0,0,0,0,165.0
2,2.0,1.0,1.0,90,365,1,3.0,2281,27.0,2.857142857142857,2.0,90,1.0,7.6183817397471545,f,t,1,1,0,0,0,0,0,0,0,0,0,0,85.0
2,2.0,1.0,1.0,1,30,25,4.24,1069,4.0,4.445714285714286,2.0,25,2.0,2.2190578040604865,f,t,1,1,0,0,0,0,0,0,0,0,0,0,124.0
2,1.0,1.0,1.0,1,365,4,3.0,1788,40.0,3.6785714285714284,2.0,4,1.0,3.9570321839339657,f,f,1,1,0,0,0,0,0,0,0,0,0,0,76.0
4,2.0,2.0,2.0,90,365,0,4.89,3910,0.0,4.892857142857143,8.0,0,,0.7241341980326254,t,f,1,1,0,0,0,0,0,0,0,0,0,0,224.0
5,2.0,3.0,3.0,1,28,13,5.0,1994,4.0,4.934285714285715,15.0,13,2.0,6.698267916878404,t,t,1,1,0,0,0,0,0,0,0,0,0,0,170.0
3,0.0,1.0,2.0,1,365,0,4.89,1788,0.0,4.892857142857143,3.0,0,,3.7891330611185037,f,f,1,1,0,0,0,0,0,0,0,0,0,0,76.0
4,1.5,2.0,2.0,90,365,0,4.89,2387,0.0,4.892857142857143,8.0,0,,1.8524035420658291,f,t,1,1,0,0,0,0,0,0,0,0,0,0,132.0
2,1.0,1.0,1.0,1,365,4,3.75,1788,41.0,4.214285714285714,2.0,4,1.0,3.8828212559656388,f,f,1,1,0,0,0,0,0,0,0,0,0,0,75.0
2,1.0,1.0,1.0,1,365,0,4.89,913,0.0,4.892857142857143,2.0,0,,4.115733678102723,f,f,0,1,0,0,0,0,0,0,0,0,0,0,66.0
2,1.0,0.0,1.0,1,365,3,3.33,913,61.0,3.3799999999999994,0.0,3,1.0,3.9448721428910276,f,t,0,1,0,0,0,0,0,0,0,0,0,0,69.0
2,3.0,4.0,9.0,3,29,2,5.0,2592,22.0,5.0,8.0,6,2.0,7.615984754024643,f,f,1,1,0,0,0,0,0,0,0,0,0,0,104.0
10,4.0,5.0,5.0,2,120,8,4.88,1637,4.0,4.752857142857144,50.0,16,2.0,8.14884229805811,t,f,1,1,0,0,0,0,0,0,0,0,0,0,594.0
2,1.0,1.0,1.0,1,7,30,4.97,2466,4.0,4.967142857142856,2.0,30,2.0,6.014736981342653,t,f,1,0,0,0,0,0,0,0,0,0,0,0,93.0
4,2.0,2.0,2.0,90,365,7,4.57,1952,17.0,4.692857142857143,8.0,630,2.0,6.238116337420554,f,t,1,1,0,0,0,0,0,0,0,0,0,0,320.0
2,1.0,1.0,2.0,90,365,0,4.89,2530,0.0,4.892857142857143,2.0,0,,6.393982101467167,f,t,1,1,0,0,0,0,0,0,0,0,0,0,46.0
4,1.0,2.0,2.0,3,365,3,5.0,108,6.0,4.952857142857143,8.0,9,2.0,9.021715384323675,f,f,0,1,0,0,0,0,0,0,0,0,0,0,153.0
2,1.0,,1.0,90,365,1,1.0,2387,59.0,1.5714285714285714,,90,1.0,0.5953225865195546,f,t,1,1,0,0,0,0,0,0,0,0,0,0,119.0
2,1.0,0.0,1.0,1,365,6,4.5,913,37.0,4.642857142857143,0.0,6,1.0,3.980737084239682,f,f,0,1,0,0,0,0,0,0,0,0,0,0,80.0
2,1.0,0.0,1.0,1,14,19,5.0,124,4.0,4.938571428571429,0.0,19,2.0,7.93057798190656,f,f,1,1,0,0,0,0,0,0,0,0,0,0,151.0
2,1.0,1.0,2.0,1,365,10,4.6,1269,5.0,4.7,2.0,10,2.0,3.247187242093655,f,t,1,1,0,0,0,0,0,0,0,0,0,0,225.0
4,1.0,1.0,2.0,1,365,17,5.0,107,12.0,4.965714285714285,4.0,17,2.0,0.9491751222574231,f,f,1,1,0,0,0,0,0,0,0,0,0,0,242.0
4,1.0,1.0,2.0,1,30,13,4.85,106,9.0,4.857142857142857,4.0,13,2.0,0.8012413769923907,f,f,0,1,0,0,0,0,0,0,0,0,0,0,238.0
2,1.0,1.0,1.0,3,1125,11,5.0,2194,9.0,4.961428571428572,2.0,33,2.0,6.165465416404497,f,t,1,0,0,0,0,0,0,0,0,0,0,0,122.0
3,1.0,2.0,2.0,1,365,8,4.63,3189,9.0,4.859999999999999,6.0,8,2.0,4.132334014533326,f,t,1,1,0,0,0,0,0,0,0,0,0,0,216.0
4,1.0,1.0,2.0,2,90,3,5.0,106,3.0,5.0,4.0,6,2.0,0.9281681386924201,f,t,1,0,0,0,0,0,0,0,0,0,0,0,299.0
2,0.0,0.0,1.0,1,365,2,4.0,313,24.0,4.142857142857143,0.0,2,1.0,3.90546402975613,f,f,0,1,0,0,0,0,0,0,0,0,0,0,68.0
2,1.0,0.0,1.0,1,365,1,5.0,313,37.0,3.7142857142857144,0.0,1,1.0,3.9929003403211465,f,f,0,1,0,0,0,0,0,0,0,0,0,0,76.0
3,1.0,1.0,2.0,2,30,10,5.0,5691,7.0,4.971428571428571,3.0,20,2.0,3.48145248717177,f,t,1,1,0,0,0,0,0,0,0,0,0,0,132.0
8,3.0,4.0,4.0,1,60,9,4.89,3077,9.0,4.905714285714287,32.0,9,2.0,0.7943310714086338,f,t,1,1,0,0,0,0,0,0,0,0,0,0,993.0
4,2.0,2.0,2.0,2,365,14,4.86,105,18.0,4.868571428571428,8.0,28,2.0,4.867025310994037,f,t,0,1,0,0,0,0,0,0,0,0,0,0,214.0
4,1.0,1.0,2.0,90,180,0,4.89,154,0.0,4.892857142857143,4.0,0,,2.6381869749486904,f,t,0,1,0,0,0,0,0,0,0,0,0,0,120.0
1,1.0,3.0,1.0,90,365,0,4.89,154,0.0,4.892857142857143,3.0,0,,2.73383635989655,f,t,0,1,0,0,0,0,0,0,0,0,0,0,72.0
2,1.0,1.0,1.0,90,365,1,4.0,154,115.0,4.571428571428571,2.0,90,1.0,2.522906534530354,f,t,0,1,0,0,0,0,0,0,0,0,0,0,85.0
4,1.0,1.0,2.0,90,365,2,4.0,154,49.0,3.7857142857142856,4.0,180,1.0,2.532736105488259,f,t,0,1,0,0,0,0,0,0,0,0,0,0,110.0
1,1.0,1.0,1.0,90,180,0,4.89,154,0.0,4.892857142857143,1.0,0,,2.695645363926621,f,t,0,1,0,0,0,0,0,0,0,0,0,0,55.0
2,1.0,1.0,1.0,90,365,0,4.89,154,0.0,4.892857142857143,2.0,0,,2.7274943611895224,f,t,0,1,0,0,0,0,0,0,0,0,0,0,102.0
2,1.0,1.0,1.0,1,365,0,4.89,474,0.0,4.892857142857143,2.0,0,,1.0180768850372215,f,f,0,1,0,0,0,0,0,0,0,0,0,0,227.0
2,1.0,1.0,1.0,1,3,48,4.83,3309,4.0,4.8999999999999995,2.0,48,2.0,4.693618690804855,t,f,1,1,0,0,0,0,0,0,0,0,0,0,93.0
2,2.0,1.0,1.0,90,365,0,4.89,2933,0.0,4.892857142857143,2.0,0,,3.0810263322933102,f,f,1,1,0,0,0,0,0,0,0,0,0,0,78.0
3,1.0,2.0,2.0,90,365,1,2.0,1953,69.0,3.4285714285714284,6.0,90,1.0,7.526919268592413,f,t,1,1,0,0,0,0,0,0,0,0,0,0,286.0
2,1.0,1.0,1.0,90,365,0,4.89,3595,0.0,4.892857142857143,2.0,0,,7.181689838620617,f,f,1,1,0,0,0,0,0,0,0,0,0,0,30.0
2,1.0,1.0,1.0,1,1125,4,5.0,104,27.0,4.892857142857143,2.0,4,1.0,0.32578719190127425,f,t,1,1,0,0,0,0,0,0,0,0,0,0,141.0
2,3.0,1.0,1.0,1,365,2,5.0,3294,16.0,4.857142857142857,2.0,2,2.0,6.254190352457963,f,t,1,1,0,0,0,0,0,0,0,0,0,0,101.0
1,1.0,1.0,1.0,91,365,0,4.89,2591,0.0,4.892857142857143,1.0,0,,6.307962055600199,t,t,1,1,0,0,0,0,0,0,0,0,0,0,57.0
4,1.0,2.0,2.0,1,365,8,4.63,292,15.0,4.717142857142856,8.0,8,2.0,8.725514564207687,f,f,1,0,0,0,0,0,0,0,0,0,0,0,150.0
4,1.0,2.0,1.0,3,29,3,5.0,2592,14.0,5.0,8.0,9,2.0,7.427957425235606,f,f,1,1,0,0,0,0,0,0,0,0,0,0,165.0
5,2.0,2.0,2.0,2,365,8,4.75,100,23.0,4.877142857142857,10.0,16,2.0,0.9029884447310553,f,t,1,1,0,0,0,0,0,0,0,0,0,0,325.0
2,1.0,1.0,1.0,2,365,0,4.89,1081,0.0,4.892857142857143,2.0,0,,8.568231918357148,f,f,1,1,0,0,0,0,0,0,0,0,0,0,152.0
3,1.0,1.0,2.0,90,365,0,4.89,4458,0.0,4.892857142857143,3.0,0,,0.4503961792191707,t,f,1,1,0,0,0,0,0,0,0,0,0,0,230.0
2,1.0,0.0,1.0,90,365,0,4.89,276,0.0,4.892857142857143,0.0,0,,6.9619591643468866,f,t,1,1,0,0,0,0,0,0,0,0,0,0,52.0
2,1.0,1.0,1.0,1,29,11,4.73,108,9.0,4.832857142857143,2.0,11,2.0,5.922065738332614,t,t,1,1,0,0,0,0,0,0,0,0,0,0,141.0
2,1.0,1.0,2.0,1,60,11,4.82,3077,5.0,4.897142857142858,2.0,11,2.0,0.5797575954719436,f,t,1,1,0,0,0,0,0,0,0,0,0,0,249.0
2,1.0,1.0,1.0,90,180,0,4.89,3919,0.0,4.892857142857143,2.0,0,,0.8299011295039389,f,f,1,1,0,0,0,0,0,0,0,0,0,0,135.0
8,2.0,3.0,5.0,3,365,13,4.46,4430,5.0,4.594285714285715,24.0,39,2.0,1.0937218048941506,f,t,1,0,0,0,0,0,0,0,0,0,0,0,479.0
2,1.0,1.0,1.0,1,29,10,4.8,108,13.0,4.828571428571428,2.0,10,2.0,5.94786011379717,t,t,1,1,0,0,0,0,0,0,0,0,0,0,128.0
4,2.0,2.0,2.0,1,365,1,5.0,1953,76.0,4.714285714285714,8.0,1,1.0,8.073095971494247,f,t,1,1,0,0,0,0,0,0,0,0,0,0,286.0
3,1.0,1.0,2.0,1,45,1,4.0,3849,16.0,4.571428571428571,3.0,1,2.0,7.292027561554157,t,t,1,1,0,0,0,0,0,0,0,0,0,0,172.0
7,2.0,4.0,5.0,1,365,21,4.67,183,10.0,4.674285714285714,28.0,21,2.0,1.0232258274619959,f,t,1,1,0,0,0,0,0,0,0,0,0,0,241.0
6,1.0,1.0,3.0,1,29,7,4.71,268,22.0,4.57,6.0,7,2.0,3.9080130976476157,f,t,1,1,0,0,0,0,0,0,0,0,0,0,187.0
2,1.0,1.0,1.0,1,29,9,5.0,108,15.0,5.0,2.0,9,2.0,5.975857666851492,t,t,1,1,0,0,0,0,0,0,0,0,0,0,128.0
2,1.0,1.0,1.0,1,29,10,5.0,108,13.0,4.957142857142856,2.0,10,2.0,6.174303478668326,t,t,1,1,0,0,0,0,0,0,0,0,0,0,127.0
2,1.0,1.0,1.0,1,29,9,4.89,108,9.0,4.890000000000001,2.0,9,2.0,6.166705605226548,t,t,1,1,0,0,0,0,0,0,0,0,0,0,128.0
2,1.0,1.0,1.0,1,29,15,4.73,108,6.0,4.894285714285714,2.0,15,2.0,5.937358605364088,t,t,1,1,0,0,0,0,0,0,0,0,0,0,111.0
2,1.0,1.0,1.0,1,29,10,5.0,108,11.0,4.957142857142857,2.0,10,2.0,5.922291994802113,t,t,1,1,0,0,0,0,0,0,0,0,0,0,108.0
4,1.0,1.0,2.0,2,365,13,4.92,96,21.0,4.822857142857144,4.0,26,2.0,1.14520292556527,f,f,1,0,0,0,0,0,0,0,0,0,0,0,195.0
4,2.0,2.0,2.0,90,365,0,4.89,2387,0.0,4.892857142857143,8.0,0,,0.8473364130880545,f,t,1,1,0,0,0,0,0,0,0,0,0,0,174.0
10,2.5,3.0,6.0,1,365,12,4.83,97,10.0,4.881428571428572,30.0,12,2.0,1.2464634876642595,f,t,1,1,0,0,0,0,0,0,0,0,0,0,332.0
4,1.0,2.0,3.0,2,365,5,5.0,95,18.0,4.942857142857143,8.0,10,2.0,1.0315631332651523,f,t,0,1,0,0,0,0,0,0,0,0,0,0,234.0
4,1.0,1.0,1.0,90,365,0,4.89,870,0.0,4.892857142857143,4.0,0,,0.8978416523827205,f,t,1,1,0,0,0,0,0,0,0,0,0,0,456.0
4,1.0,1.0,2.0,2,30,11,4.91,3965,7.0,4.897142857142858,4.0,22,2.0,1.6164788510721408,f,t,1,1,0,0,0,0,0,0,0,0,0,0,245.0
6,2.0,3.0,4.0,1,365,13,4.54,183,13.0,4.615714285714286,18.0,13,2.0,1.043739813749763,f,t,1,1,0,0,0,0,0,0,0,0,0,0,238.0
2,1.0,1.0,1.0,90,365,0,4.89,730,0.0,4.892857142857143,2.0,0,,6.3059159153806945,f,t,1,1,0,0,0,0,0,0,0,0,0,0,52.0
3,4.0,3.0,3.0,90,365,0,4.89,3213,0.0,4.892857142857143,9.0,0,,6.040537389329434,f,f,1,1,0,0,0,0,0,0,0,0,0,0,172.0
6,2.0,3.0,3.0,2,365,10,5.0,2111,9.0,4.7,18.0,20,2.0,8.001261912608031,f,t,1,1,0,0,0,0,0,0,0,0,0,0,323.0
2,2.0,2.0,1.0,30,730,1,5.0,2281,36.0,5.0,4.0,30,1.0,0.7647860503754446,f,f,1,1,0,0,0,0,0,0,0,0,0,0,307.0
2,1.0,0.0,1.0,1,365,4,3.5,313,26.0,3.7142857142857144,0.0,4,1.0,4.0030627037075766,f,f,0,1,0,0,0,0,0,0,0,0,0,0,75.0
2,1.0,1.0,1.0,90,365,0,4.89,637,0.0,4.892857142857143,2.0,0,,5.468673970158905,f,f,1,1,0,0,0,0,0,0,0,0,0,0,58.0
8,4.5,4.0,4.0,2,365,6,4.33,1637,24.0,4.378571428571428,32.0,12,1.0,6.834818577552321,t,f,1,1,0,0,0,0,0,0,0,0,0,0,560.0
2,1.0,1.0,1.0,91,365,0,4.89,3959,0.0,4.892857142857143,2.0,0,,0.9950810504567367,f,f,1,1,0,0,0,0,0,0,0,0,0,0,92.0
2,1.0,1.0,1.0,90,365,0,4.89,2387,0.0,4.892857142857143,2.0,0,,2.3649592953977456,f,t,1,1,0,0,0,0,0,0,0,0,0,0,101.0
2,1.0,1.0,1.0,90,365,1,5.0,2387,47.0,5.0,2.0,90,1.0,2.4033917891498637,f,t,1,1,0,0,0,0,0,0,0,0,0,0,97.0
2,1.0,1.0,1.0,90,365,2,4.5,2387,32.0,4.714285714285714,2.0,180,1.0,2.359987832585853,f,t,1,1,0,0,0,0,0,0,0,0,0,0,138.0
2,1.0,1.0,1.0,1,31,10,4.6,3382,10.0,4.714285714285714,2.0,10,2.0,6.72838299435496,t,f,1,1,0,0,0,0,0,0,0,0,0,0,114.0
2,1.0,1.0,1.0,90,365,0,4.89,2387,0.0,4.892857142857143,2.0,0,,2.2415545065971667,f,t,1,1,0,0,0,0,0,0,0,0,0,0,110.0
2,1.0,1.0,1.0,90,365,0,4.89,2387,0.0,4.892857142857143,2.0,0,,2.4476288454303363,f,t,1,1,0,0,0,0,0,0,0,0,0,0,99.0
2,1.5,1.0,1.0,90,365,0,4.89,730,0.0,4.892857142857143,2.0,0,,8.157047517765534,f,t,1,1,0,0,0,0,0,0,0,0,0,0,48.0
2,1.0,1.0,1.0,2,365,11,5.0,300,19.0,4.974285714285714,2.0,22,2.0,0.40659004983656766,f,f,1,1,0,0,0,0,0,0,0,0,0,0,168.0
4,2.0,2.0,2.0,90,365,0,4.89,3269,0.0,4.892857142857143,8.0,0,,2.233148167977341,t,f,1,1,0,0,0,0,0,0,0,0,0,0,242.0
4,1.5,2.0,2.0,1,180,0,4.89,4001,0.0,4.892857142857143,8.0,0,,0.7013689058501262,f,t,1,1,0,0,0,0,0,0,0,0,0,0,253.0
6,1.0,2.0,4.0,1,89,33,4.82,2976,8.0,4.892857142857143,12.0,33,2.0,3.9831080247516857,f,t,1,1,0,0,0,0,0,0,0,0,0,0,299.0
4,2.0,2.0,2.0,2,30,0,4.89,1099,0.0,4.892857142857143,8.0,0,,0.3648455771173515,f,f,1,1,0,0,0,0,0,0,0,0,0,0,416.0
2,1.0,1.0,1.0,90,365,2,5.0,2387,19.0,5.0,2.0,180,2.0,2.376498748759126,f,t,1,1,0,0,0,0,0,0,0,0,0,0,146.0
2,1.0,2.0,2.0,91,365,0,4.89,3138,0.0,4.892857142857143,4.0,0,,7.182015510679287,,f,1,1,0,0,0,0,0,0,0,0,0,0,96.0
6,2.0,2.0,2.0,1,30,8,4.88,1823,23.0,4.824285714285714,12.0,8,2.0,1.0967094887660165,f,t,1,1,0,0,0,0,0,0,0,0,0,0,285.0
4,1.0,1.0,2.0,91,365,0,4.89,3138,0.0,4.892857142857143,4.0,0,,1.037858927282247,,f,1,1,0,0,0,0,0,0,0,0,0,0,109.0
7,2.0,3.0,3.0,2,365,9,4.44,3627,25.0,4.428571428571429,21.0,18,1.0,1.0094570004796597,t,t,1,1,0,0,0,0,0,0,0,0,0,0,317.0
16,6.0,6.0,10.0,1,365,2,5.0,1860,8.0,5.0,96.0,2,2.0,6.977190769071667,f,t,1,0,0,0,0,0,0,0,0,0,0,0,709.0
2,1.0,1.0,1.0,1,365,1,5.0,3195,33.0,4.857142857142857,2.0,1,1.0,6.487632885442194,f,f,1,1,0,0,0,0,0,0,0,0,0,0,118.0
1,1.0,1.0,1.0,90,365,0,4.89,3826,0.0,4.892857142857143,1.0,0,,0.7127099614463146,f,f,1,1,0,0,0,0,0,0,0,0,0,0,56.0
2,1.0,1.0,1.0,3,365,6,5.0,1548,16.0,4.975714285714285,2.0,18,2.0,0.884194939935426,t,t,1,1,0,0,0,0,0,0,0,0,0,0,248.0
4,2.0,2.0,2.0,1,365,2,4.5,992,40.0,4.5,8.0,2,1.0,1.226526984200293,f,t,1,1,0,0,0,0,0,0,0,0,0,0,420.0
4,2.0,1.0,1.0,90,365,0,4.89,2387,0.0,4.892857142857143,4.0,0,,0.6233820188234853,f,t,1,1,0,0,0,0,0,0,0,0,0,0,375.0
4,1.0,1.0,2.0,2,365,2,5.0,88,25.0,4.928571428571429,4.0,4,1.0,0.7953221734386506,f,t,1,1,0,0,0,0,0,0,0,0,0,0,308.0
2,0.0,0.0,1.0,1,365,5,4.0,313,24.0,4.285714285714286,0.0,5,1.0,4.025496857428012,f,f,0,1,0,0,0,0,0,0,0,0,0,0,75.0
4,1.0,1.0,2.0,1,65,6,4.83,3445,19.0,4.735714285714286,4.0,6,2.0,7.196085773805456,,f,1,1,0,0,0,0,0,0,0,0,0,0,152.0
2,1.0,1.0,1.0,90,365,0,4.89,3782,0.0,4.892857142857143,2.0,0,,0.42048522801420124,t,f,1,1,0,0,0,0,0,0,0,0,0,0,193.0
2,1.0,1.0,1.0,2,60,11,5.0,86,9.0,4.948571428571428,2.0,22,2.0,3.841031185698463,f,f,0,1,0,0,0,0,0,0,0,0,0,0,221.0
2,1.0,1.0,1.0,90,365,0,4.89,3198,0.0,4.892857142857143,2.0,0,,5.838904789330202,f,t,1,1,0,0,0,0,0,0,0,0,0,0,70.0
2,1.0,1.0,1.0,90,365,0,4.89,276,0.0,4.892857142857143,2.0,0,,7.323334103916223,f,t,1,1,0,0,0,0,0,0,0,0,0,0,50.0
4,1.0,1.0,2.0,1,365,6,5.0,2760,4.0,4.951428571428571,4.0,6,2.0,0.9591647359496572,f,f,1,1,0,0,0,0,0,0,0,0,0,0,264.0
2,1.0,1.0,1.0,90,365,0,4.89,2387,0.0,4.892857142857143,2.0,0,,3.170141529727668,f,t,1,1,0,0,0,0,0,0,0,0,0,0,130.0
2,1.0,1.0,1.0,90,365,0,4.89,2387,0.0,4.892857142857143,2.0,0,,2.7405450262049174,f,t,1,1,0,0,0,0,0,0,0,0,0,0,145.0
2,1.0,1.0,1.0,90,365,0,4.89,2387,0.0,4.892857142857143,2.0,0,,2.7262069607708517,f,t,1,1,0,0,0,0,0,0,0,0,0,0,99.0
2,1.0,1.0,1.0,90,365,0,4.89,2387,0.0,4.892857142857143,2.0,0,,2.241774325615082,f,t,1,1,0,0,0,0,0,0,0,0,0,0,33.0
2,1.0,1.0,1.0,90,365,0,4.89,2387,0.0,4.892857142857143,2.0,0,,2.698945935899639,f,t,1,1,0,0,0,0,0,0,0,0,0,0,36.0
8,2.5,3.0,5.0,2,365,7,5.0,3931,33.0,5.0,24.0,14,1.0,0.8371858984422649,t,t,1,1,0,0,0,0,0,0,0,0,0,0,669.0
2,1.0,1.0,1.0,2,30,5,4.8,83,19.0,4.885714285714286,2.0,10,2.0,1.0519636621500987,f,f,0,1,0,0,0,0,0,0,0,0,0,0,238.0
12,4.0,6.0,9.0,2,60,3,4.67,2921,9.0,4.8100000000000005,72.0,6,2.0,8.863704138290302,,f,1,1,0,0,0,0,0,0,0,0,0,0,711.0
1,2.0,1.0,1.0,90,365,0,4.89,3201,0.0,4.892857142857143,1.0,0,,7.2488934977017365,f,f,1,1,0,0,0,0,0,0,0,0,0,0,35.0
2,1.0,1.0,1.0,1,365,0,4.89,913,0.0,4.892857142857143,2.0,0,,3.898608043461595,f,f,0,1,0,0,0,0,0,0,0,0,0,0,70.0
15,6.0,6.0,10.0,1,365,1,5.0,1860,44.0,5.0,90.0,1,1.0,6.968409856851477,f,t,1,0,0,0,0,0,0,0,0,0,0,0,701.0
6,2.5,3.0,2.0,15,30,0,4.89,3189,0.0,4.892857142857143,18.0,0,,4.043995650750067,f,t,1,1,0,0,0,0,0,0,0,0,0,0,887.0
2,1.0,1.0,1.0,2,365,8,5.0,82,15.0,4.7700000000000005,2.0,16,2.0,0.881283233889593,f,f,1,1,0,0,0,0,0,0,0,0,0,0,195.0
7,2.0,2.0,3.0,3,28,3,5.0,81,40.0,5.0,14.0,9,1.0,0.9653081719106256,f,f,0,1,0,0,0,0,0,0,0,0,0,0,460.0
6,3.0,3.0,4.0,90,365,1,5.0,1953,43.0,5.0,18.0,90,1.0,7.1470153606875035,f,t,1,1,0,0,0,0,0,0,0,0,0,0,332.0
4,1.0,1.0,2.0,2,60,4,5.0,3150,11.0,5.0,4.0,8,2.0,5.028819076588116,f,t,1,1,0,0,0,0,0,0,0,0,0,0,147.0
6,2.0,3.0,4.0,1,365,19,4.95,83,11.0,4.88,18.0,19,2.0,0.9398993937242974,f,t,1,1,0,0,0,0,0,0,0,0,0,0,188.0
2,1.0,1.0,1.0,90,365,0,4.89,4574,0.0,4.892857142857143,2.0,0,,1.7712905992743677,,t,1,1,0,0,0,0,0,0,0,0,0,0,150.0
4,1.0,2.0,2.0,1,30,2,5.0,79,37.0,5.0,8.0,2,1.0,6.700029178313127,f,f,1,1,0,0,0,0,0,0,0,0,0,0,317.0
4,1.0,2.0,3.0,2,365,12,4.83,78,8.0,4.784285714285714,8.0,24,2.0,4.898244211614723,f,f,1,1,0,0,0,0,0,0,0,0,0,0,174.0
8,2.0,3.0,4.0,1,365,6,4.67,1860,20.0,4.691428571428572,24.0,6,2.0,0.49493623696598205,f,t,1,0,0,0,0,0,0,0,0,0,0,0,483.0
6,2.0,2.0,4.0,90,365,4,4.25,239,22.0,4.321428571428571,12.0,360,2.0,0.30695349577514974,f,t,1,1,0,0,0,0,0,0,0,0,0,0,410.0
4,1.5,2.0,2.0,1,30,8,5.0,78,7.0,4.982857142857142,8.0,8,2.0,7.9521906073785935,f,f,1,0,0,0,0,0,0,0,0,0,0,0,121.0
4,1.5,2.0,3.0,1,365,4,5.0,77,12.0,5.0,8.0,4,2.0,7.396735359702008,f,f,1,0,0,0,0,0,0,0,0,0,0,0,130.0
4,2.0,2.0,2.0,4,1125,2,5.0,2207,32.0,5.0,8.0,8,1.0,0.5794229667207649,t,t,1,1,0,0,0,0,0,0,0,0,0,0,238.0
2,1.0,1.0,1.0,1,365,2,5.0,313,15.0,5.0,2.0,2,2.0,4.131089167032725,f,f,0,1,0,0,0,0,0,0,0,0,0,0,86.0
2,1.0,0.0,1.0,3,30,1,5.0,76,8.0,4.857142857142857,0.0,3,2.0,4.510031997213178,f,f,1,1,0,0,0,0,0,0,0,0,0,0,95.0
1,1.0,1.0,1.0,90,365,0,4.89,637,0.0,4.892857142857143,1.0,0,,5.43646119746897,f,f,1,1,0,0,0,0,0,0,0,0,0,0,42.0
2,1.0,1.0,1.0,2,365,3,2.67,3409,42.0,2.9528571428571433,2.0,6,1.0,4.470153982070802,f,t,1,1,0,0,0,0,0,0,0,0,0,0,107.0
2,1.0,1.0,1.0,1,365,8,3.38,3409,15.0,3.5028571428571422,2.0,8,2.0,4.442906013490976,f,t,1,1,0,0,0,0,0,0,0,0,0,0,78.0
5,1.0,2.0,2.0,1,365,13,5.0,97,18.0,4.878571428571428,10.0,13,2.0,1.0163839474853236,f,t,1,1,0,0,0,0,0,0,0,0,0,0,196.0
12,4.5,5.0,8.0,3,365,3,5.0,2307,28.0,4.952857142857143,60.0,9,1.0,5.094379006938219,,f,1,1,0,0,0,0,0,0,0,0,0,0,556.0
6,2.0,3.0,4.0,1,730,10,4.9,77,20.0,4.8428571428571425,18.0,10,2.0,0.9339103867462172,f,t,1,1,0,0,0,0,0,0,0,0,0,0,174.0
7,2.0,3.0,4.0,1,365,12,4.58,79,13.0,4.6899999999999995,21.0,12,2.0,0.8953447283921162,f,t,1,0,0,0,0,0,0,0,0,0,0,0,190.0
4,2.0,2.0,2.0,90,1125,0,4.89,72,0.0,4.892857142857143,8.0,0,,6.673752591876183,f,t,1,1,0,0,0,0,0,0,0,0,0,0,731.0
1,1.0,1.0,1.0,90,365,0,4.89,637,0.0,4.892857142857143,1.0,0,,6.021275600675339,f,f,1,1,0,0,0,0,0,0,0,0,0,0,42.0
4,1.0,1.0,2.0,1,365,1,4.0,1553,9.0,3.857142857142857,4.0,1,2.0,8.91863549492397,f,t,1,1,0,0,0,0,0,0,0,0,0,0,250.0
2,1.0,0.0,1.0,1,14,13,5.0,3653,16.0,5.0,0.0,13,2.0,7.494129250244445,t,f,1,1,0,0,0,0,0,0,0,0,0,0,173.0
2,1.0,1.0,1.0,90,365,4,5.0,2174,35.0,4.821428571428571,2.0,360,1.0,0.47253719869270877,f,f,1,0,0,0,0,0,0,0,0,0,0,0,309.0
5,2.0,2.0,2.0,90,365,0,4.89,5782,0.0,4.892857142857143,10.0,0,,0.45165112816028147,f,f,1,1,0,0,0,0,0,0,0,0,0,0,284.0
4,2.0,2.0,2.0,1,365,2,5.0,81,4.0,5.0,8.0,2,2.0,0.8677262139004589,f,f,1,1,0,0,0,0,0,0,0,0,0,0,377.0
4,1.5,2.0,1.0,1,30,0,4.89,3300,0.0,4.892857142857143,8.0,0,,6.197995209436859,f,f,1,1,0,0,0,0,0,0,0,0,0,0,171.0
5,1.0,2.0,4.0,2,365,5,5.0,4838,11.0,4.942857142857143,10.0,10,2.0,4.667633727203079,f,f,1,1,0,0,0,0,0,0,0,0,0,0,177.0
4,2.0,2.0,3.0,1,365,2,5.0,77,37.0,4.928571428571429,8.0,2,1.0,0.36193754908848264,f,f,1,1,0,0,0,0,0,0,0,0,0,0,476.0
5,1.0,2.0,3.0,1,365,0,4.89,756,0.0,4.892857142857143,10.0,0,,6.680325629928882,f,f,1,1,0,0,0,0,0,0,0,0,0,0,281.0
6,1.0,2.0,4.0,2,365,14,5.0,1158,14.0,4.908571428571428,12.0,28,2.0,2.655407326641341,t,f,1,1,0,0,0,0,0,0,0,0,0,0,150.0
5,2.5,3.0,3.0,1,365,10,4.5,2710,5.0,4.785714285714286,15.0,10,2.0,0.4802117725801621,t,t,1,1,0,0,0,0,0,0,0,0,0,0,240.0
5,1.0,1.0,2.0,2,365,5,4.8,3931,18.0,4.857142857142857,5.0,10,2.0,0.3919782787313048,t,t,1,1,0,0,0,0,0,0,0,0,0,0,261.0
10,2.0,4.0,5.0,2,30,0,4.89,681,0.0,4.892857142857143,40.0,0,,6.981825932075599,,t,0,1,0,0,0,0,0,0,0,0,0,0,685.0
6,1.0,2.0,2.0,90,90,0,4.89,2701,0.0,4.892857142857143,12.0,0,,0.9610115728097004,f,t,1,1,0,0,0,0,0,0,0,0,0,0,190.0
4,2.0,2.0,2.0,90,365,0,4.89,2051,0.0,4.892857142857143,8.0,0,,0.9830078835236321,f,f,0,1,0,0,0,0,0,0,0,0,0,0,230.0
6,2.0,3.0,4.0,90,365,5,4.4,79,39.0,4.542857142857143,18.0,450,1.0,1.015548350352381,f,t,1,0,0,0,0,0,0,0,0,0,0,0,171.0
7,2.0,3.0,4.0,2,28,4,5.0,1965,28.0,4.964285714285714,21.0,8,1.0,8.02657538335366,f,f,1,1,0,0,0,0,0,0,0,0,0,0,352.0
6,2.0,3.0,4.0,1,1125,16,4.81,77,24.0,4.697142857142857,18.0,16,1.0,1.0856322535472893,f,t,1,1,0,0,0,0,0,0,0,0,0,0,209.0
2,1.0,1.0,1.0,1,730,8,4.88,354,10.0,4.897142857142858,2.0,8,2.0,7.542845411708493,t,t,1,1,0,0,0,0,0,0,0,0,0,0,114.0
6,3.0,4.0,4.0,3,29,0,4.89,3286,0.0,4.892857142857143,24.0,0,,5.626347235864743,f,f,1,1,0,0,0,0,0,0,0,0,0,0,477.0
2,1.0,1.0,2.0,90,365,0,4.89,637,0.0,4.892857142857143,2.0,0,,5.998734926131458,f,f,1,1,0,0,0,0,0,0,0,0,0,0,46.0
2,1.0,1.0,1.0,2,30,1,5.0,1136,51.0,5.0,2.0,2,1.0,7.348866172203054,f,f,1,1,0,0,0,0,0,0,0,0,0,0,123.0
5,2.0,3.0,3.0,2,365,10,4.9,2712,27.0,4.871428571428572,15.0,20,1.0,1.0523520090202452,f,t,1,1,0,0,0,0,0,0,0,0,0,0,417.0
5,1.0,2.0,3.0,2,60,8,5.0,3931,17.0,4.965714285714285,10.0,16,2.0,1.0519636621500987,t,t,1,1,0,0,0,0,0,0,0,0,0,0,257.0
6,2.0,2.0,2.0,30,365,0,4.89,4758,0.0,4.892857142857143,12.0,0,,0.4102809241125519,t,f,1,1,0,0,0,0,0,0,0,0,0,0,250.0
2,1.0,0.0,1.0,30,365,0,4.89,4758,0.0,4.892857142857143,0.0,0,,0.5390222948216756,t,f,1,1,0,0,0,0,0,0,0,0,0,0,229.0
2,1.0,1.0,1.0,3,365,4,4.0,148,8.0,4.607142857142857,2.0,12,2.0,3.3069398897075803,f,f,1,1,0,0,0,0,0,0,0,0,0,0,160.0
3,1.0,1.0,2.0,3,365,0,4.89,148,0.0,4.892857142857143,3.0,0,,3.1952706400885287,f,f,1,1,0,0,0,0,0,0,0,0,0,0,195.0
2,1.0,1.0,1.0,3,29,0,4.89,3868,0.0,4.892857142857143,2.0,0,,0.8576441638240787,f,f,1,1,0,0,0,0,0,0,0,0,0,0,234.0
4,1.0,2.0,2.0,1,365,0,4.89,66,0.0,4.892857142857143,8.0,0,,8.552023141578763,f,t,1,1,0,0,0,0,0,0,0,0,0,0,257.0
1,1.0,1.0,1.0,90,365,0,4.89,637,0.0,4.892857142857143,1.0,0,,6.0736074844073045,f,f,1,1,0,0,0,0,0,0,0,0,0,0,30.0
6,1.0,2.0,3.0,1,365,3,4.0,1953,31.0,4.3342857142857145,12.0,3,1.0,8.19575362580993,f,t,1,1,0,0,0,0,0,0,0,0,0,0,286.0
2,1.0,0.0,1.0,1,365,1,2.0,313,54.0,2.2857142857142856,0.0,1,1.0,4.126581981056602,f,f,0,1,0,0,0,0,0,0,0,0,0,0,67.0
8,2.0,3.0,3.0,1,365,0,4.89,1354,0.0,4.892857142857143,24.0,0,,5.975206374549916,,t,1,1,0,0,0,0,0,0,0,0,0,0,519.0
5,2.0,2.0,3.0,2,1125,11,5.0,63,7.0,4.948571428571428,10.0,22,2.0,3.422751717402845,f,f,1,1,0,0,0,0,0,0,0,0,0,0,173.0
4,1.0,1.0,3.0,1,365,2,4.5,4085,18.0,4.5,4.0,2,2.0,4.919119529478201,f,t,1,1,0,0,0,0,0,0,0,0,0,0,147.0
5,1.0,2.0,3.0,2,90,7,4.86,378,10.0,4.857142857142857,10.0,14,2.0,6.1472549347275995,f,t,1,1,0,0,0,0,0,0,0,0,0,0,122.0
4,1.0,1.0,2.0,90,365,10,5.0,403,25.0,5.0,4.0,900,1.0,0.9281681386924201,f,t,1,1,0,0,0,0,0,0,0,0,0,0,228.0
3,1.0,1.0,2.0,31,365,0,4.89,3455,0.0,4.892857142857143,3.0,0,,8.659505994971077,t,f,1,1,0,0,0,0,0,0,0,0,0,0,95.0
4,1.0,2.0,2.0,1,365,9,4.78,526,19.0,4.7942857142857145,8.0,9,2.0,0.5292698548779882,t,t,1,1,0,0,0,0,0,0,0,0,0,0,364.0
5,2.0,3.0,3.0,2,365,3,4.67,146,15.0,4.858571428571429,15.0,6,2.0,1.0155155376359553,t,f,0,1,0,0,0,0,0,0,0,0,0,0,332.0
7,2.0,3.0,4.0,1,365,8,4.88,66,14.0,4.771428571428571,21.0,8,2.0,0.8789243353443937,f,t,1,1,0,0,0,0,0,0,0,0,0,0,226.0
2,1.0,1.0,1.0,90,365,0,4.89,937,0.0,4.892857142857143,2.0,0,,0.7296589056318699,f,t,1,1,0,0,0,0,0,0,0,0,0,0,163.0
3,1.0,2.0,2.0,1,90,6,4.83,1057,23.0,4.64,6.0,6,2.0,8.279393499044016,f,f,1,1,0,0,0,0,0,0,0,0,0,0,139.0
4,1.0,2.0,2.0,1,7,4,4.5,3037,7.0,4.642857142857143,8.0,4,2.0,5.941380939102633,f,f,1,1,0,0,0,0,0,0,0,0,0,0,145.0
4,1.0,1.0,1.0,90,90,0,4.89,2701,0.0,4.892857142857143,4.0,0,,0.9887556539648039,f,f,1,1,0,0,0,0,0,0,0,0,0,0,150.0
4,1.0,1.0,1.0,90,90,0,4.89,2701,0.0,4.892857142857143,4.0,0,,1.0786098867721365,f,t,1,1,0,0,0,0,0,0,0,0,0,0,194.0
4,1.0,2.0,2.0,1,30,6,4.67,59,8.0,4.738571428571428,8.0,6,2.0,1.16257047185551,f,f,1,1,0,0,0,0,0,0,0,0,0,0,289.0
4,1.0,2.0,2.0,1,365,5,5.0,59,9.0,4.971428571428571,8.0,5,2.0,1.1826305646416588,f,f,1,1,0,0,0,0,0,0,0,0,0,0,264.0
2,1.0,1.0,1.0,1,30,4,4.75,59,9.0,4.785714285714286,2.0,4,2.0,1.0631659458677813,f,f,1,1,0,0,0,0,0,0,0,0,0,0,194.0
3,1.5,2.0,2.0,3,30,2,5.0,4479,22.0,4.928571428571429,6.0,6,2.0,5.682398971170439,f,f,1,1,0,0,0,0,0,0,0,0,0,0,281.0
2,1.0,1.0,1.0,1,365,1,4.0,750,57.0,4.285714285714286,2.0,1,1.0,3.9184951867349156,f,f,0,1,0,0,0,0,0,0,0,0,0,0,75.0
10,2.5,4.0,5.0,1,365,1,1.0,642,29.0,2.5714285714285716,40.0,1,1.0,6.306008660811041,f,f,1,1,0,0,0,0,0,0,0,0,0,0,498.0
12,3.0,5.0,5.0,2,365,2,4.5,488,4.0,4.571428571428571,60.0,4,2.0,3.472437376392286,f,t,1,1,0,0,0,0,0,0,0,0,0,0,449.0
5,1.0,2.0,3.0,2,28,7,5.0,1994,14.0,4.96,10.0,14,2.0,8.061220185154015,t,t,1,1,0,0,0,0,0,0,0,0,0,0,139.0
1,0.0,1.0,1.0,1,14,0,4.89,3784,0.0,4.892857142857143,1.0,0,,0.4573021290878992,f,t,1,1,0,0,0,0,0,0,0,0,0,0,85.0
1,0.0,1.0,1.0,1,365,0,4.89,3784,0.0,4.892857142857143,1.0,0,,0.4573021290878992,f,t,1,1,0,0,0,0,0,0,0,0,0,0,83.0
1,0.0,1.0,1.0,1,365,0,4.89,3784,0.0,4.892857142857143,1.0,0,,0.4573021290878992,f,t,1,1,0,0,0,0,0,0,0,0,0,0,88.0
1,0.0,1.0,1.0,1,365,0,4.89,3784,0.0,4.892857142857143,1.0,0,,0.4573021290878992,f,t,1,1,0,0,0,0,0,0,0,0,0,0,88.0
6,1.0,2.0,3.0,90,365,1,4.0,57,23.0,4.571428571428571,12.0,90,2.0,5.774002860230176,f,t,0,0,0,0,0,0,0,0,0,0,0,0,111.0
4,1.0,1.0,2.0,2,1125,5,5.0,3205,10.0,4.914285714285714,4.0,10,2.0,4.399592021614775,f,t,1,0,0,0,0,0,0,0,0,0,0,0,135.0
6,2.0,3.0,4.0,90,365,6,4.5,66,6.0,4.454285714285715,18.0,540,2.0,1.5787993537738716,f,t,1,1,0,0,0,0,0,0,0,0,0,0,171.0
2,1.0,1.0,1.0,2,365,6,4.83,56,5.0,4.975714285714285,2.0,12,2.0,6.522377180627142,f,t,1,1,0,0,0,0,0,0,0,0,0,0,92.0
3,1.0,1.0,1.0,90,100,3,5.0,707,23.0,4.905714285714287,3.0,270,2.0,7.187219387352955,f,f,1,1,0,0,0,0,0,0,0,0,0,0,133.0
6,0.0,1.0,6.0,1,365,0,4.89,3784,0.0,4.892857142857143,6.0,0,,0.4573021290878992,f,t,1,1,0,0,0,0,0,0,0,0,0,0,519.0
2,1.0,1.0,1.0,90,365,2,5.0,68,51.0,4.928571428571429,2.0,180,1.0,0.43902044558181363,f,f,0,1,0,0,0,0,0,0,0,0,0,0,314.0
8,0.0,1.0,1.0,1,365,0,4.89,3784,0.0,4.892857142857143,8.0,0,,0.4573021290878992,f,t,1,1,0,0,0,0,0,0,0,0,0,0,656.0
2,1.0,1.0,1.0,1,30,4,3.75,2372,27.0,4.107142857142857,2.0,4,1.0,7.18635195078167,f,f,1,1,0,0,0,0,0,0,0,0,0,0,139.0
6,3.0,3.0,4.0,2,365,7,5.0,2376,9.0,4.9799999999999995,18.0,14,2.0,9.20875672656718,f,f,1,1,0,0,0,0,0,0,0,0,0,0,361.0
3,1.0,1.0,1.0,90,365,0,4.89,5782,0.0,4.892857142857143,3.0,0,,0.45165112816028147,f,f,1,1,0,0,0,0,0,0,0,0,0,0,287.0
8,4.0,4.0,4.0,2,365,1,4.0,2387,50.0,4.142857142857143,32.0,2,1.0,4.183136263402244,f,t,1,1,0,0,0,0,0,0,0,0,0,0,886.0
4,2.0,2.0,2.0,2,365,5,5.0,4388,5.0,4.9142857142857155,8.0,10,2.0,5.660703319450134,f,f,1,1,0,0,0,0,0,0,0,0,0,0,203.0
2,1.0,1.0,1.0,90,180,0,4.89,1284,0.0,4.892857142857143,2.0,0,,2.2085157425746114,t,f,1,1,0,0,0,0,0,0,0,0,0,0,140.0
2,1.0,1.0,1.0,1,365,0,4.89,54,0.0,4.892857142857143,2.0,0,,0.3913157376521701,f,f,0,1,0,0,0,0,0,0,0,0,0,0,367.0
4,1.0,2.0,2.0,2,365,2,5.0,1637,37.0,4.857142857142857,8.0,4,1.0,5.023936817315379,t,t,1,1,0,0,0,0,0,0,0,0,0,0,315.0
10,2.0,4.0,5.0,2,365,6,4.5,2111,19.0,4.76,40.0,12,2.0,8.626147796238456,f,t,1,1,0,0,0,0,0,0,0,0,0,0,295.0
4,2.0,2.0,3.0,1,365,1,5.0,54,9.0,4.714285714285714,8.0,1,2.0,6.188237978316035,f,f,1,1,0,0,0,0,0,0,0,0,0,0,227.0
6,1.0,2.0,3.0,1,65,8,4.88,3445,6.0,4.895714285714286,12.0,8,2.0,7.0951402021803816,,f,1,1,0,0,0,0,0,0,0,0,0,0,176.0
2,1.0,1.0,1.0,3,365,4,4.75,916,15.0,4.821428571428571,2.0,12,2.0,0.726261187850762,f,t,1,1,0,0,0,0,0,0,0,0,0,0,235.0
6,2.0,3.0,5.0,2,365,3,5.0,53,23.0,5.0,18.0,6,2.0,1.0519636621500987,f,t,1,1,0,0,0,0,0,0,0,0,0,0,293.0
2,1.0,1.0,1.0,1,365,4,4.5,2372,5.0,4.642857142857143,2.0,4,2.0,7.18635195078167,f,f,1,1,0,0,0,0,0,0,0,0,0,0,144.0
2,1.0,1.0,0.0,1,365,0,4.89,2372,0.0,4.892857142857143,2.0,0,,7.186400618368959,f,f,1,1,0,0,0,0,0,0,0,0,0,0,144.0
4,1.0,1.0,0.0,1,365,3,5.0,2372,15.0,5.0,4.0,3,2.0,7.186400618368959,f,f,1,1,0,0,0,0,0,0,0,0,0,0,192.0
4,2.0,2.0,2.0,30,365,0,4.89,53,0.0,4.892857142857143,8.0,0,,2.034194917963223,f,f,1,1,0,0,0,0,0,0,0,0,0,0,260.0
2,1.0,1.0,1.0,90,120,0,4.89,3623,0.0,4.892857142857143,2.0,0,,3.02163642792174,f,t,1,1,0,0,0,0,0,0,0,0,0,0,188.0
1,1.0,1.0,1.0,90,365,18,4.83,637,10.0,4.8,1.0,1620,2.0,5.511639927927808,f,f,1,1,0,0,0,0,0,0,0,0,0,0,70.0
4,1.0,1.0,2.0,2,90,9,5.0,297,7.0,4.937142857142858,4.0,18,2.0,2.6676565887203063,t,t,1,1,0,0,0,0,0,0,0,0,0,0,197.0
4,1.0,1.0,1.0,2,365,5,5.0,300,7.0,4.942857142857143,4.0,10,2.0,0.3919782787313048,t,t,1,1,0,0,0,0,0,0,0,0,0,0,226.0
4,1.0,1.0,2.0,2,40,15,5.0,2767,9.0,4.942857142857143,4.0,30,2.0,0.8800435830054172,f,t,1,1,0,0,0,0,0,0,0,0,0,0,341.0
1,1.0,1.0,1.0,90,365,11,5.0,637,13.0,5.0,1.0,990,2.0,5.498234435696887,f,f,1,1,0,0,0,0,0,0,0,0,0,0,40.0
4,1.0,1.0,2.0,2,90,3,5.0,3890,4.0,5.0,4.0,6,2.0,0.9281681386924201,f,f,1,1,0,0,0,0,0,0,0,0,0,0,270.0
4,1.0,2.0,4.0,1,365,1,5.0,771,16.0,5.0,8.0,1,2.0,1.0721268775905388,f,t,1,1,0,0,0,0,0,0,0,0,0,0,242.0
12,3.5,5.0,7.0,3,365,2,5.0,2307,37.0,5.0,60.0,6,1.0,6.423907894784712,,f,1,1,0,0,0,0,0,0,0,0,0,0,695.0
2,1.0,1.0,1.0,1,60,10,4.9,47,4.0,4.8999999999999995,2.0,10,2.0,0.6623983895948617,f,f,1,1,0,0,0,0,0,0,0,0,0,0,241.0
5,1.0,2.0,2.0,1,365,2,5.0,909,22.0,5.0,10.0,2,2.0,1.716051715691589,t,t,1,1,0,0,0,0,0,0,0,0,0,0,386.0
6,2.0,3.0,4.0,2,365,6,4.67,1637,14.0,4.832857142857143,18.0,12,2.0,0.9425159490147369,t,f,1,1,0,0,0,0,0,0,0,0,0,0,422.0
2,1.0,0.0,1.0,30,365,0,4.89,4758,0.0,4.892857142857143,0.0,0,,0.5136501420520154,t,f,1,1,0,0,0,0,0,0,0,0,0,0,183.0
2,1.0,1.0,1.0,90,365,0,4.89,1641,0.0,4.892857142857143,2.0,0,,7.775198533736286,f,f,1,1,0,0,0,0,0,0,0,0,0,0,70.0
4,1.0,1.0,1.0,2,365,5,5.0,454,9.0,4.885714285714285,4.0,10,2.0,0.66719852637924,f,t,1,0,0,0,0,0,0,0,0,0,0,0,235.0
2,1.0,1.0,1.0,2,30,1,5.0,2214,32.0,5.0,2.0,2,1.0,5.388501020982273,f,f,1,1,0,0,0,0,0,0,0,0,0,0,152.0
8,4.0,4.0,4.0,2,365,4,5.0,46,8.0,4.964285714285714,32.0,8,2.0,7.522686323681508,f,f,0,1,0,0,0,0,0,0,0,0,0,0,370.0
4,1.0,1.0,2.0,2,365,3,5.0,3275,20.0,4.905714285714287,4.0,6,2.0,0.9281681386924201,f,f,1,1,0,0,0,0,0,0,0,0,0,0,299.0
4,2.0,2.0,2.0,1,365,0,4.89,708,0.0,4.892857142857143,8.0,0,,0.9004783513540392,f,t,1,1,0,0,0,0,0,0,0,0,0,0,476.0
14,5.5,6.0,8.0,2,365,3,4.67,77,16.0,4.857142857142857,84.0,6,2.0,7.427898652115552,f,t,1,1,0,0,0,0,0,0,0,0,0,0,348.0
4,1.0,1.0,2.0,2,365,5,5.0,3147,11.0,4.942857142857143,4.0,10,2.0,4.536103078808821,f,f,1,1,0,0,0,0,0,0,0,0,0,0,146.0
6,2.0,3.0,3.0,1,365,1,5.0,1999,16.0,5.0,18.0,1,2.0,4.384179046395433,t,f,1,0,0,0,0,0,0,0,0,0,0,0,398.0
2,1.0,0.0,1.0,1,365,0,4.89,913,0.0,4.892857142857143,0.0,0,,3.9852779607592304,f,t,0,1,0,0,0,0,0,0,0,0,0,0,66.0
6,2.0,4.0,1.0,1,365,4,4.5,1636,18.0,4.857142857142857,24.0,4,2.0,1.0523520090202452,f,t,1,1,0,0,0,0,0,0,0,0,0,0,313.0
6,1.0,2.0,3.0,3,365,3,5.0,44,19.0,5.0,12.0,9,2.0,3.411335908986881,f,f,1,1,0,0,0,0,0,0,0,0,0,0,266.0
1,1.0,1.0,2.0,90,365,0,4.89,3444,0.0,4.892857142857143,1.0,0,,4.410739581104549,f,f,1,1,0,0,0,0,0,0,0,0,0,0,84.0
4,1.0,2.0,2.0,1,14,6,4.83,70,7.0,4.784285714285715,8.0,6,2.0,5.86146412201577,f,t,1,1,0,0,0,0,0,0,0,0,0,0,185.0
2,1.0,1.0,1.0,90,181,0,4.89,3115,0.0,4.892857142857143,2.0,0,,1.074350722582125,f,f,1,1,0,0,0,0,0,0,0,0,0,0,147.0
6,1.0,2.0,3.0,2,365,0,4.89,3931,0.0,4.892857142857143,12.0,0,,5.7845510090034535,t,t,1,1,0,0,0,0,0,0,0,0,0,0,299.0
2,1.0,1.0,1.0,90,365,0,4.89,3468,0.0,4.892857142857143,2.0,0,,3.104599729927687,f,f,1,1,0,0,0,0,0,0,0,0,0,0,118.0
10,3.0,5.0,5.0,2,365,5,5.0,2387,5.0,4.885714285714286,50.0,10,2.0,5.15712841223117,f,t,1,1,0,0,0,0,0,0,0,0,0,0,506.0
2,1.0,1.0,1.0,1,365,2,5.0,279,28.0,4.642857142857143,2.0,2,1.0,4.164791415892823,,t,1,1,0,0,0,0,0,0,0,0,0,0,163.0
5,1.0,2.0,3.0,90,365,0,4.89,307,0.0,4.892857142857143,10.0,0,,1.2051951610673277,t,t,1,1,0,0,0,0,0,0,0,0,0,0,437.0
3,1.0,2.0,2.0,2,30,0,4.89,41,0.0,4.892857142857143,6.0,0,,3.514172499408342,f,f,1,0,0,0,0,0,0,0,0,0,0,0,162.0
5,1.0,2.0,3.0,1,365,3,4.33,1953,38.0,4.667142857142857,10.0,3,1.0,7.108099838825267,f,t,1,1,0,0,0,0,0,0,0,0,0,0,348.0
6,2.0,2.0,3.0,2,90,0,4.89,4050,0.0,4.892857142857143,12.0,0,,1.0519636621500987,t,t,1,1,0,0,0,0,0,0,0,0,0,0,314.0
2,1.0,1.0,1.0,90,365,0,4.89,2387,0.0,4.892857142857143,2.0,0,,6.338257053813387,f,t,1,1,0,0,0,0,0,0,0,0,0,0,118.0
4,1.0,2.0,2.0,1,365,0,4.89,1953,0.0,4.892857142857143,8.0,0,,7.108099838825267,f,t,1,1,0,0,0,0,0,0,0,0,0,0,246.0
8,1.0,3.0,3.0,2,90,10,4.3,400,8.0,4.6000000000000005,24.0,20,2.0,5.292470412387104,f,t,1,1,0,0,0,0,0,0,0,0,0,0,170.0
6,2.5,3.0,2.0,2,30,0,4.89,49,0.0,4.892857142857143,18.0,0,,3.4496429688182864,f,f,1,1,0,0,0,0,0,0,0,0,0,0,447.0
3,1.0,1.0,2.0,2,365,7,4.71,41,23.0,4.715714285714285,3.0,14,2.0,1.5537062830246369,f,t,1,1,0,0,0,0,0,0,0,0,0,0,296.0
4,1.0,2.0,2.0,90,365,2,5.0,2591,25.0,4.857142857142857,8.0,180,1.0,6.910992107408942,f,t,1,1,0,0,0,0,0,0,0,0,0,0,180.0
2,1.0,1.0,1.0,3,365,4,5.0,3666,15.0,5.0,2.0,12,2.0,0.3919782787313048,f,t,1,1,0,0,0,0,0,0,0,0,0,0,219.0
4,2.0,2.0,2.0,1,1125,5,5.0,39,5.0,4.942857142857143,8.0,5,2.0,5.942297735793174,f,t,1,1,0,0,0,0,0,0,0,0,0,0,185.0
16,6.5,6.0,9.0,2,365,3,4.33,3456,6.0,4.237142857142857,96.0,6,2.0,5.8182653216050975,f,t,1,1,0,0,0,0,0,0,0,0,0,0,673.0
4,1.0,1.0,2.0,2,365,2,5.0,3184,10.0,5.0,4.0,4,2.0,1.1070343496892694,f,f,1,1,0,0,0,0,0,0,0,0,0,0,280.0
4,1.0,2.0,2.0,1,14,0,4.89,38,0.0,4.892857142857143,8.0,0,,4.361172381359422,f,f,1,0,0,0,0,0,0,0,0,0,0,0,280.0
5,2.0,2.0,3.0,90,365,0,4.89,5566,0.0,4.892857142857143,10.0,0,,3.3412363918072026,t,f,1,1,0,0,0,0,0,0,0,0,0,0,250.0
3,1.0,1.0,1.0,90,150,1,5.0,125,30.0,4.857142857142857,3.0,90,1.0,1.0933874492286886,f,t,1,1,0,0,0,0,0,0,0,0,0,0,163.0
2,1.5,1.0,1.0,90,365,0,4.89,1304,0.0,4.892857142857143,2.0,0,,6.91002676590575,f,t,0,0,0,0,0,0,0,0,0,0,0,0,50.0
2,1.0,1.0,1.0,90,365,0,4.89,1304,0.0,4.892857142857143,2.0,0,,7.461837366112094,f,t,0,0,0,0,0,0,0,0,0,0,0,0,48.0
6,2.0,2.0,2.0,90,240,1,1.0,348,29.0,1.0,12.0,90,1.0,2.0868925740531954,f,t,1,1,0,0,0,0,0,0,0,0,0,0,271.0
6,2.0,2.0,3.0,90,150,4,5.0,36,29.0,4.714285714285714,12.0,360,1.0,0.912335834862906,f,t,1,1,0,0,0,0,0,0,0,0,0,0,351.0
5,2.0,2.0,2.0,1,365,4,5.0,269,29.0,4.821428571428571,10.0,4,1.0,0.5292698548779882,t,t,1,1,0,0,0,0,0,0,0,0,0,0,321.0
6,2.0,2.0,3.0,1,90,3,5.0,35,5.0,5.0,12.0,3,2.0,1.0094565588940672,f,t,1,0,0,0,0,0,0,0,0,0,0,0,251.0
8,2.0,3.0,4.0,90,180,0,4.89,70,0.0,4.892857142857143,24.0,0,,6.674601475246336,f,t,0,1,0,0,0,0,0,0,0,0,0,0,99.0
9,1.0,3.0,4.0,1,365,0,4.89,2053,0.0,4.892857142857143,27.0,0,,8.498052064737744,f,t,1,1,0,0,0,0,0,0,0,0,0,0,310.0
12,3.0,4.0,6.0,1,365,0,4.89,1953,0.0,4.892857142857143,48.0,0,,7.5551784777620705,f,t,1,1,0,0,0,0,0,0,0,0,0,0,331.0
2,1.0,1.0,1.0,3,365,1,3.0,916,23.0,3.142857142857143,2.0,3,2.0,0.28590816227309074,f,t,1,1,0,0,0,0,0,0,0,0,0,0,176.0
2,1.0,1.0,1.0,3,365,3,5.0,916,17.0,5.0,2.0,9,2.0,0.4529200859300403,f,t,1,1,0,0,0,0,0,0,0,0,0,0,310.0
4,2.0,2.0,2.0,3,365,3,5.0,4724,6.0,4.952857142857143,8.0,9,2.0,0.9281681386924201,t,t,1,1,0,0,0,0,0,0,0,0,0,0,308.0
2,1.0,1.0,1.0,90,365,0,4.89,1953,0.0,4.892857142857143,2.0,0,,7.5551784777620705,f,t,1,1,0,0,0,0,0,0,0,0,0,0,72.0
5,1.0,2.0,2.0,90,150,2,4.5,33,23.0,4.785714285714286,10.0,180,2.0,0.42048522801420124,f,t,1,1,0,0,0,0,0,0,0,0,0,0,180.0
3,1.0,1.0,1.0,90,150,2,2.5,200,18.0,3.4285714285714284,3.0,180,2.0,1.0933874492286886,f,t,1,1,0,0,0,0,0,0,0,0,0,0,209.0
4,1.0,1.0,2.0,90,365,0,4.89,1953,0.0,4.892857142857143,4.0,0,,7.5551784777620705,f,t,1,1,0,0,0,0,0,0,0,0,0,0,285.0
4,1.0,1.0,2.0,90,365,1,5.0,1953,36.0,5.0,4.0,90,1.0,7.5551784777620705,f,t,1,1,0,0,0,0,0,0,0,0,0,0,287.0
2,1.0,1.0,1.0,90,365,1,5.0,1953,25.0,5.0,2.0,90,1.0,7.5551784777620705,f,t,1,1,0,0,0,0,0,0,0,0,0,0,56.0
7,2.0,3.0,4.0,90,365,1,5.0,1953,24.0,4.571428571428571,21.0,90,1.0,7.5551784777620705,f,t,1,1,0,0,0,0,0,0,0,0,0,0,328.0
4,2.5,2.0,3.0,90,365,0,4.89,2387,0.0,4.892857142857143,8.0,0,,1.9125634928984987,f,t,1,1,0,0,0,0,0,0,0,0,0,0,73.0
4,1.0,2.0,2.0,1,365,0,4.89,328,0.0,4.892857142857143,8.0,0,,5.850021730915295,t,t,1,1,0,0,0,0,0,0,0,0,0,0,186.0
2,1.0,1.0,1.0,90,200,0,4.89,3908,0.0,4.892857142857143,2.0,0,,5.4125243763993565,f,f,1,1,0,0,0,0,0,0,0,0,0,0,121.0
2,1.0,1.0,1.0,1,365,1,5.0,3553,8.0,5.0,2.0,1,2.0,8.313642617791666,f,f,0,1,0,0,0,0,0,0,0,0,0,0,78.0
6,2.0,2.0,3.0,2,365,5,4.6,32,9.0,4.742857142857142,12.0,10,2.0,0.8612663849599624,f,f,1,0,0,0,0,0,0,0,0,0,0,0,386.0
4,1.0,2.0,3.0,2,365,0,4.89,783,0.0,4.892857142857143,8.0,0,,2.9639330281088143,f,f,1,0,0,0,0,0,0,0,0,0,0,0,314.0
3,1.0,1.0,2.0,1,365,0,4.89,315,0.0,4.892857142857143,3.0,0,,8.208761703108918,f,t,1,1,0,0,0,0,0,0,0,0,0,0,140.0
6,2.0,2.0,4.0,90,365,0,4.89,33,0.0,4.892857142857143,12.0,0,,1.044171260035876,f,t,1,1,0,0,0,0,0,0,0,0,0,0,432.0
6,2.0,3.0,4.0,1,28,7,5.0,2283,5.0,5.0,18.0,7,2.0,1.0516880441396799,t,t,1,1,0,0,0,0,0,0,0,0,0,0,330.0
8,3.5,4.0,4.0,1,29,1,5.0,3329,30.0,5.0,32.0,1,1.0,4.591811281501384,,t,1,1,0,0,0,0,0,0,0,0,0,0,787.0
8,3.0,4.0,4.0,1,365,0,4.89,2816,0.0,4.892857142857143,32.0,0,,6.263336236615751,f,t,1,0,0,0,0,0,0,0,0,0,0,0,331.0
2,1.0,1.0,1.0,3,365,0,4.89,1057,0.0,4.892857142857143,2.0,0,,5.977701347401555,t,f,1,1,0,0,0,0,0,0,0,0,0,0,87.0
5,1.0,2.0,3.0,2,28,1,5.0,4109,8.0,5.0,10.0,2,2.0,7.922732776610314,,f,1,1,0,0,0,0,0,0,0,0,0,0,147.0
6,2.0,3.0,3.0,2,365,2,3.5,2387,9.0,4.0,18.0,4,2.0,6.711585813567436,f,t,1,1,0,0,0,0,0,0,0,0,0,0,440.0
14,4.0,8.0,9.0,2,365,2,5.0,32,18.0,5.0,112.0,4,2.0,5.915175331393036,f,f,1,1,0,0,0,0,0,0,0,0,0,0,723.0
6,2.0,2.0,3.0,2,120,4,4.25,2122,4.0,4.428571428571429,12.0,8,2.0,1.0927702211019341,f,t,1,1,0,0,0,0,0,0,0,0,0,0,364.0
5,1.5,2.0,3.0,2,28,5,5.0,1965,9.0,4.971428571428571,10.0,10,2.0,6.048292073530135,f,f,1,1,0,0,0,0,0,0,0,0,0,0,188.0
4,2.0,2.0,2.0,90,365,0,4.89,530,0.0,4.892857142857143,8.0,0,,0.5626135465806392,f,f,1,1,0,0,0,0,0,0,0,0,0,0,90.0
4,1.0,1.0,2.0,1,30,3,5.0,5030,24.0,5.0,4.0,3,1.0,3.385853226989025,f,f,1,1,0,0,0,0,0,0,0,0,0,0,149.0
4,1.5,2.0,3.0,2,90,3,4.67,27,21.0,4.811428571428571,8.0,6,2.0,6.083367538898624,f,t,1,1,0,0,0,0,0,0,0,0,0,0,258.0
2,1.0,1.0,1.0,90,365,0,4.89,4187,0.0,4.892857142857143,2.0,0,,3.3877131095309183,f,f,1,1,0,0,0,0,0,0,0,0,0,0,41.0
7,2.0,2.0,2.0,90,150,0,4.89,27,0.0,4.892857142857143,14.0,0,,0.9195824427409857,f,t,1,1,0,0,0,0,0,0,0,0,0,0,294.0
2,1.0,1.0,1.0,90,365,0,4.89,730,0.0,4.892857142857143,2.0,0,,6.839204060991545,f,t,1,1,0,0,0,0,0,0,0,0,0,0,45.0
4,1.0,2.0,2.0,90,365,0,4.89,2387,0.0,4.892857142857143,8.0,0,,1.5143546825851384,f,t,1,1,0,0,0,0,0,0,0,0,0,0,57.0
4,2.0,2.0,2.0,2,365,3,5.0,27,16.0,4.8100000000000005,8.0,6,2.0,1.08541129502694,f,t,1,1,0,0,0,0,0,0,0,0,0,0,296.0
6,2.0,3.0,3.0,1,365,4,5.0,696,10.0,5.0,18.0,4,2.0,0.48512932131408415,f,t,1,1,0,0,0,0,0,0,0,0,0,0,419.0
6,3.0,3.0,3.0,2,365,1,5.0,1081,16.0,5.0,18.0,2,2.0,8.373968462173309,f,f,1,1,0,0,0,0,0,0,0,0,0,0,264.0
2,1.0,1.0,1.0,90,365,0,4.89,276,0.0,4.892857142857143,2.0,0,,7.508033949639102,f,t,1,1,0,0,0,0,0,0,0,0,0,0,71.0
4,1.0,2.0,3.0,1,90,11,5.0,28,4.0,4.961428571428572,8.0,11,2.0,1.0124677636212935,f,t,1,0,0,0,0,0,0,0,0,0,0,0,326.0
2,1.0,1.0,1.0,180,365,0,4.89,3220,0.0,4.892857142857143,2.0,0,,0.2804389533914053,f,f,1,0,0,0,0,0,0,0,0,0,0,0,243.0
4,2.0,2.0,2.0,1,60,6,4.83,1535,6.0,4.832857142857143,8.0,6,2.0,0.9281681386924201,f,f,1,1,0,0,0,0,0,0,0,0,0,0,393.0
3,1.0,1.0,1.0,1,365,9,5.0,26,5.0,4.952857142857143,3.0,9,2.0,1.0279261277691047,f,f,1,1,0,0,0,0,0,0,0,0,0,0,207.0
12,3.0,6.0,6.0,1,365,0,4.89,136,0.0,4.892857142857143,72.0,0,,6.3779107863131665,f,f,1,1,0,0,0,0,0,0,0,0,0,0,612.0
6,2.0,3.0,4.0,2,150,2,5.0,2248,25.0,5.0,18.0,4,1.0,1.1543423579710432,f,t,1,1,0,0,0,0,0,0,0,0,0,0,201.0
16,8.0,7.0,8.0,90,365,0,4.89,1354,0.0,4.892857142857143,112.0,0,,3.8506606933177028,,f,1,1,0,0,0,0,0,0,0,0,0,0,2000.0
11,3.0,5.0,6.0,90,365,0,4.89,1953,0.0,4.892857142857143,55.0,0,,6.996798443401121,f,t,1,1,0,0,0,0,0,0,0,0,0,0,533.0
4,1.0,2.0,3.0,2,100,0,4.89,350,0.0,4.892857142857143,8.0,0,,0.8063309306809457,t,f,1,1,0,0,0,0,0,0,0,0,0,0,197.0
6,2.5,2.0,3.0,90,365,0,4.89,937,0.0,4.892857142857143,12.0,0,,1.5927051076260375,f,t,1,1,0,0,0,0,0,0,0,0,0,0,229.0
10,2.0,5.0,5.0,90,365,0,4.89,1953,0.0,4.892857142857143,50.0,0,,6.996798443401121,f,t,1,1,0,0,0,0,0,0,0,0,0,0,384.0
6,1.0,2.0,3.0,1,365,1,5.0,23,12.0,5.0,12.0,1,2.0,0.5449797974159387,f,f,1,0,0,0,0,0,0,0,0,0,0,0,264.0
2,1.0,1.0,1.0,2,28,2,5.0,23,22.0,4.928571428571429,2.0,4,2.0,6.1832962723694145,f,f,1,1,0,0,0,0,0,0,0,0,0,0,133.0
4,1.0,2.0,2.0,1,90,0,4.89,1823,0.0,4.892857142857143,8.0,0,,5.458854342399137,f,t,1,1,0,0,0,0,0,0,0,0,0,0,217.0
8,2.0,3.0,4.0,90,365,2,3.0,1413,28.0,4.214285714285714,24.0,180,1.0,7.612158646435353,f,t,1,1,0,0,0,0,0,0,0,0,0,0,283.0
2,1.0,1.0,1.0,1,30,4,5.0,2096,23.0,4.964285714285714,2.0,4,2.0,7.3159301334256055,f,f,1,1,0,0,0,0,0,0,0,0,0,0,117.0
6,2.0,2.0,2.0,1,365,1,4.0,1354,24.0,4.285714285714286,12.0,1,1.0,7.254028319448809,,t,1,1,0,0,0,0,0,0,0,0,0,0,212.0
3,1.0,1.0,2.0,2,31,6,4.67,3160,6.0,4.761428571428572,3.0,12,2.0,5.117752895326042,f,f,1,0,0,0,0,0,0,0,0,0,0,0,106.0
2,1.0,1.0,1.0,1,365,1,5.0,797,30.0,5.0,2.0,1,1.0,6.789160414889619,f,t,1,1,0,0,0,0,0,0,0,0,0,0,148.0
8,2.0,3.0,3.0,2,80,0,4.89,20,0.0,4.892857142857143,24.0,0,,9.04979016603087,f,f,0,0,0,0,0,0,0,0,0,0,0,0,229.0
4,1.0,1.0,2.0,2,365,0,4.89,2868,0.0,4.892857142857143,4.0,0,,2.189151677137218,f,f,1,1,0,0,0,0,0,0,0,0,0,0,231.0
2,1.0,1.0,1.0,90,365,0,4.89,276,0.0,4.892857142857143,2.0,0,,7.098873657947776,f,t,1,1,0,0,0,0,0,0,0,0,0,0,40.0
6,2.0,3.0,3.0,1,365,1,4.0,2643,16.0,4.571428571428571,18.0,1,2.0,7.494821730434657,f,f,1,1,0,0,0,0,0,0,0,0,0,0,228.0
4,1.0,2.0,3.0,1,365,1,5.0,2052,9.0,5.0,8.0,1,2.0,9.041005001501807,t,f,1,1,0,0,0,0,0,0,0,0,0,0,172.0
4,1.0,1.0,2.0,1,365,1,5.0,18,19.0,5.0,4.0,1,2.0,0.4508895338505372,f,f,1,0,0,0,0,0,0,0,0,0,0,0,315.0
6,1.0,2.0,3.0,1,365,0,4.89,18,0.0,4.892857142857143,12.0,0,,0.4958365816750707,f,f,1,1,0,0,0,0,0,0,0,0,0,0,264.0
2,1.0,1.0,1.0,2,365,1,5.0,1081,9.0,4.857142857142857,2.0,2,2.0,8.447025393631556,f,f,1,1,0,0,0,0,0,0,0,0,0,0,137.0
10,4.0,5.0,5.0,2,365,0,4.89,2387,0.0,4.892857142857143,50.0,0,,8.419860403141742,f,t,1,1,0,0,0,0,0,0,0,0,0,0,475.0
4,1.0,2.0,2.0,2,365,0,4.89,2387,0.0,4.892857142857143,8.0,0,,4.830600331668082,f,t,1,1,0,0,0,0,0,0,0,0,0,0,392.0
2,1.0,1.0,1.0,1,365,0,4.89,909,0.0,4.892857142857143,2.0,0,,1.968166785136336,t,t,1,1,0,0,0,0,0,0,0,0,0,0,225.0
2,1.0,1.0,1.0,90,365,0,4.89,2224,0.0,4.892857142857143,2.0,0,,4.099264410311126,f,f,1,1,0,0,0,0,0,0,0,0,0,0,81.0
2,1.0,1.0,1.0,90,180,0,4.89,47,0.0,4.892857142857143,2.0,0,,0.6493966261827263,f,t,1,1,0,0,0,0,0,0,0,0,0,0,113.0
4,2.0,2.0,2.0,90,365,0,4.89,5782,0.0,4.892857142857143,8.0,0,,0.32604407747837116,f,f,1,1,0,0,0,0,0,0,0,0,0,0,376.0
4,1.0,2.0,2.0,1,89,4,5.0,18,4.0,5.0,8.0,4,2.0,4.1402924060751864,f,t,1,1,0,0,0,0,0,0,0,0,0,0,176.0
2,1.0,1.0,1.0,1,7,0,4.89,776,0.0,4.892857142857143,2.0,0,,5.357860686032691,f,f,1,1,0,0,0,0,0,0,0,0,0,0,154.0
10,3.5,5.0,5.0,2,90,0,4.89,3708,0.0,4.892857142857143,50.0,0,,5.966157698901957,f,f,1,1,0,0,0,0,0,0,0,0,0,0,531.0
2,1.0,1.0,1.0,1,365,0,4.89,15,0.0,4.892857142857143,2.0,0,,4.008618307787702,f,f,1,1,0,0,0,0,0,0,0,0,0,0,447.0
2,1.0,1.0,1.0,1,365,0,4.89,15,0.0,4.892857142857143,2.0,0,,3.9880808634535216,f,f,1,1,0,0,0,0,0,0,0,0,0,0,393.0
2,1.0,1.0,1.0,1,365,0,4.89,15,0.0,4.892857142857143,2.0,0,,4.019353948281146,f,f,1,1,0,0,0,0,0,0,0,0,0,0,328.0
2,1.0,1.0,1.0,1,365,0,4.89,15,0.0,4.892857142857143,2.0,0,,3.939216473929627,f,f,1,1,0,0,0,0,0,0,0,0,0,0,328.0
2,1.0,1.0,1.0,1,365,0,4.89,15,0.0,4.892857142857143,2.0,0,,3.92468177736951,f,f,1,1,0,0,0,0,0,0,0,0,0,0,328.0
2,1.0,1.0,1.0,1,365,1,5.0,1081,10.0,4.714285714285714,2.0,1,2.0,8.398310447712232,f,t,1,1,0,0,0,0,0,0,0,0,0,0,167.0
8,3.0,4.0,4.0,4,14,0,4.89,3994,0.0,4.892857142857143,32.0,0,,5.416099221993094,f,f,1,0,0,0,0,0,0,0,0,0,0,0,450.0
2,1.0,1.0,2.0,1,365,0,4.89,695,0.0,4.892857142857143,2.0,0,,6.03411735962131,t,t,1,1,0,0,0,0,0,0,0,0,0,0,286.0
6,2.5,3.0,3.0,2,365,1,5.0,13,8.0,5.0,18.0,2,2.0,5.56218030037241,f,f,1,1,0,0,0,0,0,0,0,0,0,0,326.0
2,2.0,1.0,1.0,1,20,4,4.75,1069,5.0,4.87,2.0,4,2.0,2.3087326671278077,f,t,1,1,0,0,0,0,0,0,0,0,0,0,70.0
2,1.0,1.0,1.0,1,365,0,4.89,695,0.0,4.892857142857143,2.0,0,,5.919781452086559,t,t,1,1,0,0,0,0,0,0,0,0,0,0,66.0
4,2.5,2.0,2.0,90,365,0,4.89,2387,0.0,4.892857142857143,8.0,0,,0.5362947728137872,f,t,1,1,0,0,0,0,0,0,0,0,0,0,47.0
2,1.0,1.0,1.0,1,1125,7,5.0,3477,4.0,5.0,2.0,7,2.0,7.76354804993723,f,t,1,1,0,0,0,0,0,0,0,0,0,0,120.0
10,1.0,2.0,2.0,1,365,2,5.0,47,4.0,5.0,20.0,2,2.0,0.32618127795013924,f,t,0,1,0,0,0,0,0,0,0,0,0,0,249.0
10,1.0,2.0,2.0,1,365,0,4.89,47,0.0,4.892857142857143,20.0,0,,0.3690396964404846,f,t,0,1,0,0,0,0,0,0,0,0,0,0,235.0
2,1.0,1.0,1.0,2,28,1,4.0,711,22.0,4.0,2.0,2,2.0,5.462704133597598,f,f,1,1,0,0,0,0,0,0,0,0,0,0,62.0
5,1.0,1.0,3.0,1,365,1,5.0,12,15.0,5.0,5.0,1,2.0,0.278528657808335,f,t,1,1,0,0,0,0,0,0,0,0,0,0,253.0
4,1.0,2.0,2.0,3,90,1,5.0,2224,16.0,5.0,8.0,3,2.0,7.814958214387882,f,f,1,1,0,0,0,0,0,0,0,0,0,0,114.0
4,1.0,2.0,4.0,2,30,0,4.89,26,0.0,4.892857142857143,8.0,0,,0.4453590888525512,f,t,0,0,0,0,0,0,0,0,0,0,0,0,431.0
4,2.0,2.0,2.0,4,60,0,4.89,4479,0.0,4.892857142857143,8.0,0,,1.1203291488984746,f,f,1,1,0,0,0,0,0,0,0,0,0,0,332.0
4,1.0,2.0,2.0,2,365,1,5.0,3470,9.0,5.0,8.0,2,2.0,0.39910177990062645,t,f,1,1,0,0,0,0,0,0,0,0,0,0,385.0
4,2.0,2.0,2.0,1,365,1,5.0,10,6.0,4.428571428571429,8.0,1,2.0,7.7713958123893985,f,t,0,1,0,0,0,0,0,0,0,0,0,0,502.0
8,1.5,2.0,3.0,1,365,0,4.89,389,0.0,4.892857142857143,16.0,0,,6.098029660964021,f,t,1,1,0,0,0,0,0,0,0,0,0,0,746.0
2,1.0,1.0,1.0,90,365,0,4.89,730,0.0,4.892857142857143,2.0,0,,6.310203463336994,f,t,1,1,0,0,0,0,0,0,0,0,0,0,36.0
10,2.5,5.0,6.0,2,28,0,4.89,3249,0.0,4.892857142857143,50.0,0,,7.6904211301765395,,f,1,0,0,0,0,0,0,0,0,0,0,0,1352.0
10,2.5,3.0,5.0,1,365,0,4.89,10,0.0,4.892857142857143,30.0,0,,4.804806836102668,f,f,1,1,0,0,0,0,0,0,0,0,0,0,394.0
4,1.0,1.0,2.0,1,365,0,4.89,18,0.0,4.892857142857143,4.0,0,,0.45165112816028147,f,f,0,1,0,0,0,0,0,0,0,0,0,0,460.0
4,1.0,1.0,2.0,1,28,1,5.0,3896,16.0,5.0,4.0,1,2.0,1.028749317032051,t,t,1,1,0,0,0,0,0,0,0,0,0,0,1036.0
3,0.0,1.0,2.0,1,365,0,4.89,190,0.0,4.892857142857143,3.0,0,,2.2033263105548806,f,t,1,1,0,0,0,0,0,0,0,0,0,0,109.0
3,1.0,2.0,2.0,91,120,0,4.89,4510,0.0,4.892857142857143,6.0,0,,4.889287821907105,f,t,1,1,0,0,0,0,0,0,0,0,0,0,181.0
6,1.5,3.0,5.0,1,365,3,5.0,1060,4.0,4.952857142857143,18.0,3,2.0,9.161419538691039,f,t,1,0,0,0,0,0,0,0,0,0,0,0,269.0
2,1.0,1.0,1.0,90,365,0,4.89,637,0.0,4.892857142857143,2.0,0,,0.626198341285517,f,f,1,1,0,0,0,0,0,0,0,0,0,0,108.0
2,1.0,1.0,1.0,90,120,0,4.89,3763,0.0,4.892857142857143,2.0,0,,1.1776839899079226,f,f,1,1,0,0,0,0,0,0,0,0,0,0,141.0
2,1.0,1.0,1.0,1,365,0,4.89,7,0.0,4.892857142857143,2.0,0,,7.385166366016672,f,f,1,1,0,0,0,0,0,0,0,0,0,0,96.0
1,2.0,1.0,1.0,90,90,0,4.89,1405,0.0,4.892857142857143,1.0,0,,8.331780058452269,f,f,1,1,0,0,0,0,0,0,0,0,0,0,57.0
4,1.0,0.0,2.0,1,365,0,4.89,3356,0.0,4.892857142857143,0.0,0,,1.2439455484216255,f,f,1,1,0,0,0,0,0,0,0,0,0,0,265.0
8,4.0,4.0,0.0,2,29,0,4.89,12,0.0,4.892857142857143,32.0,0,,7.589381587085723,f,f,1,1,0,0,0,0,0,0,0,0,0,0,304.0
6,2.0,2.0,3.0,3,365,1,5.0,6,8.0,5.0,12.0,3,2.0,1.0239289275272963,f,t,1,1,0,0,0,0,0,0,0,0,0,0,270.0
4,1.0,2.0,2.0,1,365,0,4.89,1953,0.0,4.892857142857143,8.0,0,,7.071051677330946,f,t,1,1,0,0,0,0,0,0,0,0,0,0,286.0
3,1.0,1.0,1.0,90,365,0,4.89,5782,0.0,4.892857142857143,3.0,0,,0.9171852108175637,f,t,1,1,0,0,0,0,0,0,0,0,0,0,184.0
2,1.5,1.0,1.0,1,365,0,4.89,49,0.0,4.892857142857143,2.0,0,,3.531493703837471,f,f,1,1,0,0,0,0,0,0,0,0,0,0,239.0
4,2.0,2.0,2.0,90,365,0,4.89,2387,0.0,4.892857142857143,8.0,0,,0.6020539482509606,f,t,1,1,0,0,0,0,0,0,0,0,0,0,345.0
3,1.0,1.0,1.0,1,365,0,4.89,190,0.0,4.892857142857143,3.0,0,,2.2763425865722633,f,t,1,1,0,0,0,0,0,0,0,0,0,0,122.0
5,2.0,1.0,1.0,1,365,0,4.89,190,0.0,4.892857142857143,5.0,0,,7.263007408123156,f,t,1,1,0,0,0,0,0,0,0,0,0,0,107.0
4,2.0,2.0,2.0,2,365,0,4.89,1322,0.0,4.892857142857143,8.0,0,,7.847092499014618,f,f,1,1,0,0,0,0,0,0,0,0,0,0,248.0
6,1.0,3.0,4.0,2,365,1,5.0,1060,9.0,5.0,18.0,2,2.0,9.161387686577086,f,t,1,0,0,0,0,0,0,0,0,0,0,0,312.0
4,1.0,2.0,2.0,2,365,0,4.89,13,0.0,4.892857142857143,8.0,0,,5.497634086814948,f,f,1,1,0,0,0,0,0,0,0,0,0,0,160.0
8,2.0,2.0,2.0,1,365,0,4.89,1193,0.0,4.892857142857143,16.0,0,,0.9658996305577634,f,t,1,0,0,0,0,0,0,0,0,0,0,0,705.0
6,2.0,3.0,3.0,90,365,0,4.89,1354,0.0,4.892857142857143,18.0,0,,0.9633747928185897,,f,1,1,0,0,0,0,0,0,0,0,0,0,500.0
6,3.0,3.0,4.0,2,28,0,4.89,3276,0.0,4.892857142857143,18.0,0,,8.724971075968961,f,f,1,1,0,0,0,0,0,0,0,0,0,0,212.0
4,1.0,2.0,2.0,1,30,0,4.89,1823,0.0,4.892857142857143,8.0,0,,6.288785784844022,f,f,1,1,0,0,0,0,0,0,0,0,0,0,299.0
5,1.0,2.0,2.0,2,365,0,4.89,2,0.0,4.892857142857143,10.0,0,,3.4207742101618646,f,f,1,1,0,0,0,0,0,0,0,0,0,0,208.0
2,1.0,1.0,1.0,1,365,0,4.89,1,0.0,4.892857142857143,2.0,0,,0.8196895726503101,f,t,0,1,0,0,0,0,0,0,0,0,0,0,410.0
2,1.0,0.0,1.0,3,365,1,5.0,2831,9.0,5.0,0.0,3,2.0,1.1891178375858413,f,f,1,0,0,0,0,0,0,0,0,0,0,0,285.0
4,1.0,1.0,2.0,2,240,0,4.89,0,0.0,4.892857142857143,4.0,0,,5.429171671454506,f,t,1,1,0,0,0,0,0,0,0,0,0,0,141.0
2,1.0,1.0,2.0,1,365,0,4.89,2530,0.0,4.892857142857143,2.0,0,,6.2574223704295395,f,t,1,1,0,0,0,0,0,0,0,0,0,0,84.0
4,1.0,2.0,2.0,1,365,0,4.89,1953,0.0,4.892857142857143,8.0,0,,9.669285473642331,f,t,1,1,0,0,0,0,0,0,0,0,0,0,349.0
